1 15743
1 5410
2 16701
4 979
7 3000
7 8166
7 9332
7 6964
7 2851
9 18305
9 8102
9 3685
9 3489
9 9893
9 4949
15 3731
16 10951
20 9179
20 17960
20 6655
20 8796
20 8719
20 15966
20 5797
20 17021
20 772
20 2701
21 1330
21 86
21 13378
21 11489
21 9012
21 9057
21 8064
21 10986
21 2616
21 11424
21 5358
21 14389
21 5877
21 14121
22 10044
22 5885
27 7626
27 716
27 2193
27 9166
27 3146
27 10000
28 232
28 4801
28 1269
28 7432
28 13514
28 5629
28 4320
28 5623
30 7855
31 14711
31 6380
33 12602
33 7871
35 3037
41 4515
41 15208
42 16975
42 6360
44 10934
47 12381
50 10177
50 9198
50 10368
50 11880
50 1074
50 12062
50 8447
50 2455
50 5778
50 12574
52 6964
54 6775
55 1404
55 14801
59 16655
60 9523
60 12713
63 6224
63 5850
63 6906
63 8859
63 11917
63 12758
63 4133
67 16579
67 1419
67 13607
67 8936
67 13470
67 5825
69 5685
69 4974
69 7431
69 11548
69 8362
69 17361
69 5057
69 7456
69 17330
69 1888
69 3551
73 1145
73 1907
73 9038
73 16929
73 14475
79 7141
83 13598
83 6163
83 10132
83 372
83 3688
83 2916
83 3176
83 11097
83 12516
83 15966
83 2950
83 1787
83 1735
83 6325
83 11802
83 14110
89 14146
90 6489
95 14675
95 13587
95 1888
95 5057
95 17124
95 4949
95 13410
99 3520
99 11097
99 7747
99 4583
102 2552
102 1619
102 11697
106 343
111 18120
114 9724
119 1311
120 12377
120 10896
120 2188
120 3115
121 16702
121 4918
121 14856
121 7708
121 1490
121 9198
121 17960
121 7871
121 5560
121 11249
121 17651
121 9691
121 12176
121 3979
121 17521
121 5153
121 17736
121 14467
121 152
121 17936
121 14026
121 14569
121 15064
121 2154
121 13434
121 10491
121 191
121 3592
121 6325
121 13340
121 8789
121 6643
121 7720
121 135
121 7127
121 6790
121 5690
121 13066
121 1153
124 13308
124 10612
124 11865
124 12624
124 10331
124 7456
124 1888
125 11674
125 15241
127 4869
132 15506
132 7542
132 6049
136 12201
136 13256
136 8447
139 10088
139 5117
142 6887
142 14126
143 12201
148 3450
148 17521
148 2154
151 10377
155 14680
156 2188
157 15354
157 8830
157 11737
157 9127
160 3455
160 1915
160 10078
161 17465
161 14087
161 520
161 2466
175 2679
179 10723
185 1303
185 12056
185 14263
185 8840
185 1402
185 1886
185 13506
185 12987
185 11552
185 6531
189 16372
191 16744
191 3337
193 7596
193 6261
194 2188
195 15839
196 15713
198 1915
198 3071
201 9843
201 13014
201 4214
201 13340
201 10670
201 15966
201 5217
201 10631
201 4690
201 17172
201 1631
201 902
201 3078
201 13847
201 9194
201 17380
201 12710
201 18114
201 571
201 4056
201 8804
201 4211
201 11342
201 7720
201 18
201 6687
201 3731
201 2770
201 17395
201 12566
201 7578
201 17532
201 12948
201 398
201 6163
201 4907
201 15992
201 3744
201 1857
201 9404
201 468
201 2034
201 20
203 11327
204 12809
205 10524
205 6233
205 6684
205 4573
205 9335
205 6137
205 18297
206 1549
208 5631
210 14539
211 3529
211 1055
211 8819
211 14415
211 1298
211 5377
211 18003
211 7187
211 3559
211 17390
211 823
211 11805
211 16555
211 11655
211 7524
211 7621
211 10512
211 16359
211 12503
211 13377
211 12377
211 8190
211 3900
211 6561
211 3760
211 2571
211 14638
211 5425
211 7911
211 17092
211 11833
211 9811
211 16701
211 16014
211 17468
211 5069
211 9186
211 13121
211 4818
211 9078
211 1816
211 11208
211 10854
213 4085
215 7929
215 8190
215 16701
215 11804
215 17092
215 17310
215 15243
218 1888
218 4085
218 11346
218 1263
218 11548
218 8208
218 938
218 1420
218 8322
218 15720
218 12295
218 18348
218 16482
218 7684
218 11931
218 10944
218 6338
218 12089
218 9952
218 2997
218 1819
218 16463
218 5425
218 9419
218 2789
218 701
218 2496
218 11805
218 3630
218 16555
218 8645
218 7261
218 8386
218 15867
218 15073
218 12573
218 9280
218 2561
218 8190
218 9893
218 9942
218 13613
218 2306
218 17043
218 15747
218 3895
218 5832
218 10587
218 10854
218 3313
218 10824
218 305
218 14809
218 18451
218 12973
219 17090
220 8936
221 14826
221 12242
222 494
222 11325
223 234
223 14841
233 9376
239 5071
240 9310
240 13445
242 5425
242 9158
250 15908
250 4601
250 16872
251 15073
253 5903
257 13719
257 3165
257 4869
257 18256
257 2435
257 4544
257 16558
260 11833
260 8843
261 17390
265 9942
268 2679
273 514
273 7274
274 2980
274 3242
276 3682
280 16517
286 1092
289 2283
293 4011
293 13417
293 2282
293 16493
293 12201
293 10490
294 3630
294 18027
294 9942
299 5613
300 16056
300 2740
300 14729
300 13986
300 17206
300 1616
300 8796
300 14965
300 11895
300 7714
300 2096
300 7998
300 2153
300 12583
300 13090
300 5629
300 5776
300 17865
300 14395
300 13887
300 12602
300 10659
300 4056
300 10476
300 14939
300 13053
300 3120
300 13526
300 716
300 6196
300 12020
300 8561
300 11309
300 12631
300 4583
300 13661
300 16724
300 15202
300 15927
300 15162
300 784
300 8018
300 6790
300 9198
300 6705
300 15150
300 11110
300 9742
300 9868
300 2877
300 4665
300 16276
300 11515
300 10663
300 1882
300 13794
300 1070
300 9865
300 18104
300 4601
300 10184
300 18242
300 3903
300 8790
300 12491
300 4061
300 4172
300 8675
301 1704
303 10820
303 18086
303 8556
307 13700
310 12166
311 12462
311 1638
314 5139
315 8447
317 11833
317 7839
317 6676
317 11312
317 6315
317 3728
317 13308
317 9158
317 4949
317 5607
317 13792
317 11825
317 737
317 6270
317 10301
317 13796
317 10092
317 4970
317 16143
317 9223
317 7456
317 16055
317 8799
317 14631
317 6338
317 2075
317 5751
317 6520
317 5081
317 4533
321 14729
321 2375
321 15452
321 7720
321 5244
321 13074
321 9234
321 5589
330 11488
331 15914
331 124
335 14356
335 16387
338 7822
338 8892
349 9867
349 2468
350 3337
357 5525
357 8799
357 543
357 13775
357 3073
357 16463
357 1156
357 9942
357 7827
357 4949
357 13796
358 529
358 13044
358 9938
358 4640
358 17738
358 16056
359 10408
359 8736
364 11741
364 10790
366 6049
368 17379
369 4170
369 13643
372 3037
372 9017
374 5089
374 6788
378 13366
378 1393
378 4644
386 16014
386 3880
386 6049
386 16383
386 9811
386 5525
386 11346
386 124
386 16701
386 15226
386 701
386 11820
386 7620
386 3
386 9419
386 15068
386 13427
386 15779
386 8980
390 12339
390 7893
390 15409
391 14235
393 13310
394 2506
395 14348
395 1127
395 4590
395 9487
395 17738
395 7271
395 13989
395 17673
395 9281
395 7951
395 10872
395 12351
395 3278
395 8013
395 9310
395 8719
395 9234
399 6815
399 279
399 16375
401 12566
401 12514
404 3731
418 18118
418 10915
418 2959
418 12732
419 9077
419 7922
419 13101
419 7777
419 8096
419 18300
420 979
429 8405
431 11833
437 8102
440 17244
440 13139
443 18451
443 8752
443 5330
443 8217
443 11692
443 11358
443 5045
443 247
445 13868
445 2772
445 14467
447 6329
447 16871
450 15708
450 17937
453 1924
458 17506
458 8386
458 17092
462 3422
462 6028
462 5461
462 3052
469 1246
469 2168
469 446
469 15775
469 8893
469 16205
469 12676
469 16874
469 2691
469 5438
469 1623
469 10184
470 1597
470 15064
470 2538
474 11980
475 10854
476 10312
477 3731
477 17275
482 11280
486 12306
486 17468
486 9668
486 13040
486 16359
486 5139
486 8843
486 6788
486 1994
486 16509
486 7233
489 17009
489 2848
489 13006
489 14801
489 1268
489 3285
489 6159
489 6421
489 7141
489 6371
492 5116
492 2594
492 12951
492 5755
492 15867
492 7368
494 14759
494 15756
497 7720
502 2979
512 9811
514 11912
514 17938
514 398
527 15966
529 15214
529 18114
531 18306
531 1393
535 11739
539 14467
539 2286
540 8530
544 8654
544 7357
553 8821
553 9546
553 8943
553 11432
555 3731
557 14146
558 13757
560 8988
560 17149
560 12602
560 4336
560 15778
560 17738
560 14024
560 8735
560 14938
560 16599
564 5562
564 14880
564 3520
564 10892
564 7578
564 10437
564 9310
564 657
564 9684
564 4116
564 11807
564 6193
564 1213
564 9263
565 7425
566 14052
569 5062
570 13610
570 9957
571 11294
571 13989
572 2389
573 2779
573 18257
573 18306
573 5359
573 17960
573 15939
573 668
573 400
573 10609
573 8556
573 3904
573 8710
573 2468
573 9198
573 4390
573 14886
573 6940
573 3422
574 6049
574 16831
574 15874
574 16461
574 14863
574 396
576 12557
576 4371
576 17901
576 16829
576 11865
576 11479
576 16359
576 6279
576 16611
576 12261
576 4562
576 18161
576 190
576 13609
576 10031
576 1929
577 17495
577 501
581 16007
581 1681
587 3015
587 14797
587 8619
587 10561
588 10953
589 15632
590 3332
592 5277
592 17725
597 6173
600 6002
604 6026
604 7969
608 17711
608 9576
608 2788
610 7430
610 9198
612 8710
613 2657
613 9868
613 10078
613 12905
622 13903
623 2701
623 15660
623 12602
623 6393
626 3431
627 15246
627 13014
627 14367
627 11678
627 7786
628 8346
628 7443
628 4998
628 4085
628 16014
628 4345
628 5474
628 8322
628 10361
628 8081
628 8123
628 15080
628 12331
628 17043
628 6815
637 5803
638 10788
638 3059
638 6431
638 6111
638 9772
638 1888
638 17055
638 11346
638 9811
638 10854
638 13643
638 9942
638 3375
638 4927
638 13104
638 10094
638 4085
638 1350
638 16515
638 2362
638 5705
638 16150
638 6146
638 13905
638 5421
638 8882
638 11805
638 10178
638 11651
638 6315
638 1156
638 16260
638 2997
638 13646
638 11380
638 8676
638 590
638 7029
638 14991
638 11536
638 10497
638 15295
638 329
646 12643
652 9811
654 6360
654 11312
654 2188
654 10854
654 8221
654 679
654 11805
654 13643
654 11346
654 4115
654 3059
654 8799
654 7431
654 6533
654 5944
654 5679
654 6561
654 8190
654 11548
654 6964
654 14537
654 3073
654 2843
654 1888
654 9228
654 701
654 7724
654 16618
654 5501
654 11271
654 5526
654 9953
654 7069
654 989
654 3223
654 9942
654 1032
654 3736
654 1179
654 1819
654 11477
654 5531
654 13796
654 8499
654 7239
654 4949
654 13163
654 8819
654 7150
654 15738
654 10361
654 18075
654 17092
654 17722
654 12377
654 1458
654 1299
654 1842
654 7382
654 1386
654 9158
654 8000
654 11603
654 12919
654 16252
654 4533
654 3364
654 2714
654 6659
654 8217
654 4709
654 10240
654 15781
654 6810
654 1263
654 18113
654 8322
654 9419
654 9952
654 10396
654 5425
654 14444
654 13516
654 9893
654 12972
654 10343
654 13775
654 928
654 17184
654 15747
654 8314
654 4195
654 2851
654 9417
654 2669
654 11741
654 443
654 16701
654 1219
654 14934
654 43
654 12918
654 7388
654 11340
654 3651
654 2741
654 2589
654 14222
654 2031
654 16496
654 8691
654 17278
654 8525
654 4131
654 5488
654 11833
654 15997
654 14813
654 11408
654 18365
654 7414
654 1904
654 17226
654 3313
654 17682
654 8429
654 4058
654 17665
654 11246
654 8752
654 4146
654 450
654 12669
654 5338
654 6473
654 725
654 12624
654 6199
654 2966
654 7963
654 6788
654 11686
654 2098
654 6155
654 14921
654 3009
654 1915
654 11586
654 2009
654 7154
654 7499
654 8231
654 17468
654 17291
654 16393
654 10098
654 6933
654 2555
654 508
654 867
654 17506
654 997
654 2306
654 13006
654 10612
654 4345
654 5832
654 18348
654 15601
654 5550
654 8469
654 10767
654 9508
654 1100
654 12573
654 492
654 9163
654 11098
654 12964
655 15020
655 15936
655 12150
655 8937
655 12918
656 7226
657 13139
661 15409
665 17023
667 17016
669 2154
669 2549
672 4984
673 2996
673 10729
673 15633
673 12533
673 1126
673 9952
675 14060
675 14181
675 9198
675 12223
675 5631
675 2089
675 3440
675 13617
675 4622
675 3850
675 3117
675 4865
675 12602
675 11506
675 13489
675 17141
675 3666
675 1674
675 3921
675 2945
675 11975
675 13887
675 5153
675 17521
675 15122
675 4583
675 8368
675 3076
675 14729
675 12514
675 7519
675 15810
675 6213
675 8009
675 4262
675 17961
675 4738
675 6208
675 17666
675 4222
675 7720
675 11170
675 14343
675 3688
675 17652
675 3078
675 15966
675 12660
675 7747
675 7133
675 3734
675 446
675 7578
675 9426
675 3146
675 17125
675 13256
675 16429
675 8667
675 6268
675 1126
675 16894
675 9868
675 15505
675 3052
675 1735
675 11488
675 5776
675 12378
675 17673
675 3165
675 18210
675 877
675 4211
675 13603
675 9017
675 17744
675 10348
675 6443
675 11763
675 4984
675 1934
675 784
675 7349
675 11327
675 12710
675 9742
675 16502
675 14016
675 12946
675 766
675 15374
675 16663
675 12162
675 10938
675 6641
675 131
675 11837
675 1490
675 7000
676 8556
676 14164
677 7620
677 15719
677 11418
677 3192
677 10331
677 4949
677 3901
677 4085
677 13403
677 8990
677 13389
677 11833
677 11607
677 2402
677 14444
677 2980
684 16352
684 12308
684 16262
684 2440
687 5571
687 14671
687 11488
687 12051
687 9952
687 6240
687 13011
689 18162
689 17031
689 14143
689 806
690 4469
690 18296
690 9223
690 12529
690 13960
690 6888
690 2022
690 809
690 450
690 17052
690 17735
690 14162
701 15316
701 7839
701 11787
701 11447
701 14991
701 223
701 6676
701 10396
701 12306
701 13308
701 15896
701 9905
701 12586
701 14537
701 9506
701 14680
701 1233
701 15243
701 9153
701 3059
701 4571
701 124
701 3341
701 17121
701 4562
701 3737
701 6431
701 17043
701 7456
701 2895
701 2496
706 14729
706 14885
706 15452
708 3987
708 1331
711 8155
712 8208
715 14692
717 16975
718 13775
718 14955
724 13594
725 1331
727 3064
727 12858
728 15713
728 9839
728 770
728 2154
728 15394
728 1657
728 6798
728 403
728 6242
728 1981
728 5836
728 7055
728 3194
728 17338
728 174
728 4097
728 15142
728 3890
728 3177
728 3296
728 2683
728 4713
728 1607
728 1852
728 9354
728 4880
728 9801
728 4683
728 5232
728 17729
728 148
728 14218
728 1153
730 155
730 11900
730 11833
730 10624
730 7620
730 9952
730 465
730 10633
730 508
730 15234
730 305
730 16515
730 5635
731 5907
736 1907
736 6024
736 7650
736 4760
736 5921
736 4860
736 8988
736 772
737 5400
739 7036
741 2538
744 9101
744 14718
744 2057
744 16067
744 7182
744 2379
744 6604
748 7680
748 17845
748 4481
748 10663
748 6964
748 5215
750 11859
750 2055
750 9481
756 6325
757 10288
757 15696
758 5356
764 8766
764 11771
764 11138
764 16991
764 6940
764 18300
764 8710
764 14553
764 13993
764 17278
764 11674
764 1558
764 5451
764 2565
764 5376
764 3908
764 10496
764 4396
764 17939
764 3173
764 5100
764 1322
764 16890
764 8837
764 11118
764 10670
764 15113
764 17950
764 1588
764 10364
764 4242
764 4590
764 6721
764 16938
764 14526
764 9936
764 11741
764 8439
764 7973
764 7967
764 2216
764 12659
764 2875
764 5521
764 13031
764 17004
764 6208
764 14350
764 2945
764 13682
764 17915
764 9030
764 5876
764 18215
764 7820
764 12410
764 835
764 15366
764 14740
764 4864
764 6546
764 7839
764 15714
764 2153
764 2775
764 10609
764 5469
764 16089
764 8438
764 15771
764 4869
764 3132
764 14501
764 7315
764 16861
764 2506
764 3666
764 16386
766 17687
766 1133
766 11976
766 7977
766 10776
767 3364
769 15628
769 5948
769 7047
769 12352
769 14775
769 10835
769 5944
769 4505
769 1422
769 8153
769 11408
769 6948
769 4321
769 15449
769 3313
769 5510
769 5679
769 11312
769 1600
769 12605
769 9664
769 17184
769 5785
769 17842
769 9811
769 10357
769 5343
769 1002
769 12973
769 2231
769 14631
769 17066
769 5081
769 12863
769 3059
769 1166
769 12642
769 7233
769 702
769 9591
769 12331
769 6484
769 18179
769 16496
770 3194
770 6197
770 16292
770 8796
770 8530
770 10078
770 2189
770 17141
770 6798
770 11198
770 2740
770 2683
770 8447
770 17275
770 7349
770 3296
770 121
770 16070
770 17246
770 419
770 2154
770 12937
770 11837
770 14396
770 7720
770 2525
770 4544
770 15966
770 14026
770 9868
770 9511
770 6297
770 14149
770 9567
770 2153
770 5010
770 14263
770 15054
770 4492
770 3177
770 8563
770 4880
770 3450
770 13682
770 17673
770 17677
770 13662
772 8667
774 10089
774 285
776 8311
783 181
783 7747
783 5499
783 2652
788 318
789 2154
789 14786
790 9952
790 3692
790 2496
790 2563
790 701
790 15243
790 12066
790 4404
790 11805
790 17494
790 1913
790 3059
790 15059
790 17588
790 9419
790 14692
790 8123
790 7431
790 8339
790 7990
790 1458
790 2188
790 8322
790 261
790 18111
790 9633
790 13006
790 95
790 4949
790 13737
790 7985
790 10396
790 17339
790 6037
790 262
790 2515
790 12919
790 9153
790 17937
790 11427
790 5425
790 9942
790 13300
790 16749
790 6788
790 16260
790 4913
790 17468
790 8311
790 3432
790 15896
790 11833
790 9811
790 10854
790 8190
790 15470
790 17506
790 9304
790 16014
790 6888
790 17043
790 9956
790 12306
790 15073
790 6825
794 17937
796 823
796 11805
796 891
796 12706
800 9121
801 7476
802 331
802 10601
802 7276
802 6964
802 13082
803 6590
804 7542
804 9942
804 6049
804 18391
804 8819
804 11312
804 891
804 5214
804 10841
804 7431
804 14878
804 17184
804 8846
804 1233
804 12586
804 10612
804 4705
804 11865
804 6676
804 15769
804 10601
804 9811
804 11422
804 15470
804 11843
804 9356
804 6270
804 14360
804 11805
804 5400
804 12717
804 1331
804 15068
804 8190
804 5526
804 17339
804 18046
804 6424
804 6206
804 14019
804 4818
804 1672
804 13602
804 2098
804 4319
804 12738
804 14547
804 16581
808 6520
808 17960
808 14380
808 11980
808 7405
808 14475
810 620
810 8102
810 12738
810 4949
810 11447
815 16773
816 8443
816 3987
816 11408
816 9419
816 3059
816 17990
816 6261
816 5081
816 7620
816 11900
816 11420
816 8429
816 14692
816 262
816 9934
816 6338
816 9804
816 9811
816 17173
816 4283
816 10854
816 8262
816 6848
816 5309
816 15059
816 7421
816 12011
816 317
816 13643
816 5425
816 11580
816 6720
816 16297
816 7106
816 13890
816 4138
816 2923
816 6049
816 3364
816 6841
816 16576
816 14537
816 2190
816 6676
816 1219
816 13759
818 15794
818 4841
822 11778
822 5629
823 12526
829 3015
831 5531
831 4664
831 4818
831 12437
831 4841
835 6268
837 6720
837 12292
840 7104
840 3572
840 12398
840 6049
840 7758
840 7493
840 13535
840 9448
840 17264
840 8155
840 7827
840 7360
840 13948
840 7150
840 18186
840 16530
842 10223
845 13336
846 18468
846 11805
846 5634
851 16319
854 11343
854 16348
858 9949
858 17278
861 8406
861 17666
861 14108
861 15054
863 15240
863 1769
863 16155
866 14716
867 701
867 18379
867 10092
867 18421
867 6841
867 11798
867 11805
867 15316
867 6784
867 6049
867 1179
867 9217
867 4167
867 1236
867 12331
867 10417
867 13643
869 2774
869 9982
875 15491
875 4846
875 3134
875 4536
875 10
875 13591
877 13719
877 4601
879 7740
880 18215
880 3117
880 17527
886 9942
888 11216
891 3511
892 15162
892 2701
893 9419
893 4744
893 10854
896 14146
903 17715
903 10903
903 2651
903 14752
903 1089
903 12382
903 6146
903 701
903 5641
903 11805
903 10399
903 4949
903 5635
910 17336
910 15749
911 11010
913 14950
913 12639
913 8938
914 11467
918 5081
919 12660
919 806
919 7036
920 5046
920 4601
923 17295
924 3731
924 14145
924 16292
924 6208
924 7405
925 2813
927 8801
928 8359
928 13775
930 9711
930 4424
930 5899
935 15978
935 12956
937 13265
940 4390
940 18215
940 12201
942 9868
942 17527
942 3521
942 9545
942 8996
945 6729
945 14424
945 18151
945 8423
946 14759
946 13340
946 9742
948 3677
951 8399
954 14982
958 17832
958 13122
960 3982
962 14358
962 9392
964 5010
964 12660
964 5797
966 14038
966 2529
968 4167
971 17936
971 15713
971 16228
972 17091
975 7939
978 6473
980 12624
980 2461
987 6801
987 14566
987 1340
987 12777
988 4685
988 3082
988 15183
988 374
992 16216
992 9776
996 2356
996 15013
996 3029
996 5826
996 11762
996 16164
1004 4855
1004 8678
1004 7219
1007 5155
1011 11865
1011 11805
1013 2713
1013 17506
1013 867
1013 938
1013 13613
1013 16193
1013 11798
1013 5566
1013 3059
1013 10970
1013 1263
1013 6765
1013 9942
1013 13775
1013 4154
1013 9286
1013 11865
1013 5425
1013 4949
1013 16243
1013 7233
1014 10413
1016 5566
1016 3798
1016 9942
1016 13062
1016 10790
1018 14826
1018 8094
1018 14189
1023 12475
1023 15887
1023 10923
1023 8839
1023 8852
1024 13887
1024 17395
1024 8996
1024 5469
1024 13014
1024 13291
1024 684
1024 7578
1024 15500
1024 13814
1024 885
1024 3992
1024 8435
1024 4769
1024 9843
1024 2468
1024 15315
1024 7406
1024 3521
1024 4690
1024 16387
1024 8739
1024 10737
1024 6799
1025 9198
1025 5101
1026 1561
1026 8056
1030 15988
1030 12189
1033 16922
1033 5631
1033 4241
1033 4214
1033 1148
1033 10483
1033 17137
1033 13014
1033 10666
1033 7406
1033 5153
1033 17834
1035 14548
1035 95
1036 13340
1036 4944
1036 5438
1036 10078
1036 12948
1036 12135
1036 6940
1037 16005
1037 13259
1037 12277
1037 9414
1037 6049
1037 2622
1037 4352
1037 18302
1037 10221
1037 1793
1040 1179
1040 4949
1045 6948
1046 3584
1046 10830
1046 10638
1046 3520
1046 7720
1046 3176
1046 1763
1046 14074
1046 234
1046 13512
1046 18297
1053 17838
1053 9942
1053 1219
1053 3457
1053 17035
1054 1550
1054 5185
1063 12624
1064 4132
1065 5343
1065 6473
1067 7939
1070 10077
1070 10591
1070 5046
1070 3520
1070 18336
1070 17744
1070 4644
1070 15264
1070 5010
1070 15771
1070 10722
1072 2701
1072 4396
1072 17513
1072 4284
1072 9777
1072 8710
1072 5020
1072 3105
1072 4197
1072 14090
1072 10459
1072 9429
1073 6213
1077 4443
1077 5927
1082 14372
1082 14936
1082 15038
1082 3756
1084 17775
1084 4075
1084 4939
1084 7406
1089 18102
1092 12269
1092 6268
1094 6325
1106 4756
1108 17465
1108 5461
1109 2007
1109 16861
1110 10427
1110 2951
1110 4470
1110 9529
1110 6438
1110 5770
1110 3270
1110 15038
1110 7693
1110 5321
1110 12243
1110 9070
1110 9366
1110 15982
1110 1180
1110 10252
1110 6006
1115 4860
1115 7406
1115 7942
1115 4977
1115 15235
1115 13794
1115 7708
1115 1126
1115 1141
1115 10857
1115 6335
1115 18227
1115 16233
1115 15713
1115 5461
1115 17114
1115 1490
1115 571
1115 121
1115 6231
1115 3731
1115 5921
1115 18263
1115 5776
1115 17395
1115 9511
1115 12937
1115 2104
1115 5307
1115 14467
1115 5153
1115 2612
1115 4254
1115 7770
1115 4544
1119 9511
1126 11837
1126 4262
1126 18079
1126 15866
1126 7720
1126 2916
1126 9017
1126 3440
1126 321
1126 17687
1126 10826
1126 17673
1126 10438
1126 17206
1126 14169
1126 6297
1126 13256
1126 4806
1126 15966
1126 3379
1126 4448
1126 4601
1126 17738
1126 17445
1126 1948
1126 15394
1126 14786
1126 15333
1126 6072
1126 15505
1126 6920
1126 13262
1126 12020
1126 7650
1126 9776
1126 7217
1126 4769
1126 15246
1126 14142
1126 13986
1126 8556
1126 18281
1126 6580
1132 7283
1132 1733
1132 17233
1134 4709
1137 11833
1137 8910
1137 1672
1137 7806
1137 3059
1138 15333
1138 8013
1141 14060
1141 6197
1141 1490
1148 4903
1148 446
1148 5153
1148 9017
1148 17521
1148 2154
1148 7720
1148 1716
1148 9209
1150 1141
1152 9516
1153 121
1153 2154
1153 6412
1153 6499
1153 13133
1153 1490
1153 148
1153 7010
1153 16233
1153 12297
1153 8556
1153 6325
1153 13014
1153 16592
1153 9691
1153 15713
1153 17275
1159 1666
1159 14286
1160 11864
1163 2146
1177 4319
1179 1263
1179 6473
1179 2496
1179 8819
1179 13367
1179 959
1179 12586
1179 12441
1179 11112
1179 9419
1179 8125
1179 3895
1179 7737
1179 1924
1179 3242
1179 5400
1179 7239
1179 1670
1179 14424
1179 10704
1179 18235
1179 11805
1179 5468
1181 8191
1183 15366
1183 9047
1183 16738
1183 11515
1184 14146
1185 2586
1185 17989
1185 13014
1185 8719
1185 6213
1185 4309
1185 17114
1185 1885
1185 14924
1185 13689
1185 5153
1185 9017
1185 16912
1185 8593
1185 17673
1185 9742
1185 15366
1185 3731
1186 11408
1186 5566
1186 5847
1188 5683
1189 13402
1189 10451
1194 6676
1194 12642
1194 11408
1194 790
1195 6940
1195 6887
1195 13814
1195 16249
1195 6297
1195 8435
1195 2506
1195 885
1195 5469
1195 17521
1195 14145
1195 12514
1195 6208
1195 12858
1195 14024
1195 4241
1195 14108
1195 12566
1195 6801
1195 12571
1195 9741
1195 5239
1195 4307
1195 6223
1195 3903
1195 15333
1195 2435
1195 9548
1195 5945
1195 15966
1195 641
1195 7519
1195 12201
1195 3677
1195 3992
1195 5345
1195 10826
1195 5717
1195 5866
1195 13632
1195 11254
1195 67
1195 7708
1195 10862
1195 12937
1195 4320
1195 14989
1195 4769
1195 4907
1195 3958
1195 5776
1195 12579
1195 12341
1195 13388
1195 1763
1195 10077
1195 7681
1195 1027
1195 1203
1195 16676
1195 9198
1195 4690
1195 2815
1195 4644
1195 8735
1195 17736
1195 3771
1195 13794
1195 2034
1195 13901
1195 11532
1195 17834
1195 14343
1195 15847
1195 14507
1195 10670
1195 1266
1195 14129
1195 18255
1195 14358
1195 4268
1195 3048
1195 3964
1195 772
1195 8675
1195 18281
1195 16740
1195 17021
1195 1631
1195 152
1195 3708
1195 1781
1195 13662
1195 11755
1195 6325
1195 2808
1195 11110
1195 4137
1195 11488
1196 226
1196 4601
1196 17395
1201 18319
1201 13719
1202 11833
1202 17941
1202 16252
1202 2188
1202 4949
1202 15073
1203 7747
1205 16578
1205 18215
1205 9776
1205 1940
1205 14566
1205 17673
1205 12977
1205 1490
1205 12176
1205 7406
1205 14729
1205 12108
1205 2449
1205 3575
1205 4601
1205 13077
1205 4918
1205 446
1205 3278
1205 9691
1205 4769
1205 6294
1205 6325
1205 3076
1205 1631
1205 14005
1205 2351
1205 15389
1205 1153
1205 14467
1205 18152
1205 16678
1205 7578
1205 10636
1205 3176
1205 7017
1207 8990
1207 6561
1207 6049
1207 8819
1207 17278
1207 7456
1207 6158
1207 2188
1208 3728
1209 14864
1209 12710
1209 881
1209 12813
1209 2095
1209 18035
1209 17243
1209 16679
1209 13417
1209 5161
1209 13868
1209 1856
1209 9415
1209 13607
1209 4669
1209 5629
1209 14759
1209 8186
1209 6585
1209 2243
1209 3324
1209 12729
1209 15657
1209 10828
1209 16447
1209 17687
1209 3061
1209 15838
1209 5001
1209 1145
1209 4481
1209 4135
1209 18322
1209 1698
1209 3702
1209 13077
1209 5427
1209 13566
1209 9843
1209 15807
1209 2204
1209 1535
1209 10103
1209 10234
1209 16578
1209 8052
1209 5631
1210 10389
1210 2864
1211 15162
1213 12602
1213 14786
1213 4543
1213 8530
1213 3243
1213 15388
1213 16305
1213 7349
1213 15317
1213 8796
1213 13417
1214 2170
1216 17678
1218 1357
1220 16359
1222 5866
1226 5160
1227 4056
1227 8675
1227 11228
1229 7773
1238 16922
1241 18284
1241 18089
1242 11833
1242 14913
1242 3907
1242 18036
1242 5746
1242 492
1244 709
1244 1485
1244 16934
1244 7567
1245 10737
1245 2178
1246 9920
1247 1810
1247 14145
1247 4984
1247 18424
1247 9198
1247 17149
1247 5588
1247 4396
1247 7271
1247 5597
1247 15539
1247 13986
1247 2286
1247 9523
1247 7406
1247 10321
1247 4769
1247 10670
1247 5461
1247 12602
1247 15966
1247 12047
1247 11557
1247 15374
1247 3117
1247 12579
1247 10925
1247 14108
1247 4939
1247 14504
1247 13794
1247 6022
1247 142
1247 18215
1247 6876
1247 13256
1247 17502
1247 8073
1247 10557
1247 14729
1247 5240
1247 3648
1247 18231
1247 13687
1247 2448
1247 14126
1247 16387
1247 9868
1247 12051
1247 12590
1247 9152
1247 10663
1247 15714
1247 267
1247 6240
1247 14356
1247 6024
1247 1694
1247 4390
1247 18100
1247 12660
1247 5825
1247 4481
1247 1371
1247 3666
1247 13782
1247 18281
1247 13077
1247 14338
1247 1985
1247 17895
1247 14856
1247 1393
1247 13943
1247 6580
1247 6687
1247 18244
1247 17315
1247 3012
1247 17395
1247 885
1247 6482
1247 4583
1247 13095
1247 7349
1247 16446
1247 13154
1247 5010
1247 3422
1247 12710
1247 12220
1247 16539
1247 8796
1247 10648
1247 10569
1247 15660
1247 8719
1247 2187
1247 1126
1247 494
1247 17687
1247 5497
1247 5866
1247 5629
1247 1838
1247 5669
1247 17552
1247 4745
1247 15778
1247 16592
1247 10159
1247 2916
1247 6325
1247 5153
1247 6940
1247 9017
1247 12314
1247 2977
1247 946
1247 10200
1247 6443
1247 2506
1247 3859
1247 15365
1247 2081
1247 11969
1247 6688
1247 16797
1247 5814
1247 6435
1247 4139
1247 12339
1247 6442
1247 5873
1247 14939
1247 14350
1247 5667
1247 10340
1247 17006
1247 14885
1247 17141
1247 7747
1247 17353
1247 15389
1247 9872
1247 5272
1247 1885
1247 13014
1247 5537
1247 16825
1247 13614
1247 7708
1247 7786
1247 3734
1247 15848
1247 8018
1247 2903
1247 5538
1247 13847
1247 12387
1247 10499
1247 2779
1247 13267
1247 11123
1247 12108
1247 6694
1247 2759
1247 12169
1247 15992
1247 9741
1247 14978
1247 18465
1247 8213
1247 5776
1247 15547
1247 3815
1247 12162
1247 3990
1247 15210
1247 13643
1247 3520
1247 4732
1247 7188
1247 4141
1247 14334
1247 4590
1247 1578
1247 7711
1247 1191
1247 10722
1247 387
1247 3410
1247 15117
1247 10016
1247 222
1247 17519
1247 8615
1247 16223
1247 3740
1247 12381
1247 11708
1247 12937
1247 3076
1247 13682
1247 2701
1247 13880
1247 5475
1247 4432
1247 7650
1247 8009
1247 7610
1247 3120
1247 13094
1247 6643
1247 16415
1247 14993
1247 17961
1247 8572
1247 13924
1247 4247
1247 14005
1247 4056
1247 9561
1247 16281
1247 9826
1247 15838
1247 8335
1247 8264
1247 10078
1247 13780
1247 5692
1247 7729
1247 8435
1247 6801
1247 8356
1247 11885
1247 13661
1247 8382
1247 14382
1247 15698
1247 6213
1247 3887
1247 3165
1247 16701
1247 16563
1247 13950
1247 4214
1247 3176
1247 11927
1247 17950
1247 8795
1247 1473
1247 2088
1247 8779
1247 10929
1247 11317
1247 6072
1247 6799
1247 12344
1247 10582
1247 7136
1247 12479
1247 8504
1247 1653
1247 18332
1247 15362
1247 3822
1247 11413
1247 6505
1247 6521
1247 4057
1247 18327
1247 2375
1247 9974
1247 13830
1247 12977
1247 3351
1247 17191
1247 4860
1247 14556
1247 2348
1247 94
1247 1070
1247 3306
1247 12201
1247 13031
1247 14467
1247 4645
1247 7811
1247 46
1247 18372
1247 9378
1247 10550
1247 6185
1247 3765
1247 7723
1247 9534
1247 15783
1247 2154
1247 168
1247 10089
1247 372
1247 15771
1247 15657
1247 11675
1247 8745
1247 14264
1247 1041
1247 10496
1247 11974
1247 2657
1247 13090
1247 11532
1247 531
1247 792
1247 16890
1247 15394
1247 1627
1247 2840
1247 15674
1247 1084
1247 12742
1247 12176
1247 653
1247 899
1253 365
1253 14556
1256 8556
1257 13905
1259 7939
1259 12051
1259 1282
1259 14467
1259 12602
1259 18466
1259 18322
1259 1126
1261 11182
1261 17937
1261 7362
1261 13643
1261 7233
1261 5755
1262 5461
1263 14222
1263 12567
1263 10984
1263 6888
1263 8322
1263 12331
1263 16555
1263 18416
1263 11865
1263 3364
1263 6049
1263 8831
1263 8208
1265 5183
1265 4949
1268 1563
1268 14680
1270 12662
1272 15268
1272 1800
1274 6887
1274 3992
1274 17395
1279 7406
1282 5239
1282 13664
1282 3520
1282 5329
1282 3734
1282 12660
1282 17960
1285 2822
1285 16014
1285 4893
1285 3900
1286 11427
1289 1889
1289 11690
1289 15820
1289 12859
1289 8564
1289 6520
1289 4358
1289 6180
1289 3586
1289 11130
1289 3585
1291 3422
1292 11327
1296 6024
1296 11675
1296 16498
1301 11833
1301 8980
1304 6888
1304 15896
1304 9253
1306 7506
1306 723
1306 13887
1306 8009
1306 4583
1306 5980
1306 7114
1307 16555
1311 14382
1311 494
1311 12937
1315 2884
1316 12339
1316 6669
1316 18306
1316 12268
1316 17141
1316 6224
1316 3176
1319 13775
1319 11865
1323 7055
1325 2864
1325 11450
1329 17692
1329 10788
1329 10396
1329 9942
1334 9419
1334 10944
1334 8111
1334 6788
1334 12261
1334 178
1334 15914
1337 5535
1337 4676
1338 5377
1339 4841
1339 12563
1340 7007
1340 1203
1340 10722
1340 3908
1340 17141
1340 11342
1345 14896
1345 5980
1347 10389
1348 2084
1352 523
1352 17868
1352 11408
1352 10282
1352 254
1354 1246
1355 8590
1355 12277
1356 17468
1357 15978
1359 5825
1361 13434
1362 8796
1362 16924
1362 15122
1362 6024
1362 5046
1362 14338
1362 10582
1362 3146
1362 4481
1367 14939
1369 4040
1369 16835
1369 12220
1369 398
1369 9479
1369 4260
1369 11815
1372 5783
1375 13145
1379 2953
1379 10762
1379 11399
1379 5344
1379 4580
1379 12643
1379 13559
1379 12555
1379 10107
1379 9189
1379 2335
1379 4530
1379 14538
1379 5208
1379 17174
1379 17740
1379 10361
1379 974
1379 2539
1379 11405
1379 16554
1379 16762
1379 12327
1379 4658
1379 10301
1379 8210
1379 8646
1379 8321
1379 8721
1379 11203
1379 13857
1379 13655
1379 7573
1379 868
1379 8974
1379 2988
1379 5481
1379 963
1379 4282
1379 2682
1379 6930
1379 12722
1379 16148
1379 13383
1379 11028
1379 10035
1379 15288
1379 4376
1379 12791
1379 3949
1379 2
1379 17686
1379 15770
1379 8592
1379 4345
1379 16607
1379 11316
1379 5659
1379 15623
1379 14832
1379 16844
1379 13750
1379 16633
1379 14580
1379 7205
1379 10724
1379 2122
1379 6746
1379 13764
1379 5681
1379 6429
1379 6529
1379 4503
1379 11888
1379 4236
1379 3432
1379 7482
1379 11319
1379 12451
1379 266
1379 4778
1379 16325
1379 15910
1379 13523
1379 16118
1379 14930
1379 3294
1379 6931
1379 3778
1379 16240
1379 6160
1379 2569
1379 12123
1379 3160
1379 17461
1379 18402
1379 12261
1379 3111
1379 1943
1379 16322
1384 15966
1384 514
1386 13578
1390 13901
1390 7746
1390 12201
1390 14556
1390 12051
1390 8796
1395 1995
1395 17149
1395 5692
1395 3731
1395 10482
1395 9776
1395 5153
1399 6294
1400 10393
1400 16549
1400 3138
1400 13316
1400 12436
1400 8308
1400 13697
1400 8813
1400 14516
1400 10027
1400 9374
1400 16842
1400 1081
1400 534
1400 11404
1402 5284
1402 14414
1402 13434
1404 8322
1404 262
1404 6338
1404 7425
1405 8429
1410 2110
1410 14424
1410 11851
1410 5500
1410 3059
1414 12136
1414 8093
1419 17540
1428 17066
1428 14376
1428 8799
1428 14878
1428 14387
1428 7674
1428 9942
1428 4949
1428 11805
1428 126
1428 12100
1428 10788
1428 12687
1428 11125
1428 11781
1429 5525
1433 9832
1434 17390
1435 17257
1435 7868
1435 7591
1435 16363
1435 6710
1435 13463
1435 2976
1435 701
1435 9334
1435 10665
1435 16073
1435 16885
1435 12605
1435 14153
1435 4271
1435 3334
1436 15356
1436 4162
1436 11822
1436 2237
1436 2667
1436 912
1438 10842
1438 3374
1438 2945
1438 12710
1438 3964
1438 14358
1438 18328
1438 8710
1438 13540
1438 18448
1438 6325
1438 5932
1438 5797
1438 2671
1438 12047
1438 4644
1438 6551
1438 8996
1438 12865
1438 8335
1438 2605
1438 3117
1438 14539
1438 4471
1438 6940
1438 17701
1438 11170
1438 1977
1438 2928
1438 15666
1438 14141
1438 2748
1438 12571
1438 4767
1438 13661
1438 11837
1438 6517
1438 4139
1438 17634
1438 10348
1438 8852
1438 2477
1438 13159
1438 2351
1438 11659
1438 8796
1438 3171
1438 16360
1438 16281
1438 18087
1438 13561
1438 17551
1438 16952
1438 13794
1438 15963
1438 12858
1438 13847
1438 8807
1438 11947
1438 17960
1438 8345
1438 2196
1438 11713
1438 17521
1438 11592
1438 11629
1438 13340
1438 716
1438 9970
1438 13887
1438 7135
1438 17587
1438 7770
1438 3125
1438 8097
1438 5866
1438 4690
1438 4268
1438 18100
1438 15674
1438 4315
1438 16223
1438 8749
1438 12531
1438 7834
1438 29
1438 372
1438 1631
1438 8675
1438 5770
1438 7891
1438 1371
1438 13031
1438 6245
1438 668
1438 5246
1438 4613
1438 12172
1438 1393
1438 15188
1438 1362
1438 8923
1438 8412
1438 13498
1438 5986
1438 12087
1438 4141
1438 3603
1438 9742
1438 5448
1438 8678
1438 828
1438 14689
1438 15866
1438 4086
1438 2583
1438 16387
1438 11892
1442 14392
1445 7939
1450 8993
1452 2827
1452 18249
1452 8739
1461 14982
1466 257
1473 16890
1473 6267
1473 11270
1473 13340
1473 8949
1473 3176
1473 12051
1473 13847
1473 1145
1473 16281
1473 16922
1473 17673
1473 8328
1473 7770
1473 2945
1473 9826
1473 277
1473 13468
1473 7720
1473 4387
1473 18136
1473 4601
1473 2985
1473 10826
1473 1148
1473 14341
1473 15374
1473 10078
1473 8157
1473 912
1473 18215
1473 17744
1473 7747
1473 17021
1473 12075
1473 12948
1473 12053
1473 13291
1473 14264
1473 3033
1473 395
1473 494
1473 6022
1473 13085
1473 2375
1473 12937
1473 16879
1473 8556
1473 14503
1473 5010
1473 10400
1473 14551
1473 8852
1473 15150
1473 12475
1473 15771
1473 14885
1473 3992
1473 15867
1473 5153
1473 12977
1473 18306
1473 8907
1473 6573
1473 10072
1473 16095
1473 1781
1473 16738
1474 10554
1474 4387
1478 15430
1478 962
1478 16578
1480 10609
1480 234
1480 15333
1480 7519
1484 8799
1489 3946
1490 7635
1490 7708
1490 9198
1490 2104
1490 9691
1490 14556
1490 9346
1490 11674
1490 7492
1490 14467
1490 8013
1490 17960
1490 121
1490 4865
1490 12162
1490 14551
1490 17885
1490 1153
1490 5153
1490 13271
1490 9166
1490 13014
1490 17936
1490 7574
1490 17141
1490 7578
1490 17338
1490 3440
1490 7055
1490 11837
1490 8556
1490 1462
1490 9606
1490 7871
1490 15992
1490 9244
1490 15333
1491 14339
1499 2366
1499 16579
1499 11327
1499 4193
1499 3065
1499 8796
1500 2536
1500 10350
1502 13814
1507 2732
1512 16991
1512 1490
1513 4601
1513 4723
1513 1084
1513 13814
1513 15749
1513 8073
1513 319
1513 16457
1513 16455
1513 9971
1513 14010
1513 2038
1513 17347
1513 5578
1513 13465
1513 6663
1513 17751
1513 17537
1513 6392
1513 8577
1513 14929
1515 4242
1518 4102
1518 11141
1521 2461
1526 8781
1527 11837
1527 12777
1527 3731
1527 7406
1528 2104
1528 4731
1528 3030
1528 13271
1528 14565
1528 15792
1530 10231
1534 3886
1534 8322
1536 6049
1538 6788
1538 16975
1541 15588
1544 10319
1544 2743
1544 16562
1546 459
1547 8487
1547 6323
1547 15101
1547 3911
1547 805
1547 6892
1547 16828
1547 10424
1547 459
1547 12551
1547 7255
1547 18320
1547 3185
1547 13233
1547 7503
1547 5698
1547 4559
1547 15640
1547 4482
1547 2907
1549 14982
1549 4949
1549 9508
1549 8203
1549 7175
1549 13691
1549 11965
1549 4814
1549 13136
1549 11541
1549 11968
1549 6165
1552 226
1552 4905
1552 16682
1552 5416
1553 4481
1553 17744
1553 10235
1553 3992
1554 611
1554 6022
1554 6890
1554 17744
1554 17903
1554 9209
1554 8435
1554 15162
1554 16216
1555 1340
1555 9753
1559 4475
1562 9566
1562 3379
1562 14467
1565 9392
1566 13646
1566 947
1568 2509
1572 1263
1572 6390
1572 6815
1572 4132
1572 11195
1577 12789
1577 10854
1578 1694
1578 1046
1578 4268
1578 18349
1578 16156
1578 18172
1578 1074
1578 6928
1578 14341
1578 14024
1578 17767
1579 17833
1579 18215
1579 18300
1579 4432
1579 2913
1580 15411
1581 3730
1583 13006
1583 4115
1583 3313
1583 3736
1583 2052
1583 16749
1583 11805
1583 7327
1583 10797
1583 11418
1583 7431
1583 3059
1583 12306
1583 8190
1583 8691
1583 262
1583 12624
1583 9206
1583 4450
1583 5806
1583 5500
1583 17883
1583 9615
1583 1338
1583 1156
1583 7362
1583 2188
1583 2496
1583 8819
1583 4319
1583 701
1583 1263
1583 10545
1583 15948
1583 3293
1583 790
1583 14631
1583 9715
1583 16555
1583 12973
1583 14572
1583 3969
1583 218
1583 9789
1583 18391
1583 15390
1583 11810
1583 1915
1583 9207
1583 10769
1583 15080
1583 8903
1583 13643
1583 16618
1583 13542
1583 4345
1583 9269
1583 7562
1583 16576
1583 8752
1583 7359
1583 498
1583 16123
1583 5566
1583 11447
1583 13796
1583 13308
1583 16260
1583 1822
1583 10672
1583 8102
1583 15855
1583 7990
1583 2399
1583 6848
1583 6165
1583 8980
1583 15721
1583 5384
1583 1737
1583 6360
1583 9417
1583 867
1583 5139
1583 8268
1583 4146
1583 6270
1583 1696
1583 8870
1583 8514
1583 16072
1583 6888
1583 9811
1583 8434
1583 265
1583 6630
1583 1254
1583 17682
1583 8217
1583 4167
1583 3692
1583 16497
1583 8525
1589 5374
1589 6098
1589 1745
1589 10626
1589 11423
1589 17744
1589 1838
1589 14786
1589 5461
1589 6466
1589 16281
1589 3889
1589 15216
1589 8574
1589 9401
1589 8447
1589 4102
1589 13495
1589 3731
1589 2176
1589 13227
1589 8504
1589 835
1589 863
1589 11678
1589 10892
1589 5720
1589 15190
1589 14467
1589 17046
1589 9119
1589 1471
1589 2389
1589 4583
1589 17141
1589 12249
1589 7511
1589 1934
1589 7274
1589 11895
1589 2587
1591 1971
1594 5517
1594 13388
1594 16872
1594 4544
1594 10067
1598 1548
1598 10561
1598 4949
1599 4078
1599 3331
1602 9502
1602 2209
1602 17271
1602 12533
1602 9392
1605 3033
1607 14890
1607 3595
1607 9839
1607 13458
1607 9847
1608 7708
1618 11924
1619 10689
1619 791
1619 16146
1619 10902
1619 11250
1619 4629
1620 11447
1620 3073
1621 6049
1624 9115
1624 2089
1626 4085
1626 2098
1626 14154
1626 13226
1626 13061
1626 9312
1626 7542
1626 12331
1626 10812
1626 7141
1626 15431
1626 12883
1626 3480
1626 17724
1626 17132
1626 10460
1626 1263
1626 8691
1626 15254
1626 18223
1626 8369
1626 14589
1626 12928
1626 753
1626 9394
1626 2163
1629 7720
1629 12479
1629 14024
1629 2034
1630 2450
1630 580
1630 3541
1630 11459
1630 10514
1630 6923
1630 8655
1630 10087
1630 11402
1630 3548
1630 5384
1630 17034
1630 7277
1630 4600
1630 13761
1630 10886
1630 17190
1630 13454
1630 6188
1630 8171
1630 5546
1630 5366
1630 16901
1630 167
1630 17058
1630 1260
1630 13583
1630 17253
1633 4841
1633 18211
1636 9476
1636 9585
1636 11934
1636 4328
1636 17268
1637 6049
1637 6587
1637 7275
1637 3364
1639 9664
1641 13245
1641 6580
1644 15240
1644 16099
1645 8204
1645 701
1646 3982
1648 5010
1649 9346
1650 4432
1650 8875
1652 6297
1653 6262
1653 2083
1653 6940
1653 8790
1653 18215
1653 10402
1653 4061
1653 2468
1653 5057
1653 17688
1653 13447
1653 18100
1653 16281
1653 1514
1659 12176
1672 2306
1672 9309
1672 3009
1672 7233
1672 1420
1678 14028
1678 13775
1678 11312
1682 15080
1688 16359
1688 12331
1688 13308
1688 4949
1688 5566
1688 13215
1688 4786
1688 14406
1688 6360
1688 10178
1688 3869
1688 1331
1688 6888
1688 8322
1688 16419
1688 11312
1688 12418
1688 17397
1688 1888
1688 13386
1688 11805
1688 16431
1688 9942
1688 11833
1688 18436
1688 5526
1688 8551
1688 13775
1688 16701
1688 6200
1688 18043
1688 9518
1688 1283
1688 506
1688 8799
1688 7914
1688 8689
1688 12465
1688 5487
1688 16014
1688 16179
1688 12319
1688 124
1688 17278
1688 14196
1688 17184
1688 4173
1689 6762
1691 1888
1691 5217
1692 2321
1692 8811
1695 10092
1698 17206
1699 9789
1700 12944
1700 18319
1704 5343
1704 12605
1709 17506
1709 2184
1709 16453
1709 12542
1711 5245
1711 3059
1711 15655
1711 124
1712 9116
1714 9392
1716 12368
1716 7720
1716 16655
1716 5422
1716 1169
1716 14556
1716 17358
1716 3914
1716 3136
1716 12076
1716 5461
1716 5692
1716 13012
1716 1126
1716 10913
1716 17924
1716 12665
1716 1141
1716 17521
1716 4197
1716 9511
1716 15966
1716 6297
1716 10942
1716 3048
1716 7460
1716 11
1716 8735
1716 15978
1716 17149
1716 3126
1716 13456
1716 446
1716 5010
1716 5153
1716 17488
1716 15865
1716 8185
1716 2902
1716 2128
1716 8586
1716 15901
1716 12959
1716 9198
1716 257
1716 10699
1716 4056
1716 962
1716 9742
1718 5037
1719 14488
1720 7650
1726 16934
1726 14220
1726 18436
1726 10076
1726 8179
1726 12377
1726 12875
1726 5176
1726 11865
1726 8903
1726 4457
1731 15190
1731 15713
1731 232
1733 1671
1733 8691
1735 16348
1735 18198
1735 8694
1735 13031
1735 14565
1735 13868
1735 3614
1735 819
1735 2196
1735 1126
1735 8572
1735 11170
1735 18306
1735 2740
1735 15230
1735 8873
1735 12844
1735 14556
1735 4544
1735 5502
1735 15261
1735 6940
1735 14467
1735 10340
1735 15713
1735 13340
1735 15891
1735 13133
1735 9745
1735 342
1735 9017
1735 8305
1735 13696
1735 11532
1736 11517
1736 2237
1736 2037
1736 468
1737 13775
1737 11833
1737 15243
1737 8944
1737 9494
1737 11907
1737 6049
1737 11805
1738 6305
1738 6670
1738 662
1738 5010
1738 7195
1738 6179
1738 16415
1743 849
1743 2729
1747 10978
1747 124
1749 18061
1752 4194
1756 10826
1758 13005
1758 3059
1758 13499
1758 8322
1758 16283
1758 4167
1758 12586
1758 17092
1758 2909
1758 7621
1758 12477
1758 17226
1760 1888
1762 918
1762 15599
1763 12242
1763 4064
1763 5389
1766 16496
1772 7827
1772 2190
1772 11408
1772 17278
1772 11805
1772 6338
1772 13643
1772 11667
1772 8956
1776 11805
1779 8380
1779 15428
1779 16905
1779 7578
1779 3755
1779 12205
1779 15622
1779 8624
1779 3337
1779 3032
1780 16738
1781 1084
1781 5217
1787 121
1787 7708
1787 17275
1787 7429
1787 3120
1787 15315
1787 5402
1787 16392
1787 14146
1787 1490
1787 9198
1787 18250
1787 3379
1787 17972
1787 17936
1787 15966
1787 3731
1787 14029
1787 6240
1787 17437
1787 14749
1787 6580
1787 8614
1787 12937
1787 16579
1787 9691
1787 2766
1787 7406
1787 17786
1787 6406
1787 446
1787 16233
1788 5438
1788 9415
1788 13008
1791 17338
1791 7505
1791 6128
1792 232
1794 4319
1795 7828
1797 10625
1799 1162
1801 6159
1801 6887
1801 8144
1801 14780
1801 1263
1801 8570
1801 13389
1801 14680
1801 8732
1801 8322
1801 17903
1801 15470
1801 6100
1801 13775
1801 9419
1801 2188
1801 8164
1801 14783
1801 2217
1801 8685
1801 13542
1801 11805
1801 12586
1801 12965
1801 8123
1801 13693
1801 9124
1801 16555
1801 12970
1801 7720
1801 3888
1801 4167
1801 10098
1801 6294
1801 18281
1801 12334
1801 258
1801 3112
1805 5525
1808 1459
1808 15018
1808 492
1815 2496
1815 7677
1815 11805
1817 16345
1818 2921
1828 17372
1828 6558
1829 6294
1829 5629
1829 15389
1829 14101
1829 13716
1829 142
1829 13662
1829 14749
1829 10078
1829 3132
1829 4644
1829 13014
1829 1631
1829 8901
1829 3932
1829 9742
1829 17736
1829 2985
1829 16585
1829 14169
1830 10546
1831 10783
1835 8016
1837 4562
1840 14118
1840 8367
1841 4949
1843 18380
1843 10491
1843 15216
1843 12570
1843 17936
1843 6483
1843 1490
1844 12941
1844 8037
1845 9024
1845 10462
1845 2639
1845 13794
1845 14358
1845 11170
1845 4116
1845 3211
1845 9465
1845 8907
1845 12937
1845 5010
1845 1545
1845 6182
1845 8719
1845 10097
1847 2389
1847 13947
1849 8415
1853 11833
1855 514
1857 99
1857 16034
1858 8202
1858 5281
1858 1896
1858 5240
1858 16279
1858 3337
1858 2375
1858 17269
1858 6267
1858 1602
1858 11590
1858 5864
1860 7839
1860 6940
1860 5767
1860 14620
1860 15150
1860 3932
1860 12339
1864 14263
1864 11180
1864 14081
1864 6531
1864 7621
1864 3431
1864 11833
1864 7615
1864 8966
1864 3326
1866 3379
1876 5153
1876 15440
1876 16429
1876 7747
1876 4601
1876 17628
1876 17908
1876 6580
1876 13666
1879 6598
1883 10663
1883 15547
1883 15835
1883 1825
1883 17149
1883 398
1883 18215
1883 15978
1883 10600
1883 7955
1883 15966
1883 17395
1883 4040
1883 8018
1883 10670
1883 9017
1883 419
1883 7271
1886 14102
1888 701
1888 17468
1888 13500
1888 8843
1888 7903
1888 15719
1888 14407
1888 9238
1888 14273
1888 17278
1888 14991
1888 11805
1888 3773
1888 12624
1888 9933
1888 15562
1888 331
1890 14553
1890 13792
1890 14350
1891 5010
1891 3117
1891 14108
1891 1046
1894 12027
1894 2419
1895 2870
1895 2873
1895 10219
1895 14692
1899 11541
1899 13163
1899 15080
1899 9795
1899 1888
1899 1040
1899 5501
1899 9609
1903 10893
1903 16359
1903 18034
1903 17194
1903 4154
1903 8499
1905 891
1906 6049
1910 17149
1910 5461
1910 12777
1910 14978
1915 1900
1915 2052
1915 16197
1915 6357
1915 9113
1915 5803
1915 14406
1915 10740
1915 18325
1915 793
1917 8155
1917 11805
1918 885
1919 4949
1919 15059
1919 13402
1922 18151
1923 17960
1923 9826
1924 17184
1924 18451
1924 9794
1924 357
1924 14025
1925 12201
1926 5984
1926 7340
1926 2154
1926 6705
1926 15966
1926 9310
1926 16678
1928 13709
1931 4958
1931 2068
1931 17141
1931 11917
1931 6642
1934 17395
1934 4390
1934 3732
1937 5239
1938 3692
1938 17500
1938 10646
1945 3176
1945 9742
1945 10554
1945 14802
1945 9198
1945 4172
1945 13133
1945 3307
1945 4247
1945 5776
1946 16545
1946 11531
1946 18114
1946 15942
1946 7640
1946 12339
1946 2506
1946 13234
1949 9105
1953 6049
1956 2880
1956 6531
1956 9861
1956 7621
1960 14503
1961 12834
1965 10944
1965 13643
1965 701
1965 14664
1965 12029
1965 18416
1965 13879
1965 2917
1965 17339
1965 7827
1965 2814
1965 8691
1965 13015
1965 12586
1965 15355
1965 6049
1965 1263
1965 4131
1965 12261
1965 1888
1965 11163
1966 9134
1966 5616
1966 6427
1969 12261
1969 15617
1970 4085
1970 3059
1970 12261
1970 14921
1970 14664
1970 6788
1970 10628
1971 8096
1971 17689
1971 8515
1971 4778
1972 7141
1972 16014
1972 9228
1972 13643
1972 6427
1973 13516
1974 10958
1974 8047
1974 17295
1974 18356
1974 17332
1974 2811
1974 15492
1974 12641
1979 9241
1980 8691
1980 3695
1980 11409
1980 15781
1980 10833
1982 13775
1983 114
1983 7264
1983 5433
1983 12301
1987 7720
1987 2089
1987 5153
1987 3521
1987 15771
1988 9599
1989 9644
1989 6382
1989 9922
1989 15772
1989 14385
1989 1734
1989 18086
1991 17688
1992 3087
1997 273
1998 6427
1999 4949
1999 14692
1999 10189
1999 1053
1999 8843
1999 8525
1999 7456
1999 5425
1999 7239
1999 16887
1999 16252
1999 13775
1999 3059
1999 11312
1999 18018
2000 12419
2000 14392
2000 9818
2000 5674
2000 7680
2000 16834
2000 3176
2000 3165
2000 15010
2000 17375
2000 8220
2000 2034
2000 6092
2000 17767
2008 2864
2009 3630
2009 4004
2010 14844
2010 11858
2013 1126
2013 6024
2013 11983
2013 12439
2018 3998
2018 4167
2019 14483
2019 14590
2019 13741
2020 11805
2020 16369
2020 8322
2020 4841
2020 3736
2020 11833
2020 9419
2020 16108
2024 5769
2024 1313
2025 9127
2026 16073
2029 1957
2029 1377
2031 7740
2031 13796
2031 4949
2031 12377
2031 15744
2031 3723
2031 2911
2031 8799
2031 12972
2031 10837
2031 6471
2031 16393
2031 12028
2031 936
2031 6484
2031 4130
2031 1003
2031 16114
2031 14530
2031 8901
2031 13006
2031 17361
2031 9780
2031 3259
2031 247
2031 2563
2031 2973
2031 11422
2031 8334
2031 5513
2031 1219
2031 9832
2031 3364
2031 11865
2031 14424
2031 14360
2031 18451
2031 11263
2031 11833
2031 15204
2031 5627
2031 8497
2031 10734
2031 13296
2031 11600
2031 1761
2031 13723
2031 3313
2031 16189
2031 9789
2031 14585
2031 891
2031 435
2031 13163
2031 6338
2031 15896
2031 13646
2031 8327
2031 16478
2031 16053
2031 5425
2031 16555
2031 155
2033 17028
2034 15869
2034 14306
2034 12937
2034 5866
2037 7987
2037 15440
2037 14350
2037 14418
2037 3504
2037 17445
2037 11226
2037 1490
2037 9017
2037 9742
2037 321
2037 4644
2037 13014
2037 7578
2042 13011
2043 7036
2047 15713
2047 14786
2048 6049
2048 7680
2048 7990
2052 10854
2052 10944
2052 16393
2052 1219
2052 5400
2052 6049
2055 9048
2055 13299
2055 3944
2055 3250
2055 8276
2055 6889
2055 14363
2055 4603
2056 15216
2056 15452
2056 5195
2061 3627
2061 17025
2064 10953
2064 4006
2064 13287
2064 8897
2065 16578
2069 7406
2069 8719
2069 6715
2069 17395
2069 10132
2069 11674
2070 12525
2077 16393
2077 12909
2077 9419
2077 17291
2077 13178
2077 9417
2077 5832
2077 18017
2077 12933
2077 4167
2077 15696
2077 15257
2077 8164
2077 16260
2077 11833
2077 16463
2077 15243
2077 1331
2077 8537
2077 1239
2077 8980
2080 9392
2082 4165
2089 10184
2089 9523
2089 4538
2091 15749
2091 8678
2091 12549
2092 6208
2093 8691
2098 9812
2102 8478
2102 3732
2110 17937
2110 14866
2113 15771
2113 11097
2113 8765
2116 11674
2116 6580
2118 8997
2118 10733
2118 13384
2119 1459
2125 7276
2125 10076
2125 17361
2128 17687
2128 17015
2128 8660
2128 5010
2128 1126
2128 4262
2132 1844
2134 4545
2134 14170
2134 12072
2134 14483
2134 9847
2135 13740
2136 15713
2136 4336
2136 3731
2136 4860
2141 13847
2141 11906
2147 7096
2148 4696
2148 12053
2152 5595
2152 17958
2152 16867
2154 9691
2154 13014
2154 4213
2154 10078
2154 9479
2154 9492
2154 933
2154 4758
2154 12602
2154 4056
2154 7492
2154 3176
2154 6798
2154 13090
2154 14467
2154 3815
2154 2104
2154 7055
2154 17521
2154 6072
2154 3887
2154 15602
2154 13964
2154 9378
2154 8556
2154 1651
2154 9209
2154 1361
2154 18281
2154 1981
2154 4387
2154 2506
2154 14169
2154 4590
2154 13434
2154 9453
2154 6325
2154 11674
2154 12051
2154 9567
2154 6594
2154 16281
2154 14750
2154 1934
2154 13468
2154 3296
2154 6297
2154 5010
2154 8362
2154 17936
2154 13388
2154 10591
2154 14026
2154 1698
2154 2034
2154 16392
2154 13847
2154 7720
2154 8256
2154 16348
2154 12948
2155 6143
2156 12487
2159 1942
2159 1662
2168 1126
2169 11548
2169 9952
2169 4949
2172 6905
2172 4949
2172 15787
2172 4778
2172 11833
2172 6788
2172 18005
2172 16212
2172 17003
2174 9311
2174 4598
2174 11467
2174 7975
2174 6360
2174 16267
2174 8867
2174 14621
2174 1012
2174 7660
2174 9437
2174 8542
2177 11833
2177 16262
2177 4949
2177 2174
2177 13006
2177 8208
2180 6542
2180 1254
2180 11833
2180 9691
2180 14582
2181 6775
2188 9282
2188 10331
2188 6360
2188 18467
2188 3059
2188 15243
2191 14169
2191 3117
2191 14551
2191 17832
2191 8796
2191 6581
2191 8569
2192 4682
2193 3803
2193 9179
2193 6208
2193 9523
2193 5873
2193 4827
2193 6213
2193 17834
2193 9310
2198 1231
2198 15986
2198 2545
2200 11597
2201 628
2201 18416
2201 4744
2201 16576
2201 8147
2201 4146
2201 11804
2201 6964
2201 16534
2201 15948
2201 3195
2201 1319
2201 18403
2201 17468
2201 4927
2201 16193
2201 16716
2201 15488
2201 5678
2201 17043
2201 7431
2201 7499
2201 6354
2201 1154
2201 5295
2201 12621
2201 2997
2201 9821
2201 17184
2201 6676
2203 11894
2203 12844
2203 2740
2208 2387
2208 4166
2208 12535
2208 17014
2208 13163
2213 6573
2213 9691
2213 203
2213 18237
2213 181
2213 18380
2213 1361
2215 10746
2215 14901
2215 7770
2215 10020
2215 15858
2215 11473
2215 6208
2215 5605
2215 9750
2215 9496
2215 1857
2215 3467
2215 15366
2215 4383
2218 9824
2224 3242
2225 16863
2230 3354
2230 15179
2236 4345
2236 1265
2236 1440
2237 17860
2237 12937
2237 17958
2238 634
2240 6636
2240 12884
2240 12990
2240 14425
2240 14718
2240 9048
2247 5461
2247 5642
2248 16733
2248 3652
2248 13201
2248 83
2252 14924
2252 8570
2252 9930
2252 15992
2255 8123
2257 12621
2257 1888
2257 5531
2257 18391
2257 12374
2257 8653
2257 14835
2259 13993
2261 5415
2261 15073
2261 7367
2269 12789
2270 8621
2270 17295
2270 15990
2270 9045
2270 3572
2270 4595
2270 8190
2270 10675
2274 16078
2274 6782
2274 14120
2274 14146
2274 3834
2274 2243
2278 5803
2280 7379
2280 1066
2280 13963
2280 17451
2280 2678
2280 18209
2280 9144
2280 1457
2280 15581
2280 17184
2280 5068
2280 11447
2280 5949
2280 4987
2280 1458
2280 13677
2280 10612
2280 802
2280 947
2280 13928
2280 16072
2280 17937
2280 6405
2280 1737
2280 683
2280 1924
2280 8691
2280 6519
2280 2251
2280 16359
2280 9325
2280 2110
2280 10980
2280 1154
2280 9769
2280 907
2280 6070
2280 12417
2280 2714
2280 1819
2280 7990
2280 16094
2280 16701
2280 15469
2280 373
2280 3066
2280 16618
2280 13613
2280 5051
2280 3059
2280 2532
2280 14365
2280 13536
2280 1356
2280 1668
2280 7741
2280 6026
2280 12306
2280 10536
2280 10003
2280 17804
2280 11833
2280 5678
2280 10678
2280 5052
2280 8784
2280 8108
2280 3956
2280 9894
2280 12971
2280 7982
2280 15267
2280 9237
2280 14376
2280 10343
2280 3245
2280 7197
2280 18391
2280 2721
2280 17287
2280 16553
2280 4868
2280 8425
2280 15139
2280 9007
2280 2860
2280 5526
2280 2517
2280 16530
2280 11376
2280 2839
2280 16260
2280 11476
2280 4980
2280 2500
2280 5633
2280 16781
2280 15081
2280 2542
2280 9827
2280 13163
2280 14921
2280 7562
2280 13254
2280 1448
2280 4895
2280 12933
2280 4949
2280 8533
2280 3069
2280 1564
2284 14024
2284 12241
2284 12351
2290 15969
2290 12635
2291 17891
2291 6062
2291 1344
2291 17012
2291 15966
2296 11550
2296 8843
2297 17949
2297 11921
2297 9826
2297 1679
2297 13794
2297 6300
2299 9116
2299 7357
2300 14738
2300 4357
2300 12702
2300 17388
2300 13059
2300 693
2300 13502
2300 5530
2300 13255
2300 16827
2300 16433
2300 15503
2301 14118
2301 9863
2302 13140
2302 5096
2302 5029
2302 2246
2302 14075
2302 1803
2302 8805
2302 3710
2302 14424
2302 16159
2302 2629
2302 5343
2302 14376
2302 16297
2302 18391
2302 1737
2302 14237
2302 5885
2302 17974
2302 14513
2302 1114
2302 4115
2302 14412
2302 16835
2302 11632
2302 9879
2302 1642
2302 3627
2302 9516
2302 7963
2302 18461
2302 13593
2302 15776
2302 670
2302 7917
2302 5249
2302 15449
2302 10973
2302 9882
2302 16042
2302 464
2306 16014
2306 4949
2307 16067
2309 12331
2310 10497
2311 17689
2312 1644
2314 9664
2314 6757
2314 9811
2314 9650
2314 357
2314 9901
2314 12765
2314 10721
2314 12738
2314 15052
2320 6833
2324 12176
2325 15797
2326 10663
2326 10452
2332 17739
2332 17338
2332 3204
2336 3059
2336 13796
2336 6788
2336 1053
2336 8339
2336 8363
2336 9942
2336 18239
2336 1134
2336 9999
2336 16677
2337 593
2339 13573
2339 10795
2341 3443
2342 5105
2342 2267
2345 14612
2345 8102
2345 18151
2349 9821
2349 5754
2349 10944
2349 6810
2349 1888
2349 5214
2349 1404
2349 8190
2349 10612
2349 14376
2349 17620
2349 9419
2349 15316
2349 15173
2349 3540
2349 13500
2349 725
2349 10601
2349 3341
2349 13643
2349 8164
2349 8499
2349 11548
2349 8123
2349 8311
2349 4818
2349 6270
2349 2496
2349 7684
2349 15769
2349 697
2350 6507
2350 7827
2350 11355
2350 16263
2350 855
2350 7431
2350 9271
2350 2827
2350 10894
2350 13775
2350 3361
2350 2231
2350 17433
2350 14537
2350 8736
2350 5365
2350 17186
2350 6181
2350 18296
2350 13643
2350 15998
2350 1263
2350 3488
2350 8096
2350 5717
2350 518
2350 466
2350 6956
2350 8088
2350 10601
2350 1851
2350 11803
2352 17161
2352 17534
2356 17127
2356 9893
2357 2981
2357 9339
2357 14807
2357 15523
2357 1486
2359 14582
2359 8739
2361 4949
2362 8778
2363 7217
2367 15674
2367 9659
2367 12201
2367 10609
2369 17673
2372 5461
2374 14707
2374 4007
2374 13134
2374 13587
2380 14050
2380 11491
2380 4078
2380 1633
2385 14358
2385 14504
2385 1694
2385 6213
2385 2506
2385 2864
2385 11097
2385 14750
2385 3731
2385 10200
2385 14479
2385 234
2385 1514
2385 7786
2385 15333
2385 4661
2386 4390
2386 12579
2386 27
2386 10311
2386 10725
2388 7139
2389 6058
2391 6140
2391 12738
2393 2476
2393 7519
2393 15414
2393 8184
2393 772
2393 13468
2393 738
2393 5215
2398 4622
2399 11865
2399 11805
2399 1458
2399 17506
2399 16576
2399 8555
2401 2476
2402 13759
2402 8123
2402 8208
2402 12724
2402 4345
2402 17176
2402 6111
2402 17468
2402 12973
2402 11702
2402 15243
2402 14444
2402 9419
2402 8327
2402 11548
2402 5531
2402 16260
2402 8526
2402 3432
2402 13643
2402 7388
2402 1420
2402 13794
2402 17877
2402 10063
2402 17796
2402 9582
2402 17622
2402 4744
2402 10601
2402 18391
2402 6765
2402 10810
2402 1011
2402 17205
2402 12912
2402 1915
2402 11805
2402 7431
2402 10618
2402 6159
2402 9942
2402 17043
2402 9380
2402 5678
2402 13006
2402 15080
2402 13022
2402 6768
2402 12306
2402 16272
2402 11798
2402 15896
2402 5525
2402 17122
2402 11446
2402 1888
2402 321
2402 3059
2402 5425
2403 9034
2403 9557
2406 7127
2407 3022
2407 7406
2407 13505
2407 8691
2407 13246
2411 16511
2411 9942
2416 15847
2416 3033
2426 9206
2427 2258
2431 4972
2431 1472
2433 8335
2433 12948
2438 277
2439 4483
2440 12204
2440 9893
2440 2945
2440 8556
2440 16233
2440 14544
2440 12905
2440 5250
2440 2468
2440 18382
2445 13926
2446 12341
2446 4644
2446 9198
2456 7939
2456 7871
2456 12180
2456 1885
2456 9152
2456 9300
2456 17673
2456 1126
2460 7839
2461 4949
2464 5773
2465 18130
2472 9597
2476 7720
2476 18424
2476 6325
2476 3642
2476 1962
2476 5589
2476 16095
2476 965
2476 14759
2476 277
2476 12351
2476 10496
2476 15879
2476 7332
2476 9777
2476 18327
2476 4335
2476 8871
2476 2827
2476 17395
2476 2412
2476 8652
2476 8096
2476 17738
2476 7588
2476 12566
2476 16834
2476 13275
2476 13445
2476 17908
2476 8534
2476 15054
2476 4832
2476 7094
2476 4852
2476 18300
2477 13887
2480 10488
2480 4583
2480 12602
2480 17960
2480 13794
2480 14947
2480 4738
2480 14356
2480 18306
2480 9133
2480 16679
2480 6580
2480 2674
2480 1351
2480 15966
2480 17936
2480 17236
2480 5717
2480 2179
2480 13133
2480 3731
2480 6024
2480 16748
2480 10826
2480 6641
2480 9592
2480 1092
2480 5461
2480 9166
2480 14754
2480 18231
2480 16579
2480 10200
2480 16578
2480 5538
2480 3950
2480 1084
2480 6944
2480 9952
2480 9742
2480 15682
2480 2449
2480 1259
2480 12710
2480 7120
2480 13509
2480 16498
2480 14703
2480 14308
2480 8060
2480 12952
2480 76
2480 10000
2480 9059
2480 10842
2480 4315
2480 9548
2480 6150
2480 8556
2480 2038
2480 11567
2480 4644
2480 15219
2480 3165
2480 14553
2480 11022
2480 6628
2480 3564
2480 3176
2480 4601
2480 4152
2480 7406
2480 2463
2480 16851
2480 12201
2480 6558
2480 7936
2480 5629
2480 234
2480 4419
2480 8796
2480 7578
2480 3206
2480 5631
2480 6240
2480 13468
2480 239
2480 10068
2480 9550
2480 17837
2480 8043
2480 4040
2480 9826
2480 14169
2480 12447
2480 4481
2480 4747
2480 14419
2480 10822
2480 17521
2480 18319
2480 16292
2480 4977
2480 9310
2480 17485
2480 4390
2480 16281
2480 14392
2480 15756
2480 372
2480 605
2480 4320
2480 16440
2480 4141
2480 13474
2480 6940
2480 6670
2486 18100
2489 1631
2491 4869
2494 14146
2494 17616
2498 1468
2498 13775
2498 10643
2498 16564
2498 15359
2501 2864
2501 10389
2501 9392
2501 4661
2501 9322
2501 14786
2501 18369
2504 9811
2506 18215
2506 7362
2506 10078
2506 5955
2506 3903
2506 7017
2506 5239
2506 8463
2506 8675
2506 13545
2506 15778
2506 12566
2506 5989
2506 9279
2506 9868
2506 3564
2506 6482
2506 17780
2506 5866
2506 14556
2506 9826
2506 8815
2506 15069
2506 2038
2506 16599
2506 4696
2506 7349
2506 7747
2506 1923
2506 2377
2506 8791
2506 17926
2506 8556
2506 8135
2507 18073
2507 12176
2508 7720
2508 1141
2508 6520
2508 12075
2508 2348
2508 12861
2512 11927
2512 18327
2512 12977
2513 8034
2513 10184
2513 15388
2513 5461
2513 17673
2513 5958
2513 5973
2513 5004
2514 5425
2514 4949
2514 11833
2514 3395
2514 5214
2514 8197
2518 7291
2527 13011
2527 13014
2527 15705
2527 7939
2530 14974
2535 8406
2544 6788
2546 9419
2546 18416
2546 3943
2546 11805
2546 4167
2546 9213
2546 6140
2546 7412
2546 15876
2546 12210
2546 6793
2546 15070
2546 8050
2546 9163
2546 12030
2546 16990
2546 7431
2546 2997
2546 17184
2546 9128
2546 5615
2546 7990
2546 15080
2546 9811
2546 3313
2546 1735
2546 9917
2546 7839
2546 11907
2546 11080
2546 15078
2546 11429
2546 8
2546 6423
2546 805
2546 5627
2546 5840
2546 10854
2546 247
2546 6888
2546 14797
2546 1672
2548 8148
2552 4381
2552 102
2554 13278
2554 5153
2554 3176
2554 6580
2554 6297
2554 16429
2554 13045
2554 4601
2554 17908
2554 8570
2554 6801
2554 15333
2554 11703
2554 10483
2554 5631
2554 4806
2554 9315
2554 1148
2554 8796
2554 14799
2554 12351
2554 13468
2554 2506
2554 3422
2554 9568
2554 3731
2554 17628
2554 9843
2554 3076
2554 9868
2554 11403
2554 7519
2554 14120
2554 7720
2554 10369
2555 10854
2558 11218
2568 17555
2570 1490
2570 6024
2570 3520
2570 9059
2570 3117
2570 7036
2570 17338
2570 17094
2570 9392
2573 7882
2575 17583
2575 9691
2575 15213
2575 5010
2575 10114
2575 99
2575 10483
2575 15315
2575 13794
2584 4303
2584 12544
2584 6421
2584 2260
2584 12377
2584 13178
2584 5832
2584 16515
2584 5400
2584 248
2584 3313
2584 11833
2584 15665
2584 7827
2584 18235
2584 8691
2584 15655
2584 13775
2584 3364
2584 17339
2584 5581
2584 18348
2584 6110
2584 16023
2584 617
2584 16092
2584 9942
2584 8416
2584 9419
2584 15896
2585 16252
2587 9659
2587 5797
2587 6415
2587 7519
2587 13417
2587 12602
2587 3698
2587 16370
2587 13158
2587 2897
2587 9392
2587 10491
2589 18435
2589 8882
2589 8075
2589 4167
2589 11805
2590 9463
2590 8530
2590 6247
2590 12351
2590 29
2590 4583
2590 2522
2590 12514
2595 14691
2595 15749
2595 7747
2595 10465
2599 12642
2600 10609
2600 446
2600 861
2600 9511
2600 18212
2600 3850
2600 15660
2600 4601
2600 11829
2600 11488
2600 5461
2600 17744
2600 4061
2600 3307
2600 16387
2600 15210
2600 8767
2600 3146
2600 8899
2600 13361
2600 5046
2600 6641
2600 16366
2600 17149
2600 15966
2600 11872
2600 885
2600 7133
2600 912
2600 9868
2600 6801
2600 7965
2600 5866
2600 12797
2600 8796
2600 15778
2600 1579
2602 15713
2603 14032
2603 9428
2605 9417
2615 4713
2617 14034
2621 7493
2623 17506
2623 701
2624 8008
2624 7206
2624 4036
2624 7266
2624 3884
2624 13137
2624 15572
2624 549
2624 2647
2624 14011
2624 9285
2624 11780
2624 8417
2624 16120
2624 8007
2624 8692
2624 16275
2624 3735
2624 740
2624 4288
2624 8866
2624 10051
2624 15806
2624 1271
2624 237
2624 5716
2624 4641
2624 12889
2624 17508
2624 4499
2624 14209
2624 6367
2624 14827
2624 13079
2624 5505
2624 8372
2624 10223
2624 5466
2624 9960
2624 100
2624 4204
2624 554
2624 9447
2624 113
2624 18193
2624 12623
2624 11997
2624 12594
2624 10911
2624 10385
2624 3823
2624 246
2624 16525
2624 1570
2624 10239
2624 2764
2624 16211
2624 2717
2624 13398
2624 15043
2624 9912
2624 3854
2624 6623
2624 990
2624 1814
2624 3517
2624 872
2624 13414
2624 316
2624 8138
2624 11627
2624 17548
2624 15220
2624 5957
2624 13863
2624 14225
2624 8260
2624 8365
2624 3754
2624 3312
2624 12662
2624 3094
2624 9663
2624 12454
2624 9157
2624 2817
2624 14277
2624 9808
2624 1893
2624 747
2624 9744
2624 3661
2624 137
2624 15804
2624 1305
2624 1302
2624 15945
2624 4789
2624 5418
2624 12287
2624 14596
2624 17814
2624 14148
2624 18178
2624 5364
2624 5042
2624 11698
2624 6340
2624 11169
2624 16166
2624 9932
2624 12333
2624 10007
2624 1088
2624 16771
2624 12165
2624 16256
2624 5823
2624 16477
2624 1660
2624 2578
2624 1958
2624 6096
2624 7218
2624 17000
2624 5881
2624 13541
2624 11537
2624 8474
2624 1324
2624 17152
2624 3839
2624 11735
2624 10477
2624 11266
2624 8409
2624 15972
2624 16314
2624 12260
2624 11106
2624 16652
2624 4726
2624 7572
2624 15990
2624 7004
2624 11722
2624 3800
2624 153
2624 2202
2624 9916
2624 4297
2624 526
2624 7312
2624 7549
2624 11238
2624 18439
2624 17398
2624 17805
2624 18378
2624 12880
2624 3786
2624 16945
2624 15919
2624 12409
2624 8584
2624 2131
2624 7685
2624 1884
2624 1300
2624 6495
2624 17566
2624 6955
2624 15206
2624 7453
2624 18094
2624 392
2624 302
2624 12307
2624 8992
2624 18207
2624 16798
2624 7668
2624 18295
2624 1557
2624 14460
2624 39
2624 16414
2624 15401
2624 11913
2624 12943
2624 10588
2624 6263
2624 2371
2624 2158
2624 10394
2624 353
2624 13756
2624 12379
2624 13866
2624 9099
2624 16869
2624 11939
2624 922
2624 3004
2624 17463
2624 15296
2624 6704
2624 15701
2624 6936
2624 9177
2624 12744
2624 1031
2624 8044
2624 2373
2624 6857
2624 6595
2624 11936
2624 5165
2624 235
2624 2879
2624 10123
2624 16641
2624 15790
2624 11392
2624 16971
2624 4870
2624 3142
2624 13829
2624 4873
2624 9125
2624 8063
2624 10506
2624 7907
2624 950
2624 10839
2624 11791
2624 11396
2624 6854
2624 7488
2624 16613
2624 16336
2624 13913
2624 14020
2624 1902
2624 14770
2624 4525
2624 13426
2624 2173
2624 1140
2624 6430
2624 9405
2624 81
2624 5298
2624 13135
2624 7158
2624 15005
2624 13391
2624 12730
2624 7301
2624 3222
2624 15902
2624 15120
2624 17536
2624 11524
2624 177
2624 3953
2624 8206
2624 12207
2624 9132
2624 2033
2624 2046
2624 8717
2624 10164
2624 12018
2624 4375
2624 3089
2624 12188
2624 1524
2624 14294
2624 7152
2624 15408
2624 11786
2624 7202
2624 9294
2624 7383
2624 7238
2624 18044
2624 17019
2624 15258
2624 15035
2624 3537
2624 13374
2624 10994
2624 16734
2624 7663
2624 6473
2624 18429
2624 13063
2624 361
2624 15449
2624 7494
2624 9182
2624 17344
2624 17073
2624 14722
2624 17811
2624 6055
2624 7377
2624 4940
2624 5777
2624 15248
2624 9399
2624 1826
2624 4161
2624 16033
2624 15782
2624 16066
2624 7529
2624 7110
2624 9887
2624 10848
2624 12219
2624 5463
2624 6954
2624 4420
2624 14319
2624 12411
2624 8902
2624 7467
2624 17507
2624 1034
2624 11857
2624 1798
2624 1281
2624 17298
2624 2221
2624 7185
2624 12600
2624 64
2624 7143
2624 5570
2624 11468
2624 5928
2624 12696
2624 5749
2624 625
2624 16582
2624 8687
2624 4681
2624 11878
2624 1506
2624 13908
2624 6991
2624 9925
2624 13057
2624 1358
2624 7466
2624 5268
2624 18004
2624 1640
2624 18197
2624 13973
2624 18420
2624 16755
2624 7235
2624 12731
2624 4033
2624 17002
2624 10846
2624 13503
2624 16231
2624 3733
2624 8977
2624 10866
2624 16178
2624 4063
2624 7988
2624 2890
2624 5280
2624 17389
2624 14653
2624 16950
2624 490
2624 904
2624 12648
2624 14160
2624 10056
2624 17546
2624 2830
2624 9774
2624 663
2624 9167
2624 14784
2624 2340
2624 3591
2624 6026
2624 2606
2624 6771
2624 13781
2624 108
2624 13240
2624 9275
2624 14489
2624 1504
2624 9149
2624 3492
2624 8549
2624 5081
2624 8030
2624 5078
2624 6633
2624 1060
2624 7160
2624 7148
2624 10156
2624 16943
2624 16514
2624 5663
2624 16064
2624 17737
2624 11938
2624 14262
2624 6232
2624 12726
2624 8216
2624 8325
2624 1071
2624 13091
2624 12654
2624 10134
2624 16494
2624 650
2624 7974
2624 11100
2624 7581
2624 14787
2624 10376
2624 1189
2624 12621
2624 15118
2624 6969
2624 13801
2624 10849
2624 5983
2624 18377
2624 12088
2624 5218
2624 14083
2624 13435
2624 13799
2624 5154
2624 16783
2624 140
2624 2580
2624 1697
2624 15509
2624 14861
2624 8035
2624 17308
2624 10753
2624 850
2624 8699
2624 16523
2624 4349
2624 4009
2624 11711
2624 16105
2624 6379
2624 8450
2624 2640
2624 13538
2624 10956
2624 10356
2624 1288
2624 5452
2624 8395
2624 17623
2624 4768
2624 295
2624 16246
2624 2079
2624 14139
2624 333
2624 3574
2624 16789
2624 17331
2624 603
2624 14862
2624 6723
2624 3793
2624 2777
2624 17621
2624 4991
2624 5090
2624 12603
2624 6417
2624 18053
2624 128
2624 11844
2624 3959
2624 6326
2624 4290
2624 5347
2624 16338
2624 11144
2624 17112
2624 14159
2624 12386
2624 16219
2624 3840
2624 16075
2624 781
2624 6125
2624 10446
2624 1611
2624 906
2624 14549
2624 814
2624 8559
2624 5722
2624 12003
2624 1297
2624 7830
2624 8503
2624 384
2624 375
2624 9859
2624 2030
2624 6039
2624 16507
2624 9786
2624 12628
2624 14229
2624 8814
2624 16363
2624 1424
2624 15637
2624 5610
2624 17727
2624 17978
2624 17657
2624 11740
2624 4000
2624 4440
2624 7894
2624 15634
2624 2105
2624 13877
2624 7739
2624 4278
2624 15620
2624 15457
2624 11032
2624 15287
2624 18364
2624 14734
2624 16857
2624 9205
2624 761
2624 4176
2624 10945
2624 3653
2624 8012
2624 7290
2624 14562
2624 8046
2624 13371
2624 12083
2624 11155
2624 1293
2624 11068
2624 4646
2624 14849
2624 12843
2624 8336
2624 18361
2624 3435
2624 6588
2624 7307
2624 13093
2624 16659
2624 49
2624 4742
2624 10712
2624 11801
2624 12085
2624 4230
2624 9457
2624 13932
2624 11061
2624 18290
2624 9622
2624 8348
2624 1834
2624 346
2624 3645
2624 18078
2624 2863
2624 14335
2624 3335
2624 5507
2624 2797
2624 11050
2624 6481
2624 17443
2624 323
2624 4923
2624 17314
2624 16390
2624 7189
2624 17839
2624 11977
2624 17408
2624 16465
2624 14323
2624 9110
2624 3775
2624 4615
2624 5978
2624 967
2624 6699
2624 16330
2624 15607
2624 4263
2624 16388
2624 11191
2624 5924
2624 4331
2624 13289
2624 4094
2624 7803
2624 11842
2624 14
2624 13017
2624 8083
2624 3627
2624 16572
2624 12426
2624 14646
2624 14359
2624 6586
2624 18228
2624 11584
2624 17265
2624 9943
2624 2551
2624 18288
2624 10423
2624 8605
2624 11830
2624 3790
2624 17479
2624 14086
2624 10718
2624 1120
2624 14376
2624 14337
2624 13100
2624 12301
2624 14275
2624 10155
2624 4338
2624 16810
2624 1441
2624 12496
2624 14697
2624 5782
2624 16500
2624 3355
2624 5991
2624 1587
2624 6914
2624 14796
2624 16739
2624 15222
2624 3536
2624 13585
2624 6856
2624 1009
2624 4657
2624 14002
2624 12213
2624 7609
2624 17131
2624 12251
2624 7292
2624 11166
2624 14384
2624 11043
2624 11063
2624 11259
2624 17130
2624 8272
2624 5678
2624 13586
2624 8196
2624 7084
2624 182
2624 3263
2624 14213
2624 173
2624 18292
2624 5744
2624 11439
2624 17238
2624 12054
2624 1750
2624 1947
2624 151
2624 5310
2624 1075
2624 4099
2624 13669
2624 3776
2624 9573
2624 15310
2624 9387
2624 5236
2624 2410
2624 16358
2624 7404
2624 16031
2624 618
2624 12699
2624 7884
2624 7845
2624 9445
2624 3640
2624 438
2624 11096
2624 13408
2624 368
2624 1198
2624 15247
2624 17605
2624 917
2624 9006
2624 3996
2624 12790
2624 4324
2624 62
2624 15849
2624 14828
2624 12967
2624 4021
2624 2444
2624 3748
2624 15754
2624 2121
2624 2572
2624 6465
2624 17755
2624 12405
2624 10519
2624 18437
2624 2432
2624 13464
2624 2338
2624 8494
2624 12021
2624 11647
2624 6384
2624 6716
2624 2211
2624 12022
2624 12904
2624 11718
2624 11103
2624 15521
2624 7862
2624 12060
2624 14521
2624 3150
2624 6559
2624 10279
2624 14458
2624 18393
2624 4809
2624 8452
2624 13869
2624 11324
2624 13124
2624 17808
2624 11412
2624 3620
2626 7897
2626 13277
2626 4838
2627 17960
2628 6224
2634 5647
2639 792
2655 8023
2655 10984
2655 331
2655 8903
2655 10998
2655 12712
2655 8499
2655 10628
2657 3520
2657 3922
2657 2892
2657 8873
2657 5583
2657 4769
2657 3191
2657 15333
2657 13732
2657 14016
2657 13662
2657 6208
2657 1393
2657 12710
2657 8142
2657 13947
2657 5797
2657 1059
2657 13468
2657 12939
2657 15545
2657 11451
2657 14895
2657 1145
2657 14672
2657 9198
2657 14556
2657 18215
2657 9059
2657 1277
2657 13340
2657 10078
2657 12201
2657 6514
2657 241
2657 7472
2657 1455
2657 1995
2657 13617
2657 8762
2657 2701
2657 6198
2657 3642
2657 14145
2657 10679
2657 5725
2657 3916
2657 17317
2657 10662
2657 4056
2657 8009
2657 17744
2657 16834
2657 9856
2657 15610
2657 14108
2657 4745
2657 4014
2657 13978
2657 13120
2657 16906
2657 3165
2657 7027
2657 4732
2657 11966
2657 6002
2657 14817
2657 12339
2657 3992
2657 15966
2657 3120
2657 11803
2657 5667
2657 12310
2657 15978
2657 14090
2657 2476
2657 12514
2657 9085
2657 17206
2657 4803
2657 6580
2657 600
2657 2620
2657 6632
2657 14024
2657 8765
2657 17738
2657 2468
2657 5321
2657 16760
2659 10804
2659 13382
2659 3505
2662 15161
2665 6412
2666 6024
2670 2519
2670 12777
2672 7036
2673 1126
2673 15505
2673 12659
2673 13612
2673 5683
2673 6580
2675 789
2675 4860
2677 4139
2677 3165
2677 13456
2677 3903
2677 446
2679 10399
2680 12072
2680 2880
2680 7068
2684 13566
2684 15386
2684 16697
2684 5010
2685 9659
2687 11833
2687 9789
2688 16700
2688 13768
2689 17091
2689 4070
2695 7349
2698 1141
2699 14130
2699 2950
2699 12269
2700 6964
2701 10068
2701 13545
2701 10483
2701 2770
2701 73
2701 5146
2701 17738
2701 5010
2701 9166
2701 6294
2701 17855
2701 15162
2701 1959
2702 10187
2702 9179
2702 9421
2702 15966
2704 9984
2704 17279
2704 2447
2704 2494
2704 12937
2704 9600
2704 1784
2704 5631
2706 11798
2706 13195
2709 3009
2709 13613
2709 6788
2709 17883
2709 15896
2709 4949
2709 6597
2709 6469
2709 7722
2710 6140
2710 11672
2710 5155
2710 4897
2710 6049
2710 15896
2711 947
2711 16123
2711 1156
2711 4780
2711 5377
2711 6407
2713 15182
2713 823
2713 7150
2715 14786
2718 12052
2718 5670
2718 17913
2718 2876
2718 7876
2718 6360
2718 7198
2718 5600
2718 11512
2718 13030
2718 3387
2718 6695
2718 4394
2718 3184
2720 446
2720 1141
2720 4880
2720 1510
2720 12345
2720 18049
2720 12249
2721 13650
2721 6138
2721 126
2721 10944
2721 8182
2721 2280
2721 11195
2721 11246
2721 11548
2721 15594
2721 16975
2721 15711
2721 8896
2721 17818
2721 18241
2721 16350
2721 3711
2721 17043
2721 17506
2721 14025
2721 16555
2721 6423
2721 5343
2721 15243
2721 4225
2721 10854
2721 6049
2721 8208
2721 12306
2721 7327
2721 11787
2721 16528
2721 7339
2721 8366
2722 5139
2722 17883
2722 5793
2723 14741
2723 10020
2723 15303
2723 6383
2723 2034
2725 17325
2728 10331
2728 5803
2728 16248
2728 1915
2728 10561
2728 4949
2728 10944
2730 2104
2730 11270
2732 4949
2732 5501
2732 18421
2732 14028
2732 8799
2732 9304
2732 18014
2732 16895
2732 1156
2732 9942
2732 10612
2732 13389
2732 928
2732 8499
2732 1231
2732 18416
2734 5644
2734 8764
2734 2958
2734 4303
2735 8672
2735 5010
2740 9826
2740 13943
2740 7271
2740 8614
2740 7955
2741 8102
2741 6851
2743 1544
2746 3023
2746 4409
2746 13061
2746 4167
2746 5176
2749 6515
2749 4397
2749 11419
2749 6855
2751 10670
2755 5566
2759 4247
2759 12579
2759 6940
2759 7005
2759 3950
2759 11254
2759 2412
2759 716
2759 8463
2759 3708
2759 6412
2759 15966
2759 11488
2759 3648
2759 9017
2759 2657
2759 3914
2759 1367
2759 11617
2759 16070
2759 17586
2759 571
2759 784
2759 2225
2759 16614
2759 3176
2759 6905
2759 3751
2759 6887
2759 1393
2759 2034
2759 4806
2759 17502
2759 6687
2759 13742
2759 3273
2759 2816
2759 12162
2759 15315
2759 16366
2759 6755
2759 17395
2759 8614
2759 7519
2759 18306
2759 11309
2759 14399
2759 3992
2759 8362
2759 8912
2759 1923
2759 7031
2759 11837
2759 9313
2759 13887
2759 11517
2759 9085
2759 12777
2759 13730
2759 9215
2759 8710
2759 17386
2759 12861
2759 12937
2759 17521
2759 15880
2759 1631
2759 6461
2759 17744
2759 11215
2759 13188
2759 142
2759 8435
2759 11816
2759 4315
2759 12108
2759 18216
2759 17149
2759 7287
2759 8406
2759 634
2759 11147
2759 17960
2759 7791
2759 4988
2759 13545
2759 9735
2759 10340
2759 5588
2759 14723
2759 16019
2759 16387
2759 7691
2759 2928
2759 15660
2759 10149
2759 8582
2759 835
2759 4601
2759 11010
2759 15661
2759 3688
2759 4907
2759 1592
2759 9234
2759 14164
2759 8112
2759 7746
2759 9873
2759 14108
2759 10888
2759 8996
2759 4778
2759 13514
2759 5416
2759 7340
2759 4690
2759 529
2759 18300
2759 2815
2759 8213
2760 13220
2760 5582
2760 17758
2760 4846
2760 15168
2767 10554
2767 8657
2767 9310
2767 13024
2767 10402
2767 10742
2767 15833
2772 17141
2772 1059
2779 1126
2783 6343
2783 18215
2783 6687
2783 15674
2783 14885
2783 6493
2783 6093
2783 4601
2783 6443
2783 8710
2783 8009
2783 9966
2783 8936
2783 15966
2783 10663
2784 7939
2785 16959
2785 16856
2785 2779
2785 5866
2785 8761
2785 15259
2785 10066
2785 16168
2785 18329
2785 7711
2785 5461
2785 7603
2785 15164
2785 2587
2785 4583
2785 9734
2785 5608
2785 13947
2785 3984
2785 5167
2789 4167
2790 16861
2790 11215
2790 13949
2790 7519
2790 7729
2790 5667
2790 2187
2790 16292
2790 8710
2790 10483
2790 6940
2790 4806
2790 11342
2790 16348
2790 6449
2790 4057
2790 14804
2790 4758
2790 1885
2790 16655
2790 16815
2790 1141
2790 4172
2790 5046
2790 16578
2790 4390
2790 17114
2790 9826
2790 3964
2790 8839
2790 14108
2790 3521
2790 13133
2790 6297
2790 5460
2790 12711
2790 18350
2790 4432
2790 12659
2790 8852
2790 6589
2790 12948
2790 15865
2790 3992
2790 9270
2790 12340
2790 14924
2790 9152
2790 7711
2790 6580
2790 10965
2790 17960
2792 1141
2792 3731
2796 7166
2796 8990
2806 16168
2807 3059
2811 9269
2811 13775
2813 16861
2820 15369
2820 6270
2820 1761
2820 12854
2820 15711
2820 10301
2820 1008
2820 17506
2820 11833
2820 11865
2820 16824
2820 13775
2820 4585
2820 8442
2820 9050
2820 10197
2820 3223
2820 16097
2820 15326
2820 9080
2825 4350
2825 261
2825 16359
2825 1915
2825 4949
2825 12706
2825 3489
2825 2004
2825 1671
2825 17748
2825 10622
2825 3161
2825 13811
2825 17506
2825 3313
2825 3196
2825 4234
2825 14638
2825 5675
2825 3341
2825 6100
2825 14801
2825 10331
2825 4063
2825 14863
2825 12624
2825 11833
2825 13300
2825 6676
2825 6194
2825 7827
2825 8235
2825 701
2825 3432
2827 7332
2828 13267
2831 15713
2831 10826
2831 11247
2831 1141
2831 8097
2831 15585
2831 5010
2831 3734
2831 8710
2831 15246
2831 7271
2831 2574
2831 3887
2831 14024
2833 389
2834 3439
2836 17243
2836 17160
2838 6641
2840 4732
2840 6024
2840 5851
2840 14243
2840 9059
2840 184
2845 17639
2853 11876
2853 17024
2853 9753
2853 3130
2853 634
2856 7198
2858 10040
2864 529
2864 6196
2864 7128
2864 12302
2864 1812
2864 6853
2864 7786
2864 1109
2864 12931
2864 17445
2864 5797
2864 8556
2864 15069
2864 9166
2864 7770
2864 15657
2864 514
2864 3677
2864 10338
2864 9198
2864 18449
2864 6516
2864 16904
2864 18244
2864 3922
2864 9935
2864 234
2864 3982
2864 10962
2864 2928
2864 4507
2864 9735
2864 9750
2864 3521
2864 15793
2864 8728
2864 13327
2864 12977
2864 14999
2864 2276
2864 12514
2864 239
2864 4320
2864 18448
2864 6514
2864 12310
2864 15966
2864 11526
2864 10930
2864 2449
2864 15705
2864 13031
2864 17815
2868 15966
2869 10622
2869 4250
2869 11814
2875 2809
2875 4690
2875 17106
2875 13139
2875 6942
2875 15771
2877 18062
2880 7621
2881 10235
2881 5215
2881 14341
2881 766
2881 2877
2883 10942
2883 5461
2883 12368
2883 10066
2885 3903
2887 17114
2889 1934
2889 3120
2889 8796
2889 2657
2889 15793
2889 18216
2889 2187
2889 9826
2889 12575
2891 3771
2891 3171
2891 9776
2891 6208
2891 5329
2891 15633
2891 15942
2891 13854
2891 12249
2891 15136
2891 9479
2891 1519
2891 9670
2891 2258
2891 13361
2891 15966
2891 11713
2891 12598
2891 3903
2891 8011
2891 6759
2893 11281
2893 5927
2893 6773
2894 5343
2896 13300
2896 14814
2896 6049
2896 16242
2896 4949
2896 9373
2896 15750
2896 15159
2896 5436
2898 12631
2898 5010
2898 13044
2898 14788
2898 8796
2898 6558
2898 10078
2898 18215
2898 7030
2898 6208
2898 9843
2898 4939
2898 9279
2898 8264
2898 15660
2898 16861
2898 7415
2898 14005
2902 731
2902 4056
2902 4481
2902 14169
2902 1371
2902 1126
2902 8556
2902 9017
2902 15975
2902 2932
2902 14652
2902 12660
2902 16216
2902 14786
2902 7036
2902 5113
2902 3890
2902 7650
2902 17141
2902 3878
2903 10020
2904 16952
2904 877
2907 1164
2907 9785
2908 3174
2908 371
2911 17092
2914 17156
2914 13566
2914 9234
2914 6208
2914 1473
2921 6775
2922 1859
2922 8556
2922 13943
2926 6639
2929 4544
2929 17241
2929 6294
2929 9179
2929 770
2929 11827
2929 17638
2929 6670
2929 17149
2929 1883
2929 10251
2929 17275
2929 3120
2929 5797
2929 4481
2929 13445
2929 3688
2929 13366
2929 7720
2929 6032
2929 17979
2929 8627
2929 4939
2929 3296
2929 13014
2929 14551
2929 446
2929 10491
2936 1544
2936 16579
2936 1354
2936 17960
2936 17666
2936 8505
2936 7332
2936 8753
2936 5537
2936 6196
2936 13887
2937 16001
2937 17743
2937 4396
2937 7006
2937 16387
2937 277
2937 17395
2937 9777
2937 12241
2937 15901
2937 5772
2937 1686
2942 9893
2943 1263
2943 10811
2944 12818
2944 17205
2944 13759
2944 11432
2944 867
2944 3364
2944 10854
2945 11833
2946 205
2947 15388
2950 3120
2950 4601
2950 3731
2950 94
2950 9511
2950 8735
2950 9209
2950 10942
2950 5461
2950 2852
2957 14991
2957 12860
2957 17226
2959 381
2962 12729
2962 8796
2962 4676
2965 12246
2965 13020
2966 15279
2968 3016
2968 352
2971 10331
2973 17108
2973 15207
2973 13441
2973 11408
2977 18123
2980 7621
2980 11804
2982 8013
2982 14350
2982 5483
2982 11296
2982 12937
2982 8796
2982 3422
2982 3708
2982 15966
2982 1289
2982 3861
2982 11935
2982 3603
2982 14885
2982 9642
2982 10862
2982 17744
2982 940
2982 4665
2982 17826
2982 1393
2982 3520
2982 14865
2982 7720
2982 13014
2982 1070
2982 6643
2982 4583
2982 9279
2982 1453
2982 1151
2982 6024
2982 1412
2982 13467
2982 16579
2982 3120
2982 17279
2982 7016
2982 10234
2982 15714
2982 2187
2982 4442
2982 5866
2982 12314
2982 17141
2982 10962
2982 2458
2982 4769
2982 1810
2982 9143
2982 784
2982 4465
2982 234
2982 10663
2982 14129
2982 9072
2982 6706
2982 3731
2982 5178
2982 13617
2982 13794
2982 16171
2982 9868
2982 15578
2982 16281
2982 16595
2982 1311
2982 3815
2982 14566
2982 1371
2982 5329
2982 1996
2982 14108
2982 7603
2982 7910
2982 2827
2982 6231
2982 4172
2982 5688
2982 14120
2982 9308
2982 12777
2982 8037
2982 13280
2982 1823
2982 7271
2982 13986
2982 657
2982 14341
2982 7578
2982 15835
2982 8556
2982 2932
2982 9152
2983 867
2983 243
2983 9942
2983 10835
2983 9417
2983 13775
2983 7827
2984 12201
2984 522
2993 11796
2993 3731
2993 8504
2996 509
2996 12020
2996 1185
2996 9878
2996 7103
2996 8660
2996 5683
2996 1680
2996 5461
2996 15703
2996 1602
2996 5301
2996 17243
2996 7348
2996 15260
2996 12330
2996 12872
2996 5130
2996 8735
2996 10774
2996 14467
2996 11210
2996 5647
2996 13309
2996 946
2996 12176
2996 17673
2996 5970
2996 1730
2996 18318
2996 9742
2996 2425
2996 10061
2996 13014
2996 8698
2996 13013
2996 1509
2996 5129
2996 5836
2996 5173
2996 13512
2996 16529
2996 16281
2996 11398
2996 8527
2996 4758
2996 11388
2996 6924
2996 16180
2996 6171
2996 8091
2996 5329
2996 10259
2996 15713
2996 11407
2996 784
2996 9756
2996 1262
2996 3360
2996 3731
2996 15473
2996 5062
2998 16797
3000 9867
3000 10524
3000 17127
3000 16794
3009 3728
3009 17184
3011 14227
3011 7750
3013 14801
3015 10854
3015 8691
3018 17339
3020 11833
3020 13542
3020 12569
3020 11865
3020 10612
3020 14358
3020 2518
3020 13006
3020 657
3020 701
3020 9789
3020 9942
3020 17173
3020 13775
3020 13389
3020 17468
3020 2596
3020 5114
3020 4319
3020 8691
3020 15184
3021 7604
3024 8796
3024 14350
3024 13868
3026 18017
3026 15579
3026 11851
3026 18432
3027 3295
3028 15930
3029 2461
3031 3120
3031 7005
3031 10862
3031 11472
3031 9166
3031 11955
3031 14556
3033 9659
3045 8691
3045 18451
3045 3059
3046 2096
3053 16385
3057 12533
3057 15500
3057 2864
3057 11153
3057 77
3062 7478
3064 13671
3064 9519
3067 17506
3071 8919
3071 7623
3072 9914
3072 17806
3075 3595
3076 14077
3076 6294
3076 5461
3076 12977
3076 6412
3076 18306
3076 13283
3076 1227
3076 8675
3076 10483
3076 12937
3076 5153
3076 14005
3076 15534
3076 6890
3076 7146
3076 3165
3076 17673
3076 13014
3076 8013
3076 3520
3076 12768
3076 3191
3076 15633
3076 14671
3076 6297
3076 8142
3076 3904
3076 738
3076 1145
3076 219
3076 14729
3076 17111
3076 6580
3076 3256
3076 12108
3076 12458
3076 9085
3076 9234
3076 18300
3076 8029
3076 1126
3076 17634
3076 3176
3076 13064
3076 16149
3076 17960
3076 15029
3076 16348
3076 15452
3076 9843
3076 14924
3076 7720
3076 9209
3076 446
3076 17141
3076 3731
3076 7994
3076 4387
3076 3166
3076 4860
3076 6208
3076 1133
3076 7127
3076 7626
3076 3751
3076 5098
3076 17628
3076 7015
3076 5130
3076 11559
3076 4806
3076 13445
3076 8796
3076 4390
3076 17834
3076 2455
3076 11423
3076 2701
3076 9741
3076 7747
3076 8667
3076 15978
3076 6213
3076 14504
3076 5046
3076 6541
3076 5416
3076 16281
3076 10826
3076 14566
3076 4481
3076 6940
3076 13327
3076 2929
3076 1360
3076 10163
3076 15771
3076 17744
3076 9511
3076 13664
3076 17895
3076 6163
3076 16858
3076 7406
3076 5277
3076 4665
3076 9166
3076 9105
3076 1340
3076 15860
3076 10663
3076 14974
3076 6571
3076 8658
3076 7578
3076 9198
3076 14885
3076 16387
3076 11837
3076 1698
3076 2509
3076 11294
3076 8527
3076 2467
3076 16904
3076 16730
3076 16599
3076 11674
3076 10216
3076 9161
3076 12220
3076 17736
3076 17908
3076 6715
3076 9868
3076 17486
3076 2916
3076 40
3076 15713
3076 772
3076 17521
3076 6325
3076 17651
3076 3621
3076 7519
3076 277
3076 15660
3076 3386
3076 372
3076 5010
3076 12176
3076 12602
3076 10722
3076 10389
3076 11678
3076 2554
3076 9310
3076 4544
3076 2945
3076 17801
3076 8690
3076 13573
3076 7232
3076 2813
3076 12865
3076 3440
3076 12269
3076 3041
3076 398
3076 13388
3076 3120
3076 8710
3076 529
3076 6905
3076 1325
3076 3278
3076 9100
3076 3296
3076 12874
3076 14599
3076 10942
3076 6802
3076 10938
3076 5717
3076 7291
3076 17767
3076 18244
3076 5240
3076 9752
3076 12051
3076 15270
3076 5667
3076 18327
3076 9883
3076 11390
3076 4738
3076 13847
3076 8446
3076 953
3076 10200
3076 13139
3076 8096
3076 8719
3076 8060
3076 2381
3076 8958
3076 9038
3076 15887
3076 9243
3076 16208
3076 766
3076 8435
3076 8798
3076 14338
3076 13077
3076 12861
3076 9126
3076 5797
3076 4601
3076 16070
3076 6641
3076 3056
3076 2014
3076 6024
3076 10842
3076 10066
3076 14392
3076 784
3076 11339
3076 9160
3076 6247
3076 15966
3076 9696
3076 12511
3076 2463
3076 14243
3076 7714
3076 11076
3076 13566
3076 16223
3076 10067
3076 6443
3076 5049
3076 1694
3076 13256
3076 3765
3076 11757
3076 5571
3076 17206
3076 2154
3076 15440
3076 3117
3076 11802
3076 15714
3076 7340
3076 5239
3076 7576
3076 11010
3076 17096
3076 73
3076 1419
3076 9492
3076 6022
3076 16578
3076 4336
3076 4984
3076 4335
3076 13211
3076 7000
3076 14181
3076 5207
3076 7099
3076 8996
3076 1351
3076 18100
3076 11317
3076 17149
3076 2506
3076 9017
3076 9440
3076 8052
3076 4977
3076 13943
3076 2034
3076 13794
3076 1885
3076 3871
3076 7271
3076 17943
3076 3564
3076 16738
3076 5683
3076 9300
3076 14358
3076 14938
3076 11658
3076 14901
3076 10363
3076 866
3076 14788
3076 18410
3078 1453
3078 10609
3078 14108
3078 14885
3078 16292
3078 14501
3078 10209
3078 3176
3078 17521
3078 6213
3080 4601
3080 10508
3081 10187
3081 4389
3081 16263
3081 12521
3081 3977
3081 5927
3081 13396
3081 7296
3081 10709
3081 8882
3081 9819
3081 7224
3081 6784
3081 10964
3081 9276
3081 12793
3081 3624
3081 12769
3081 17052
3081 5472
3081 10721
3081 17433
3081 15076
3081 1516
3081 16937
3081 12765
3081 16510
3081 11408
3081 13792
3081 5030
3081 4680
3081 14234
3081 1459
3081 15483
3081 18296
3081 15511
3081 3192
3081 484
3081 8442
3081 15696
3081 2126
3081 14025
3081 15836
3081 4267
3081 18337
3081 3427
3081 5589
3081 1363
3081 13212
3081 17311
3081 10287
3081 5967
3081 3181
3081 11074
3081 10099
3081 4165
3081 13668
3081 15449
3081 4778
3081 15816
3081 16306
3081 3912
3081 5807
3081 13629
3081 2045
3081 1144
3081 16800
3081 15812
3081 2194
3081 8969
3081 9363
3081 3311
3081 9304
3081 17986
3081 8947
3081 790
3081 7620
3081 3402
3081 13577
3081 9841
3081 11785
3081 331
3081 186
3081 13550
3081 11702
3081 11548
3081 7097
3081 12502
3081 6143
3081 6038
3081 5666
3081 16618
3081 2829
3081 11651
3081 11648
3081 11372
3081 2800
3081 354
3081 3805
3081 5139
3081 11640
3081 14765
3081 8123
3081 10824
3081 17286
3081 15185
3081 17390
3081 2956
3081 12295
3081 14775
3081 15209
3081 9570
3081 13579
3081 4949
3081 3029
3081 7354
3081 561
3081 6547
3081 823
3081 17902
3081 11570
3081 3023
3081 15715
3081 15628
3081 18080
3081 8870
3081 3651
3081 15471
3081 441
3081 4670
3081 3356
3081 6286
3081 7839
3081 2437
3081 2133
3081 2402
3081 1048
3081 7827
3081 9213
3081 826
3081 465
3081 8941
3081 12524
3081 7838
3081 7427
3081 1819
3081 8685
3081 10443
3081 13643
3081 12973
3084 2811
3086 7720
3087 4841
3087 17477
3087 13247
3087 14263
3095 5692
3098 15719
3098 9942
3098 2910
3098 9174
3098 3329
3099 6194
3101 6049
3102 5566
3103 450
3104 8249
3106 9885
3106 15260
3109 1011
3109 6888
3109 11805
3109 6964
3109 11189
3109 3059
3109 4949
3109 2528
3109 6360
3109 936
3109 6473
3109 18348
3109 5678
3109 725
3109 11833
3109 2871
3109 10431
3109 11312
3109 701
3109 10604
3109 18326
3109 5779
3109 1021
3109 15159
3109 7047
3109 13715
3109 12933
3109 17506
3109 2687
3109 16896
3109 6354
3109 1913
3109 7431
3109 2391
3109 2714
3109 13629
3109 14843
3109 10347
3109 16359
3109 2724
3109 7827
3109 12642
3109 12847
3109 16016
3109 8471
3109 155
3109 8165
3109 5525
3109 13006
3109 12011
3109 5944
3109 10512
3109 8469
3109 1915
3109 10092
3109 11564
3109 17291
3109 8322
3109 14897
3109 8217
3109 12621
3109 465
3109 5425
3109 17339
3109 10361
3109 17226
3109 18175
3109 16970
3109 13486
3109 14354
3109 6911
3109 9419
3109 16618
3109 5400
3109 14991
3109 6564
3109 10601
3109 16496
3109 18436
3109 16463
3109 11536
3109 7989
3109 1819
3109 17318
3109 4131
3109 7456
3109 9217
3109 16576
3109 11931
3109 6049
3109 8190
3109 9417
3109 2188
3109 8843
3109 3985
3109 621
3109 11408
3109 1189
3109 8799
3109 14659
3109 16555
3109 8525
3109 15781
3109 2516
3109 2713
3109 4562
3109 2364
3109 12115
3113 465
3113 1458
3113 4890
3113 7294
3113 3910
3113 329
3113 6788
3113 6037
3114 5302
3114 9519
3114 15188
3114 10594
3114 12172
3114 9501
3114 12660
3114 7578
3114 9826
3114 8154
3114 15992
3114 5920
3114 2612
3114 5667
3114 7957
3114 1262
3115 5343
3115 2716
3115 3987
3115 10092
3115 5176
3115 16511
3115 11784
3115 18303
3115 13167
3115 9942
3115 11805
3118 877
3120 9826
3120 10400
3120 5153
3125 4806
3128 16292
3128 3176
3128 7994
3128 10576
3128 4732
3128 3992
3128 13566
3128 9503
3128 18336
3128 10746
3128 15452
3128 1787
3128 2645
3128 9198
3128 4538
3128 6207
3128 8556
3128 3120
3128 12157
3128 18215
3128 1825
3128 7729
3128 825
3128 2813
3128 3440
3128 10483
3128 16922
3128 17149
3128 10670
3128 5435
3128 6705
3128 14321
3128 7146
3128 16738
3128 7349
3128 3990
3128 14358
3128 8796
3128 11247
3128 6247
3128 7472
3128 4939
3128 9677
3128 15714
3128 7747
3130 2013
3130 5277
3130 17445
3131 17557
3131 6216
3134 4793
3134 4299
3140 13643
3140 1888
3143 12865
3143 12217
3143 15743
3143 11465
3143 4952
3143 18443
3143 16715
3143 1616
3143 14118
3143 8009
3143 17928
3143 8013
3143 13993
3143 4320
3143 16545
3143 12162
3143 4714
3143 3603
3143 372
3143 11462
3147 13775
3147 17361
3149 8920
3151 1079
3154 17871
3154 3727
3156 3821
3158 7289
3158 2399
3158 16570
3158 6264
3162 14533
3163 13006
3164 11070
3164 14494
3164 41
3164 13995
3165 3176
3167 13006
3167 11833
3167 11825
3167 10622
3167 5606
3167 701
3167 7166
3167 6031
3167 993
3167 4949
3167 3489
3167 15896
3167 16491
3167 13300
3167 12845
3167 5525
3167 11805
3167 14957
3167 10357
3167 7256
3167 17468
3167 124
3167 10302
3167 16027
3167 10343
3167 16479
3167 5870
3167 1454
3167 9184
3167 5091
3167 14775
3167 10612
3167 14991
3167 9206
3167 4219
3167 12331
3167 10189
3167 7773
3167 13367
3167 4277
3167 18348
3167 3242
3167 2127
3167 11467
3167 10601
3167 10970
3167 8023
3167 8867
3167 7975
3167 6815
3167 5572
3167 18447
3167 4345
3167 17771
3167 12919
3167 13953
3167 11747
3167 17374
3167 18363
3167 6572
3167 5139
3167 465
3167 9664
3167 15765
3167 14645
3167 17356
3167 16510
3167 8358
3167 14807
3167 1696
3167 14537
3167 11741
3167 5057
3167 2461
3167 14664
3167 17717
3167 13315
3167 3059
3167 2598
3167 6360
3167 5400
3167 16515
3167 14334
3167 7904
3167 12306
3167 4518
3167 13190
3167 2991
3167 18023
3167 5959
3167 11548
3169 4601
3169 9281
3169 12533
3172 234
3172 12929
3172 13419
3172 18105
3172 1419
3177 3194
3177 770
3177 13652
3177 5797
3177 16387
3177 14361
3178 17291
3180 6241
3186 17184
3188 16579
3189 17971
3189 12196
3189 8060
3189 2402
3189 67
3189 8843
3189 17673
3189 10078
3189 5770
3189 18336
3190 9321
3190 14956
3190 16372
3190 9511
3194 17729
3198 770
3198 11141
3198 1393
3198 15714
3200 15895
3202 7500
3205 4951
3206 138
3206 2183
3206 10388
3206 11852
3206 7263
3212 13767
3212 11232
3212 983
3212 12940
3212 3337
3214 6098
3214 12440
3214 12172
3214 14566
3219 9910
3220 2607
3220 2399
3224 2657
3225 3440
3226 1141
3226 4320
3226 815
3226 17068
3227 299
3227 9771
3227 13217
3227 7990
3227 5389
3227 2938
3227 7684
3227 14302
3227 1219
3229 1490
3229 8735
3231 11927
3231 6294
3231 10068
3232 126
3232 1420
3232 2165
3233 15872
3233 3313
3233 9146
3233 18326
3233 14997
3233 3651
3233 15601
3233 17278
3234 7747
3234 5866
3234 11816
3234 2183
3234 5589
3234 8096
3234 6801
3234 4865
3234 3176
3234 835
3235 3337
3235 1520
3236 653
3236 10550
3238 6224
3242 1888
3242 15078
3242 13775
3242 13367
3242 13062
3242 10045
3242 11805
3242 1921
3242 11300
3242 2362
3242 10612
3242 7021
3242 12724
3242 11513
3242 1671
3242 8818
3242 4031
3242 5425
3242 17291
3242 16463
3242 10092
3242 265
3242 6111
3243 5010
3244 10354
3244 3555
3244 10780
3250 3944
3251 10626
3252 14243
3252 16796
3252 13169
3252 9152
3252 13794
3257 12602
3257 308
3257 18358
3257 11488
3257 5631
3257 1490
3257 4665
3257 571
3258 16193
3258 14594
3258 3059
3258 253
3258 7839
3258 1722
3258 14702
3258 9515
3258 16271
3258 7842
3258 15050
3258 12858
3258 8530
3258 1888
3258 3970
3258 5331
3258 537
3258 6507
3258 1404
3258 9358
3258 7359
3258 14089
3258 14845
3258 5431
3258 14188
3258 7892
3258 2940
3258 412
3258 14362
3258 5343
3258 16757
3258 12348
3258 16511
3258 13487
3258 16808
3258 7640
3258 12712
3258 11174
3258 14370
3258 7062
3258 13699
3258 13595
3258 3442
3258 1684
3258 16575
3258 9664
3258 916
3258 8130
3258 8234
3258 10024
3258 1808
3258 5731
3258 4114
3258 8390
3258 504
3258 2120
3258 155
3258 12311
3258 12220
3258 14383
3258 14106
3258 17977
3258 11087
3258 16581
3258 8676
3258 4199
3258 8906
3258 12007
3258 14740
3258 6069
3258 13760
3258 1960
3258 14232
3258 8664
3258 5400
3258 2153
3258 6338
3258 5783
3258 9419
3258 12825
3258 10954
3258 9797
3258 12024
3258 790
3260 398
3260 2187
3264 9893
3274 12875
3274 795
3274 13805
3274 1824
3274 9113
3274 7760
3274 5457
3274 17449
3274 17212
3274 9478
3274 1254
3274 9619
3274 11805
3274 4634
3277 18061
3277 16143
3281 18153
3281 2701
3283 9868
3283 17395
3292 272
3292 7172
3292 15380
3292 12261
3292 8281
3292 12724
3295 7269
3296 4880
3296 5866
3296 7951
3296 770
3303 5081
3303 12704
3303 16618
3303 8148
3305 1057
3305 3975
3305 11303
3305 15966
3305 13031
3307 17275
3307 8719
3307 8988
3307 234
3307 14358
3307 15633
3307 2506
3313 11865
3313 17184
3313 16555
3313 17043
3313 15077
3313 12973
3313 3364
3313 14692
3313 518
3313 16193
3313 14807
3313 10357
3313 7327
3313 6888
3313 16014
3313 3233
3313 8164
3313 11805
3313 17278
3313 16150
3313 16463
3313 5425
3313 8106
3314 10151
3319 14146
3319 7839
3322 11827
3325 1829
3325 11713
3329 13163
3336 7872
3336 3341
3337 3666
3337 18327
3337 7947
3337 12220
3337 17673
3337 7770
3337 5873
3337 16787
3337 257
3337 5629
3337 7720
3337 18215
3337 1995
3337 16826
3337 11177
3337 3500
3337 9173
3337 3033
3337 18408
3337 4070
3337 10200
3337 5498
3337 432
3337 6573
3337 13482
3337 17172
3337 6837
3337 13456
3337 5229
3337 15835
3337 11720
3337 8060
3337 5461
3337 1923
3337 1550
3337 17156
3337 18281
3337 252
3337 17380
3337 2587
3337 11526
3337 17075
3337 16861
3337 962
3337 17812
3337 18347
3337 17961
3337 11802
3337 11437
3337 2652
3337 8832
3337 9119
3337 11236
3337 18336
3337 8269
3337 15054
3337 12201
3337 4972
3337 11049
3337 4484
3337 1838
3337 15064
3337 1049
3337 10020
3337 4995
3337 857
3337 7127
3337 4753
3337 889
3337 9750
3337 5405
3337 5728
3337 14358
3337 4390
3337 11803
3337 4494
3337 13632
3337 16281
3337 6301
3337 511
3337 2506
3338 1473
3338 27
3338 12355
3338 16284
3338 9826
3338 13898
3338 3520
3338 9279
3338 6915
3339 1667
3339 2243
3339 856
3339 13497
3339 17960
3339 17501
3339 1590
3339 772
3339 7729
3339 566
3339 14130
3339 16308
3339 10499
3339 14021
3339 2576
3339 14052
3339 16606
3339 11506
3339 8379
3339 13791
3339 3521
3339 10608
3339 2276
3339 3725
3339 4396
3339 6998
3339 940
3339 10687
3339 15404
3339 13120
3339 18234
3339 522
3339 13133
3339 4951
3339 6928
3339 14026
3339 9777
3339 2247
3339 8085
3339 16111
3339 2740
3339 19
3339 1810
3339 12440
3339 11852
3339 14741
3339 17666
3339 2932
3339 5776
3339 16627
3339 13170
3339 7418
3339 12514
3339 13090
3339 5590
3339 4070
3339 6022
3339 16678
3339 141
3339 2772
3339 17133
3339 9166
3339 9868
3339 5695
3339 17012
3339 14005
3339 6676
3339 15210
3339 16495
3339 17309
3339 9310
3339 7770
3339 13910
3339 7406
3339 12660
3339 8861
3339 3005
3339 10819
3339 12312
3339 16360
3339 11678
3339 8767
3339 1025
3339 16559
3339 13014
3339 10507
3339 1690
3339 10694
3339 7631
3339 12937
3339 15333
3339 2739
3339 1694
3339 10009
3339 9409
3339 11974
3339 13221
3339 14553
3339 5673
3339 15214
3339 1817
3339 9756
3339 12248
3339 10799
3339 4184
3339 4544
3339 9753
3339 2154
3339 5692
3339 7306
3339 6874
3339 13675
3339 7924
3339 4292
3339 15901
3339 15732
3339 5429
3339 4086
3339 7576
3339 12192
3339 12711
3339 6364
3339 17114
3339 7055
3339 10836
3339 6952
3339 17704
3339 12249
3339 7670
3339 13341
3339 17526
3340 3450
3340 17695
3340 7340
3345 13024
3347 4887
3349 17043
3349 5377
3349 14991
3349 17714
3349 8691
3349 17937
3349 18403
3349 9163
3349 5039
3349 8525
3349 15155
3349 5525
3349 18182
3349 947
3349 5829
3349 8429
3349 9120
3349 11124
3349 8327
3349 10893
3349 7621
3349 3223
3349 15719
3349 6473
3349 17484
3352 10092
3352 7367
3352 11067
3352 1976
3352 10315
3352 647
3352 8819
3352 7508
3352 1541
3352 12640
3352 11225
3352 16658
3352 9260
3352 16237
3352 7485
3352 2214
3352 7257
3352 5679
3352 4505
3352 12718
3352 3090
3352 1496
3352 7722
3352 10721
3352 15080
3352 14114
3352 14934
3352 523
3352 8171
3352 2495
3352 6044
3352 10854
3352 11047
3352 16828
3352 6844
3352 6342
3352 7950
3352 16335
3352 3593
3352 14643
3352 10991
3352 4414
3352 18381
3352 2110
3352 15996
3352 10813
3352 17067
3352 14453
3352 14888
3352 5655
3352 3059
3352 10947
3352 5784
3352 1417
3352 17053
3352 1136
3352 1051
3352 1567
3352 4674
3352 13026
3352 11654
3352 17043
3352 10417
3352 8098
3354 15103
3358 7603
3358 1787
3358 4583
3358 99
3358 6297
3358 1490
3358 1141
3358 16579
3358 1259
3358 5438
3358 121
3363 5456
3364 9942
3364 11814
3364 9542
3364 8037
3367 12984
3367 11745
3367 16014
3367 12044
3367 13625
3367 12909
3373 9332
3377 15333
3377 277
3377 16366
3377 12602
3377 9674
3377 17149
3377 5329
3377 2506
3377 15389
3377 834
3377 16281
3377 3982
3379 1126
3379 13978
3389 10331
3389 7095
3389 5214
3397 14582
3397 18049
3399 16515
3399 8995
3399 2084
3399 3909
3399 10311
3399 7542
3399 7667
3399 13490
3399 8397
3399 8931
3399 11178
3399 2354
3399 11682
3399 17383
3399 8393
3399 17816
3399 8748
3399 7569
3399 3297
3399 4226
3399 12835
3399 10070
3399 17403
3399 15831
3399 17184
3399 104
3399 15319
3399 6308
3399 8333
3399 18157
3399 1567
3399 14122
3399 8836
3399 9555
3399 15490
3401 6082
3407 95
3408 11215
3413 9392
3414 8356
3415 18244
3415 9209
3415 12181
3415 10806
3415 3458
3416 13834
3416 6049
3416 630
3417 8527
3417 14804
3417 12944
3418 9324
3421 16123
3421 16509
3421 701
3421 12642
3421 5500
3421 2874
3421 1915
3421 10893
3421 331
3421 18046
3421 14191
3421 11805
3426 8710
3426 7720
3426 12504
3426 11837
3426 5010
3426 1126
3426 14169
3426 4390
3426 2375
3431 1599
3431 12965
3431 7621
3438 4060
3438 7210
3440 8527
3440 16348
3440 1126
3440 16578
3440 5416
3440 7542
3440 6649
3440 95
3440 14705
3440 11837
3440 7891
3440 2945
3440 3520
3440 2586
3440 1510
3440 3033
3441 4949
3441 17361
3441 8691
3441 16821
3441 2399
3441 15198
3441 2035
3441 4050
3441 12860
3441 10202
3441 7456
3441 15301
3441 4360
3441 3059
3441 8579
3441 7806
3441 247
3441 6720
3441 11833
3441 4531
3441 16934
3441 12013
3441 9184
3441 5775
3441 16072
3441 9419
3441 12161
3441 11924
3441 9670
3441 14680
3445 10017
3445 305
3447 17114
3447 8660
3447 1857
3447 12937
3447 6631
3447 7519
3447 1126
3447 16678
3447 13014
3447 17673
3447 7786
3448 9337
3455 724
3459 3007
3459 4952
3459 8889
3465 13163
3465 13891
3465 12911
3465 16686
3465 10833
3465 1458
3465 4777
3465 8682
3465 17184
3465 17952
3467 7855
3467 5036
3472 18306
3473 124
3476 14472
3476 5063
3476 7827
3476 12238
3476 8483
3476 2190
3476 8021
3476 13129
3476 3429
3476 7515
3476 10320
3476 5127
3476 6739
3476 11548
3476 8799
3476 3223
3476 1976
3476 5832
3476 6026
3476 95
3476 2610
3476 7132
3476 12331
3476 5803
3476 2052
3476 6049
3476 3059
3476 5534
3476 14807
3476 15711
3476 1924
3481 7720
3481 15753
3485 1635
3485 67
3485 17283
3487 14038
3487 5566
3487 13643
3487 9762
3487 1459
3487 17066
3487 13122
3487 8322
3487 8691
3487 5684
3487 15204
3487 15855
3487 15696
3487 4949
3487 10841
3487 2461
3487 5343
3487 14631
3487 11805
3487 13115
3487 6964
3487 450
3487 13145
3487 8190
3487 16123
3487 7827
3487 2741
3487 9448
3487 18046
3487 11600
3487 10386
3487 12331
3487 11865
3487 3182
3487 11973
3487 2714
3487 15493
3487 4656
3487 16014
3487 3059
3487 3400
3487 2462
3487 10305
3487 12043
3487 9206
3487 5862
3487 8499
3487 13006
3487 3737
3487 2345
3487 6270
3487 2391
3487 6639
3487 5044
3487 18451
3487 15920
3491 7155
3491 15172
3491 17149
3491 2449
3491 11224
3491 7994
3491 11073
3491 6641
3491 15170
3494 13379
3497 1490
3497 15713
3502 7771
3502 6707
3502 545
3503 14729
3503 18327
3503 16006
3503 8037
3503 234
3503 12937
3503 13340
3503 11210
3503 9239
3503 8735
3503 1601
3503 3474
3503 10028
3503 3117
3508 6788
3512 16138
3515 7217
3516 13887
3516 7866
3516 9868
3516 9241
3516 3750
3516 9474
3525 17361
3525 15316
3531 1985
3539 14482
3539 624
3539 5866
3539 14877
3539 8447
3539 6550
3539 8320
3539 10191
3539 3613
3539 6942
3544 2326
3544 8861
3544 9843
3544 3117
3544 7720
3544 11674
3544 9017
3544 3176
3544 17521
3544 12710
3544 2987
3544 2779
3544 5422
3544 1918
3546 5343
3546 11972
3546 9777
3546 15182
3547 10509
3550 15896
3550 18416
3550 6049
3551 18017
3551 15896
3551 4319
3551 6159
3551 8190
3551 13542
3551 6100
3551 8991
3551 247
3551 6360
3551 2515
3551 7239
3551 17643
3551 1808
3551 2391
3551 15696
3551 4679
3551 16871
3551 4949
3551 1219
3551 18018
3551 18179
3551 7827
3551 1331
3551 3787
3551 16260
3551 6315
3551 1671
3551 7542
3551 8685
3551 3630
3551 11865
3551 16014
3551 13040
3551 15243
3551 2066
3551 6533
3551 14535
3551 2496
3551 16828
3551 4063
3551 8545
3551 5029
3551 15078
3551 8691
3551 2188
3551 6676
3551 13775
3551 15080
3551 7401
3551 9893
3551 8653
3551 14537
3551 2713
3551 9789
3551 8134
3551 9695
3551 12044
3551 9462
3551 4836
3551 9811
3551 15326
3551 16463
3551 5768
3551 10893
3551 16555
3551 867
3554 15550
3554 5797
3554 10483
3555 11606
3558 5958
3558 5874
3558 10177
3558 1363
3558 13098
3558 3459
3564 4644
3564 17421
3565 15073
3571 18320
3573 4949
3579 11233
3579 13814
3579 4040
3580 13774
3580 4119
3580 13705
3580 2541
3580 3496
3580 17582
3580 14185
3580 11549
3580 15802
3580 17595
3580 18205
3580 16418
3580 10011
3580 7113
3580 16882
3580 13977
3580 7860
3581 3361
3583 9281
3583 18215
3584 10020
3584 9392
3586 382
3588 11805
3589 14297
3590 528
3590 14080
3590 1522
3590 12348
3590 15169
3595 3194
3595 1607
3598 1571
3598 17977
3600 12461
3600 14024
3600 17313
3600 17283
3601 234
3601 13014
3601 3148
3601 16136
3601 9776
3601 9868
3604 17265
3606 16498
3608 16359
3608 1967
3608 11408
3612 7827
3617 11403
3617 14749
3619 8819
3621 8988
3621 10609
3621 5776
3621 9511
3621 9479
3621 5100
3621 1885
3621 9868
3621 8527
3621 7714
3621 13014
3621 3885
3621 4665
3621 2476
3621 9017
3621 6072
3621 3903
3621 1934
3621 16578
3621 2095
3621 14569
3621 18212
3623 806
3625 13887
3625 7578
3625 2570
3625 4860
3628 5858
3628 14565
3628 13671
3628 13336
3629 15243
3629 6888
3629 13996
3630 6676
3630 4154
3630 11548
3630 3375
3630 3059
3630 10092
3630 4949
3630 6360
3630 6500
3630 5550
3630 4701
3630 10244
3630 11312
3630 18260
3630 305
3630 3364
3630 16189
3630 17506
3630 8799
3630 4922
3630 5931
3630 9419
3630 5832
3630 12011
3630 95
3630 6338
3630 1219
3630 11408
3630 16342
3630 15914
3630 8322
3630 3888
3630 14537
3630 9942
3630 4836
3630 2188
3630 126
3630 9582
3630 9944
3630 5400
3630 12973
3630 17184
3630 262
3630 679
3630 10756
3630 7607
3630 7501
3630 6754
3630 13739
3630 6362
3630 15867
3630 13775
3630 12960
3630 16898
3630 11804
3630 124
3630 13643
3630 13163
3630 1842
3630 11380
3630 10190
3630 4744
3630 16260
3630 7839
3630 2098
3630 982
3630 7827
3630 10893
3630 18416
3630 17612
3630 2112
3630 5081
3630 1174
3630 5781
3630 16150
3630 8123
3630 8892
3630 1420
3630 10797
3630 11814
3630 14156
3630 3119
3630 2811
3630 937
3630 14676
3630 11865
3630 1007
3630 8695
3630 12919
3630 6174
3630 1263
3630 8990
3630 10565
3630 8164
3630 8991
3630 10898
3633 15155
3634 1735
3637 6213
3637 15359
3637 5982
3637 14005
3637 12359
3639 9811
3644 15139
3646 3006
3646 12091
3656 207
3664 10841
3664 2997
3664 9811
3666 10299
3666 18306
3666 12162
3677 202
3677 4247
3677 1934
3677 11226
3677 16627
3677 2531
3677 14569
3677 496
3677 14566
3677 18170
3677 17271
3677 4390
3677 14555
3677 7271
3677 6167
3677 4601
3677 18215
3677 9523
3677 16387
3677 2034
3677 17960
3677 17634
3677 7786
3677 10670
3677 17447
3677 5588
3677 14358
3677 6799
3677 8530
3682 4676
3682 3755
3682 5380
3682 12937
3682 11177
3682 6940
3682 5561
3682 4806
3682 7711
3682 15714
3682 1353
3682 3666
3682 18242
3682 13041
3682 4885
3682 571
3685 1888
3685 4154
3685 11924
3691 13367
3691 16327
3694 3501
3694 14131
3694 12431
3694 8773
3694 8486
3694 10864
3694 9063
3694 5574
3694 10991
3694 13257
3694 72
3694 6679
3694 16693
3694 7600
3694 7699
3694 5803
3694 11535
3696 10651
3701 13402
3714 15260
3714 3063
3715 4644
3715 13326
3715 1987
3715 9303
3716 12687
3716 11851
3716 3849
3716 6561
3716 13775
3716 4949
3717 11917
3718 7406
3718 17149
3718 16281
3718 514
3718 15992
3718 15565
3718 14786
3721 2399
3722 5004
3728 11865
3728 9158
3728 10835
3728 13006
3728 331
3728 10898
3731 18242
3731 14786
3731 6614
3731 7340
3731 372
3731 239
3734 6213
3734 3176
3736 18416
3739 14631
3739 11668
3739 9739
3739 7621
3739 9670
3740 6213
3740 239
3740 13794
3742 8900
3745 5010
3745 2037
3745 2081
3752 16614
3755 4320
3755 4690
3755 13575
3756 1738
3759 4408
3761 3176
3761 6887
3761 12339
3761 1631
3761 861
3761 5010
3761 1932
3761 13794
3761 3731
3761 7096
3761 7406
3761 12729
3761 3165
3761 13887
3761 5866
3761 5651
3761 67
3761 1735
3761 7460
3761 14885
3761 16738
3761 3917
3761 16387
3761 14759
3761 10483
3761 16909
3761 11465
3761 9567
3761 10940
3761 11488
3761 6982
3761 9166
3761 11678
3761 1558
3761 18244
3761 14358
3761 1698
3763 9200
3764 16890
3765 8719
3765 16640
3765 5010
3765 15966
3767 8960
3770 10006
3774 7017
3774 17041
3774 668
3774 8556
3774 7994
3774 1170
3774 14834
3774 176
3774 14729
3774 9281
3779 8525
3779 17506
3785 15703
3785 15004
3787 18061
3787 6315
3787 3726
3789 9219
3791 14990
3792 2188
3795 8526
3795 11805
3795 6159
3795 8799
3795 4949
3795 17129
3795 15896
3795 7499
3795 8054
3795 9942
3795 9419
3796 95
3798 6572
3798 9664
3799 5803
3799 16150
3799 7586
3799 14925
3799 3630
3802 11837
3808 5408
3808 3165
3808 15713
3808 14120
3809 7839
3809 4775
3811 17673
3813 7839
3813 10944
3813 2109
3813 2741
3813 6554
3814 3165
3814 11617
3814 17096
3814 12032
3814 6022
3814 10085
3814 15264
3814 4778
3814 3982
3814 15345
3814 2448
3814 5461
3814 7720
3814 5866
3814 13505
3814 10554
3814 17701
3814 12729
3814 5469
3814 3584
3814 7701
3814 13566
3814 6940
3814 12710
3814 9750
3814 7343
3814 6488
3814 18372
3814 4442
3814 13366
3814 2187
3814 18318
3814 8667
3814 3328
3814 11285
3814 1141
3814 5240
3814 16660
3814 14556
3814 6294
3814 15389
3814 13800
3814 2193
3814 9198
3814 6024
3814 12217
3814 11856
3814 7406
3814 1126
3814 14759
3814 15854
3814 529
3814 11734
3816 17936
3817 14146
3821 7680
3821 6240
3821 7747
3821 7036
3821 10200
3821 12514
3821 4336
3821 3734
3821 6294
3821 3177
3821 10311
3821 15299
3828 14243
3829 10491
3831 15315
3835 6473
3837 17077
3837 14979
3837 7939
3837 1142
3837 17225
3838 6710
3838 16576
3841 12624
3843 15876
3845 13180
3848 5683
3848 16348
3850 11308
3850 3300
3850 14729
3850 10250
3850 6262
3850 7406
3850 18215
3851 14365
3856 8786
3858 18397
3868 3798
3868 10998
3869 11482
3872 8691
3872 14415
3872 17980
3874 505
3876 13470
3876 11145
3876 12096
3877 5010
3877 446
3879 16216
3880 14803
3882 13261
3887 15121
3887 16387
3887 3669
3887 17652
3887 16961
3887 18215
3887 11247
3887 2557
3890 4850
3890 6208
3892 10893
3892 15088
3892 13061
3892 13602
3892 7438
3892 16988
3892 16821
3892 8818
3892 12377
3892 10458
3894 17673
3896 9489
3900 7032
3902 9322
3905 5153
3906 6641
3906 10354
3906 10101
3906 4336
3909 5329
3915 2434
3915 3707
3918 8123
3921 1126
3922 16757
3924 5127
3926 17395
3926 8527
3926 4566
3926 4696
3926 4769
3926 14364
3926 3731
3926 9310
3928 10347
3929 13759
3929 14054
3930 8208
3932 10826
3933 1613
3933 8019
3933 8237
3933 10990
3933 12203
3933 5287
3933 684
3933 3287
3937 514
3938 15038
3938 8530
3938 5743
3938 18076
3938 16697
3938 1056
3939 7720
3939 5153
3942 15246
3945 7535
3945 6540
3946 6360
3947 6482
3947 2696
3947 7008
3947 8856
3947 4883
3947 15216
3947 17259
3947 17446
3947 16702
3947 15824
3947 14899
3947 9214
3947 171
3947 10520
3947 10962
3947 3033
3947 1537
3947 224
3947 2962
3947 14532
3947 13397
3947 16177
3947 17579
3947 14181
3947 5876
3947 12064
3947 10590
3947 2249
3947 861
3947 1918
3947 7081
3947 17010
3947 12766
3947 7270
3948 18095
3952 14588
3952 3731
3952 15311
3952 17149
3952 5461
3952 12176
3952 18215
3952 7656
3952 12368
3952 1351
3952 3922
3952 4435
3952 7720
3952 8447
3952 12849
3952 10670
3954 7044
3954 11679
3954 6948
3954 13528
3955 17266
3960 12261
3961 6788
3961 5112
3961 12261
3965 8346
3965 356
3965 1908
3965 790
3965 12965
3965 5053
3965 12261
3965 4841
3965 4097
3965 4575
3966 18085
3966 12261
3967 14012
3967 18022
3967 12261
3967 2061
3967 6597
3967 10797
3967 10612
3967 6788
3967 6734
3967 11065
3967 10944
3967 5081
3967 4332
3969 4167
3969 3059
3969 14313
3969 5265
3969 10512
3969 2461
3969 15115
3969 10612
3969 11805
3969 13367
3969 13796
3969 1156
3969 8477
3969 6433
3973 6325
3973 17744
3973 7711
3973 10078
3979 13256
3979 1885
3979 17521
3979 10209
3983 2732
3986 6564
3986 15140
3986 6720
3986 9952
3986 6338
3986 5400
3986 294
3987 18391
3987 8843
3988 3564
3989 6597
3989 17173
3995 6159
3998 5057
3998 6676
3998 10790
4005 16458
4011 2559
4016 7000
4018 13775
4019 17992
4019 15969
4022 6676
4024 3737
4031 15897
4031 13792
4031 14692
4031 218
4032 10722
4035 5359
4038 14927
4039 2433
4039 8045
4039 11597
4046 11499
4046 12660
4046 17936
4046 12602
4046 5631
4046 12950
4046 16199
4046 11532
4046 9578
4046 2996
4046 11903
4046 12777
4046 11663
4046 12579
4046 9310
4046 9750
4047 632
4047 11098
4047 3987
4047 10096
4047 10748
4048 17820
4049 4387
4049 9691
4053 6888
4055 5832
4060 3438
4066 4213
4066 14358
4066 6454
4066 6179
4066 9742
4066 6182
4066 7121
4066 7287
4066 5537
4066 11731
4066 11170
4066 2034
4066 8952
4066 1275
4066 13794
4066 993
4066 1962
4066 3176
4066 3566
4066 16714
4066 13012
4066 7698
4066 15839
4066 15978
4066 8850
4066 16292
4066 18100
4066 6940
4066 11430
4066 2297
4066 2283
4066 12443
4066 6558
4066 5818
4066 14298
4066 14898
4066 16241
4066 2468
4066 17736
4066 3638
4066 10209
4066 18306
4066 5469
4066 255
4066 14736
4066 14077
4066 3752
4066 5435
4066 15366
4066 8556
4066 4601
4066 3243
4066 11837
4066 18028
4066 10576
4066 9733
4066 912
4066 17584
4066 7617
4066 16595
4066 10091
4066 11526
4066 929
4066 1878
4066 4105
4066 908
4066 1182
4066 4644
4066 17141
4066 8675
4066 16348
4066 2506
4068 10854
4068 11805
4070 12713
4070 14598
4070 4496
4070 6817
4072 14625
4075 9984
4075 10496
4075 7058
4075 5631
4075 11249
4075 17744
4075 7406
4075 7577
4075 12176
4075 2187
4075 1490
4075 2945
4075 15713
4075 67
4075 8613
4075 17832
4075 13014
4075 13943
4075 1141
4075 17521
4075 4747
4075 10554
4075 6208
4075 7603
4075 885
4075 4865
4075 17960
4075 11837
4075 5629
4075 5010
4075 3520
4075 15264
4075 15714
4075 10881
4075 12339
4075 14750
4075 15315
4075 9600
4075 15966
4075 10184
4075 6580
4075 8852
4075 18215
4075 14467
4075 12602
4075 17936
4075 5396
4075 189
4075 9017
4075 15975
4075 18250
4075 10400
4075 14788
4075 10479
4075 4860
4075 14005
4075 12566
4075 6213
4075 9691
4075 629
4075 3120
4075 9346
4075 8796
4075 692
4075 8432
4075 3584
4075 14475
4075 17081
4075 7888
4075 12223
4075 18198
4075 8399
4075 2928
4075 12314
4075 16233
4075 10200
4075 1371
4075 9843
4075 4583
4075 11827
4075 10826
4075 16689
4075 18448
4075 15082
4075 14885
4075 13267
4075 13456
4075 3307
4075 3904
4075 10938
4075 7943
4075 18318
4075 16332
4075 10609
4075 502
4075 5416
4075 10077
4075 11850
4075 12844
4075 16109
4075 8812
4075 15743
4075 14137
4075 16281
4075 11236
4075 8614
4075 11674
4075 3422
4075 13251
4075 1531
4075 1912
4075 7708
4075 15583
4075 5776
4075 13989
4075 10582
4075 10000
4075 14108
4075 6920
4075 12108
4075 16592
4075 17629
4075 3033
4075 423
4075 5665
4075 10379
4075 14556
4075 6641
4075 10250
4075 14732
4075 3992
4075 13794
4075 7127
4075 13045
4075 4067
4075 4690
4075 9392
4075 7908
4075 16308
4075 7442
4075 9826
4075 13880
4075 1787
4075 16303
4075 5363
4075 2701
4075 16758
4075 16938
4075 3078
4075 7055
4075 4544
4075 13667
4075 8570
4075 14533
4075 17247
4075 10216
4075 15270
4075 13053
4075 14786
4075 15565
4075 5100
4075 15203
4075 3731
4075 17141
4075 15122
4075 11713
4075 9944
4075 17738
4075 11247
4075 3358
4075 494
4075 4092
4075 12787
4075 9738
4075 9974
4075 6297
4075 4139
4075 3870
4075 9234
4075 11611
4075 1674
4075 17149
4075 11309
4075 14729
4075 6153
4075 3669
4075 4758
4075 6718
4075 15085
4075 5866
4075 15660
4075 6874
4075 3176
4075 529
4075 16387
4075 18300
4075 16663
4075 8556
4075 16096
4075 15075
4075 13158
4075 6053
4075 17103
4075 11723
4075 4590
4075 10345
4075 6510
4075 17095
4075 1084
4075 17353
4075 7451
4075 8719
4075 4794
4075 14553
4075 3815
4075 4601
4075 11384
4075 15967
4075 18100
4075 12865
4075 9198
4075 11354
4075 11052
4075 6325
4078 1633
4078 7621
4083 7055
4083 1490
4084 11548
4085 2306
4085 9419
4085 8555
4085 14807
4085 17937
4085 1263
4088 17141
4091 14885
4091 5776
4091 10089
4091 16281
4091 5277
4091 9777
4091 7136
4091 9132
4091 67
4091 17141
4091 17504
4091 4335
4091 18300
4091 7680
4091 1311
4091 15826
4091 861
4091 9899
4091 15054
4091 4056
4091 6940
4091 17738
4091 14169
4091 11625
4091 4947
4091 13340
4091 13445
4091 5348
4091 5631
4091 8096
4091 5010
4091 3750
4091 5239
4091 4860
4091 1215
4092 8048
4095 5081
4095 13999
4097 12965
4097 15776
4097 5596
4103 5438
4103 6874
4105 7829
4107 4319
4109 16114
4113 9834
4116 4346
4116 6092
4116 12108
4126 7720
4129 4949
4129 13296
4132 16375
4132 13613
4132 6815
4132 8631
4132 16106
4132 399
4132 8990
4144 5947
4144 5969
4145 5776
4145 14169
4146 15073
4146 12919
4146 5678
4149 15958
4149 4413
4154 17361
4154 15696
4160 3059
4160 11804
4160 17506
4170 17970
4177 14026
4177 15213
4177 7861
4178 5401
4182 16192
4182 2459
4182 9347
4182 4249
4182 4228
4182 9074
4182 6999
4182 4085
4182 17499
4182 4846
4182 8272
4182 1914
4182 5511
4182 3044
4182 4785
4182 4154
4182 10196
4182 6337
4182 10544
4182 14156
4182 17357
4182 2939
4187 16087
4187 8009
4187 5461
4187 4905
4187 5173
4187 4951
4191 13388
4193 9392
4193 6557
4194 947
4194 18179
4194 691
4196 11833
4201 3465
4201 13891
4201 10833
4201 10990
4201 9942
4201 8682
4201 3082
4201 6166
4201 3403
4201 1243
4201 1263
4201 7583
4201 17043
4203 15899
4203 6360
4203 13314
4203 4353
4203 5636
4203 6689
4203 16736
4203 10021
4203 8679
4203 3555
4203 5679
4203 8671
4203 17518
4203 4445
4209 6500
4211 18215
4211 11517
4211 6688
4211 6325
4211 5484
4216 6837
4218 9419
4218 16955
4218 18215
4218 6939
4218 15552
4218 13775
4218 8037
4218 5020
4218 7535
4218 11418
4218 17466
4218 5628
4218 11805
4218 8530
4218 4085
4218 2052
4218 10854
4218 7336
4218 11702
4218 5641
4218 5890
4218 6576
4218 12860
4218 18027
4218 10092
4218 9645
4218 11548
4218 7686
4218 9942
4218 8510
4218 11609
4218 14818
4218 11313
4218 7839
4218 2157
4218 1592
4218 262
4218 13647
4218 17339
4218 4668
4218 16916
4218 5
4224 17521
4224 16738
4224 514
4224 2779
4224 2153
4224 4116
4224 14467
4224 4014
4224 6628
4224 3815
4224 18215
4224 6294
4224 1539
4224 17688
4224 11249
4224 7578
4224 13725
4224 16387
4224 1126
4224 14729
4224 5545
4224 13014
4224 13456
4224 11296
4224 14338
4224 3307
4224 1340
4224 17149
4224 6153
4224 3521
4224 121
4224 6213
4224 2154
4224 1473
4224 13947
4224 17738
4224 856
4224 11837
4224 17960
4224 8013
4224 5461
4224 986
4224 17833
4224 12220
4224 2081
4224 6240
4224 14786
4224 12937
4224 11763
4224 5873
4224 15966
4224 6801
4224 3176
4224 3386
4224 11138
4224 3422
4224 6297
4224 2916
4224 10862
4224 12549
4224 14504
4224 13077
4224 13054
4224 12514
4224 14756
4224 7871
4224 13256
4224 7349
4224 9152
4224 11224
4224 940
4227 5343
4229 1986
4229 17547
4229 12892
4229 1192
4229 7719
4229 1542
4229 8668
4229 8744
4229 3724
4229 14685
4229 306
4229 11950
4229 17083
4229 887
4229 3940
4229 5795
4229 17157
4229 7151
4229 9775
4229 742
4229 1404
4229 16707
4229 3927
4229 3810
4229 5671
4229 8469
4229 1904
4229 15045
4229 3749
4229 15001
4229 17175
4229 6399
4229 9058
4229 12869
4229 15933
4229 18195
4229 4901
4229 13
4229 9162
4229 15821
4229 1898
4229 17302
4229 17145
4229 9278
4229 13204
4229 436
4229 5812
4229 13530
4229 18220
4229 9761
4229 2256
4229 14312
4229 17762
4229 2754
4229 5763
4229 16623
4229 18417
4229 5434
4229 538
4229 8122
4229 1459
4229 16412
4229 17957
4229 18123
4229 8275
4233 2154
4233 10761
4233 15713
4233 18385
4233 940
4233 3491
4233 5669
4233 3903
4233 12055
4233 1417
4233 15660
4237 3073
4239 16907
4242 17243
4242 7747
4242 17206
4246 6443
4251 16424
4253 15500
4253 6688
4259 12084
4259 2768
4262 1126
4264 6902
4264 7899
4269 16975
4272 15292
4279 16021
4279 14575
4280 18211
4287 17987
4287 13028
4287 10563
4287 6397
4287 10464
4287 7477
4287 839
4287 6484
4287 12975
4291 4889
4291 15142
4293 7769
4293 262
4293 6720
4293 749
4293 9338
4295 5797
4295 10483
4300 5631
4301 13006
4301 15532
4303 657
4303 16790
4304 398
4304 14024
4304 15992
4304 239
4304 12741
4304 1694
4304 234
4304 6558
4304 9828
4304 14885
4304 12937
4304 3850
4304 2692
4304 2932
4304 6022
4304 17527
4304 3755
4304 11097
4305 9544
4305 2154
4307 6240
4307 11278
4307 17008
4307 12952
4307 9279
4309 17673
4309 6614
4319 3313
4319 10417
4319 9396
4319 10700
4319 2382
4319 8752
4319 1583
4319 3551
4319 16828
4319 6040
4319 7530
4319 16463
4319 5648
4319 7386
4319 4214
4319 10797
4319 5627
4319 5147
4319 6970
4319 15506
4319 918
4319 11576
4319 12059
4319 7198
4319 14458
4319 1540
4319 10827
4319 9186
4319 799
4319 13542
4319 12666
4319 16
4319 11773
4319 5176
4319 17649
4319 10740
4319 5160
4319 15696
4319 10841
4319 13904
4319 6788
4319 17395
4319 4949
4319 2818
4319 14407
4319 4833
4319 16786
4319 95
4319 3912
4319 6712
4319 13082
4319 5094
4319 16359
4319 74
4319 5081
4319 11992
4319 794
4319 4927
4319 10651
4319 6173
4319 5915
4319 790
4319 13775
4319 1915
4319 13233
4319 1107
4319 1737
4319 5768
4319 17425
4319 12728
4319 5803
4319 15080
4319 12814
4319 10186
4319 7401
4319 597
4319 18467
4319 16260
4319 10231
4319 7620
4319 9226
4319 5091
4319 1460
4319 2865
4319 3090
4319 6964
4319 9082
4319 15773
4319 14680
4319 18376
4319 13739
4319 6679
4319 6474
4319 14360
4319 8459
4319 233
4319 18199
4319 14076
4319 14355
4319 2162
4319 6159
4319 5500
4319 15456
4319 17990
4319 13386
4319 14015
4319 13590
4319 16727
4319 12212
4319 17468
4319 13112
4319 3309
4319 11889
4319 3059
4319 16143
4319 1458
4319 17639
4319 13025
4319 7242
4319 8987
4319 2496
4319 7720
4319 13402
4319 10084
4319 494
4319 8434
4319 7562
4319 8685
4319 14712
4319 12448
4319 2110
4319 15073
4319 13425
4319 3758
4322 5629
4322 4211
4322 8556
4322 15728
4322 15064
4322 414
4322 15756
4322 12157
4322 14924
4322 1934
4322 10977
4322 14671
4322 15713
4322 12344
4322 14804
4322 17243
4322 7708
4322 5461
4322 15203
4322 16701
4322 2154
4322 1885
4322 6167
4322 18327
4322 17446
4322 7786
4322 8563
4323 192
4327 2038
4327 15065
4327 4336
4327 17171
4327 5010
4327 7720
4327 17666
4327 3176
4329 12087
4330 2110
4333 2055
4335 7811
4336 15967
4336 16879
4336 10078
4336 13468
4336 5425
4336 1340
4336 9147
4336 5866
4336 15756
4336 9742
4336 4390
4336 2772
4336 7939
4336 3281
4336 9392
4336 4544
4336 18000
4336 2945
4336 16324
4336 3422
4336 12858
4336 12491
4336 15966
4336 14358
4336 3076
4336 12937
4336 2813
4336 15146
4336 7720
4336 12176
4336 17021
4336 18215
4336 10141
4336 9753
4336 8213
4336 3176
4336 5101
4336 14007
4336 15064
4336 18064
4336 12201
4336 12108
4336 14130
4336 12606
4336 12579
4336 17206
4339 13014
4339 14207
4339 1490
4339 3176
4339 14759
4340 6898
4340 11940
4340 16366
4341 9942
4341 3977
4341 17390
4341 3059
4341 17182
4341 10990
4345 7562
4345 3059
4345 2402
4345 8208
4345 10618
4345 10854
4345 8691
4345 17361
4345 11805
4345 13006
4345 5525
4345 4780
4345 17879
4345 11865
4345 7583
4345 17937
4345 864
4345 1219
4345 5678
4345 8327
4345 17802
4345 2399
4345 4085
4345 11833
4345 15506
4345 10740
4345 14813
4345 9778
4345 16106
4345 3313
4345 13163
4346 1845
4346 6385
4348 9893
4354 8447
4354 1052
4355 12986
4355 4860
4359 938
4361 9198
4361 13873
4370 8739
4373 12710
4373 3117
4373 14680
4373 1781
4373 6905
4377 9921
4377 16805
4377 1098
4377 16173
4377 9198
4377 3176
4377 17395
4377 13767
4377 13417
4377 9193
4377 4172
4380 1944
4380 17433
4380 9731
4380 4281
4380 11928
4380 17900
4380 8555
4380 9419
4380 4945
4380 7243
4380 12459
4380 943
4380 10301
4380 2870
4380 3567
4380 10346
4380 4213
4380 8820
4380 10670
4380 4949
4381 11444
4381 2552
4381 1219
4381 11833
4381 18433
4381 14472
4381 5633
4381 102
4381 1089
4381 982
4381 12958
4381 5525
4381 18014
4381 15159
4381 1665
4381 13646
4387 7770
4387 5438
4387 14556
4387 16578
4387 18300
4387 10480
4387 6694
4387 2089
4387 13950
4387 4601
4387 13014
4387 7720
4387 3176
4387 15264
4387 17343
4387 398
4388 7406
4388 13291
4388 15714
4391 2736
4391 12760
4391 11862
4391 8493
4391 1610
4391 6194
4391 6073
4391 6975
4391 786
4391 9988
4396 17141
4396 4592
4396 7994
4398 3944
4398 9101
4398 777
4398 5464
4398 2424
4398 13837
4398 6636
4398 4702
4398 3589
4398 6604
4398 14718
4402 67
4407 6128
4407 7424
4407 3204
4407 10655
4407 9324
4407 3085
4407 2154
4409 3524
4412 9664
4412 3731
4412 18
4412 7390
4412 14786
4412 8530
4412 5010
4412 10325
4412 16345
4412 17521
4412 4682
4412 17842
4412 10262
4412 6325
4412 15992
4416 6194
4419 2779
4419 14688
4422 2397
4422 3520
4422 18300
4422 6150
4422 12453
4422 3648
4422 3731
4422 14993
4422 398
4422 10453
4422 16539
4422 10366
4422 5461
4422 8096
4422 13794
4422 17687
4422 15214
4422 17936
4422 15162
4422 10340
4422 13014
4423 13300
4423 9113
4423 7077
4423 16121
4423 15524
4423 6480
4423 4705
4423 8359
4423 13558
4423 4574
4423 6333
4423 15768
4423 4026
4423 1661
4423 918
4423 165
4423 18254
4423 11514
4423 4063
4423 18416
4423 14692
4423 10983
4423 3594
4423 737
4423 4763
4423 10788
4423 18442
4423 13161
4423 7795
4423 3330
4423 4863
4423 10080
4423 9634
4423 1046
4423 17290
4423 6473
4423 12238
4423 4741
4423 8473
4423 8870
4426 6049
4426 590
4426 12949
4427 14028
4427 3432
4427 7456
4428 4092
4428 6240
4429 13029
4429 17361
4429 2124
4430 3737
4431 5214
4433 14392
4440 2866
4440 12723
4440 8008
4440 7649
4440 17863
4442 10020
4442 6987
4444 2588
4445 10602
4447 3944
4447 421
4447 16708
4447 2055
4449 5866
4449 2187
4450 17330
4450 1053
4453 9484
4453 3520
4453 1694
4454 13330
4454 6317
4454 18103
4454 4909
4454 3313
4454 14415
4454 12684
4454 9269
4454 12377
4461 15073
4465 18358
4465 239
4465 1503
4465 7613
4465 12637
4465 4387
4465 15333
4465 9776
4468 10193
4468 5502
4468 10591
4468 766
4472 181
4472 12956
4474 1179
4474 15262
4475 1000
4475 8644
4477 3000
4477 9487
4478 9107
4478 16056
4478 5640
4478 2587
4478 339
4478 8824
4478 5196
4480 1492
4491 4345
4491 4018
4491 10838
4491 6747
4492 12456
4494 15073
4494 4959
4494 7595
4494 11674
4494 11628
4494 5589
4494 13545
4494 13275
4494 67
4494 10250
4494 8037
4494 4202
4494 4601
4494 17521
4494 8009
4494 7388
4494 16034
4494 7720
4494 14553
4494 861
4494 5394
4494 1151
4494 9826
4494 13340
4494 18098
4494 234
4494 16579
4494 13014
4496 5010
4497 16923
4501 8556
4509 9664
4509 10788
4509 11488
4509 4769
4509 84
4509 2827
4509 15617
4509 3521
4509 10870
4509 12348
4511 12865
4519 4641
4520 8556
4520 6028
4520 10410
4520 8851
4528 14593
4533 15078
4533 16014
4533 737
4533 4970
4533 14424
4533 7025
4537 13300
4541 3728
4541 3787
4544 17521
4544 3648
4544 12162
4544 15085
4544 12948
4544 7987
4544 7650
4544 15805
4544 1126
4544 321
4544 4939
4544 15726
4544 6443
4544 7349
4544 2842
4544 2148
4544 3821
4544 2657
4544 3114
4544 7000
4544 6755
4544 1092
4544 3021
4544 9868
4544 16678
4544 8710
4544 5866
4544 14137
4544 13340
4544 1735
4544 17395
4544 10670
4544 10114
4544 18114
4546 6338
4546 13738
4546 13775
4546 10515
4546 6227
4546 262
4546 4778
4546 410
4546 17038
4546 13673
4546 5312
4546 18359
4546 8037
4546 3361
4546 3405
4546 6336
4546 11231
4546 12878
4546 11119
4546 9533
4546 11741
4546 11408
4546 13507
4546 15611
4546 17872
4546 1469
4546 16934
4546 3034
4546 13404
4546 9181
4546 13605
4546 8993
4546 116
4546 16570
4546 5947
4553 3266
4553 15696
4553 16511
4560 5829
4560 318
4562 7536
4562 11833
4563 11170
4564 14817
4564 2512
4564 8318
4564 3176
4564 5243
4564 3738
4564 7287
4564 13148
4564 15203
4564 602
4564 11007
4564 16070
4564 12201
4564 1781
4564 226
4564 5921
4564 15333
4564 4373
4564 16292
4564 13340
4564 6024
4564 11488
4564 1070
4564 12858
4564 3165
4564 5408
4564 16498
4564 5348
4564 11532
4564 10540
4564 14358
4564 10498
4564 8988
4564 5985
4564 5776
4568 282
4568 5589
4568 8667
4568 3176
4568 11827
4568 17917
4568 14082
4568 12172
4568 3520
4568 18327
4568 15967
4568 8073
4568 6325
4568 6208
4568 13445
4568 7711
4568 7635
4570 16975
4571 701
4572 11833
4573 1046
4574 4026
4575 13353
4576 15365
4576 7852
4577 8799
4579 7958
4583 16578
4584 16363
4584 3551
4586 17949
4587 6770
4587 4414
4587 8758
4588 11215
4588 15054
4588 18215
4598 7975
4598 9437
4599 13277
4599 126
4599 18325
4599 14824
4599 15872
4599 3199
4599 14444
4601 10670
4601 239
4601 3054
4601 16562
4601 9868
4601 16579
4601 8060
4601 9511
4601 11076
4601 13031
4601 9392
4601 11488
4601 12201
4601 14759
4601 16861
4601 11031
4601 6247
4601 3564
4601 8796
4601 372
4601 9017
4601 1357
4601 11827
4601 9710
4601 16872
4601 1092
4601 11678
4601 9742
4601 15749
4601 7051
4601 5688
4601 13456
4601 1183
4601 17936
4601 18100
4601 7036
4601 8718
4601 7720
4601 1550
4601 12660
4601 15505
4601 8765
4601 234
4601 11517
4601 12051
4601 2154
4601 6297
4601 13689
4601 13847
4601 10582
4601 5153
4601 8073
4601 7747
4601 8570
4601 15999
4606 6887
4606 668
4606 16663
4606 16805
4606 5240
4606 16579
4606 5629
4606 946
4606 15865
4606 3455
4606 18215
4606 16578
4606 8561
4606 8096
4606 2568
4606 7188
4606 2815
4614 10305
4614 17672
4614 5833
4614 5111
4614 6812
4614 10763
4614 8162
4614 17072
4614 6825
4619 12341
4621 4911
4623 5425
4626 8322
4627 4677
4628 3337
4628 13390
4628 18279
4628 13664
4636 8691
4636 7620
4636 3192
4636 18286
4636 10568
4636 3712
4636 4744
4636 11408
4636 1405
4636 6338
4636 5081
4636 4949
4636 730
4636 1156
4636 9902
4640 7798
4640 9738
4644 8435
4644 2657
4644 8018
4644 8209
4644 3521
4644 9198
4644 4732
4644 9868
4644 6631
4644 13340
4648 10788
4655 14146
4664 5276
4664 2303
4664 14634
4666 4841
4666 7828
4666 2761
4666 12072
4666 8371
4672 7542
4672 9828
4672 17506
4672 6049
4672 3313
4672 13330
4672 11805
4672 9905
4672 17043
4672 4949
4672 8819
4672 4780
4672 13402
4672 12331
4672 15867
4672 9419
4676 6049
4676 3887
4677 848
4677 4342
4677 11805
4678 11418
4678 14146
4681 1099
4682 3133
4682 12631
4682 15315
4682 12464
4682 15389
4682 9753
4682 2902
4682 17960
4682 2449
4682 8570
4682 7578
4682 14729
4682 9198
4682 8556
4682 9081
4682 8548
4682 6920
4682 15027
4682 17149
4682 12351
4682 16788
4682 6580
4682 8798
4682 9742
4682 16894
4682 5776
4682 14358
4682 14346
4682 1653
4682 4590
4682 12176
4682 6940
4682 11837
4682 15356
4682 12538
4682 18062
4682 5020
4682 5329
4682 12930
4682 3982
4682 10089
4682 6641
4682 15427
4682 6705
4682 17744
4682 8770
4682 10582
4682 17206
4682 17395
4682 11254
4682 7406
4682 16010
4682 8515
4682 4172
4682 9936
4682 4056
4682 9281
4682 7030
4682 9442
4682 885
4682 9038
4682 12710
4682 1340
4682 1371
4682 14527
4682 4481
4682 8735
4682 17521
4682 18064
4682 3680
4682 4387
4682 3609
4682 16348
4682 1829
4682 1126
4682 17141
4682 6053
4682 4644
4682 1838
4682 676
4682 12566
4682 6477
4682 4459
4682 14144
4682 239
4682 7708
4682 14082
4682 12937
4682 7718
4682 6114
4682 10546
4682 13053
4682 16859
4682 514
4682 3521
4682 423
4682 6412
4682 14978
4682 16879
4682 4092
4682 7747
4682 2367
4682 1501
4682 3666
4682 13844
4682 9703
4682 15906
4682 18431
4682 10299
4682 1473
4682 16056
4682 4141
4682 2779
4682 17666
4682 7678
4682 3858
4682 26
4682 9132
4682 15966
4682 3677
4682 1161
4682 12467
4682 1918
4682 16907
4682 17895
4682 11465
4682 8105
4682 7818
4682 15030
4682 6108
4682 12460
4682 3648
4682 2931
4682 7519
4682 10078
4682 13573
4682 7340
4682 12051
4682 13225
4682 12602
4682 15260
4682 14381
4682 8280
4682 8309
4682 7992
4682 3904
4682 12719
4682 5908
4682 16502
4682 4335
4682 13445
4682 10369
4682 12201
4682 15200
4682 5040
4682 9234
4682 14613
4682 5458
4682 11590
4682 16281
4682 511
4682 16563
4682 4133
4682 10663
4682 7603
4682 5010
4682 17673
4682 13887
4682 14885
4682 10015
4682 4241
4682 1393
4682 11756
4682 2506
4682 5448
4683 3194
4683 9868
4685 5973
4685 1694
4685 2425
4685 16025
4685 10292
4685 11373
4692 10076
4692 12125
4693 5825
4694 7939
4694 11161
4697 7711
4697 1857
4697 2366
4698 8606
4700 3446
4700 17415
4703 18215
4709 16393
4709 7224
4709 10002
4710 14825
4710 8980
4712 13300
4712 11805
4713 3296
4713 3700
4713 7406
4724 4544
4724 9203
4724 15966
4724 15603
4724 9179
4724 9198
4724 1092
4724 4984
4724 668
4724 3757
4724 13013
4724 16861
4724 2912
4724 3176
4724 8563
4724 16999
4724 4675
4724 16010
4724 6247
4724 5204
4724 7349
4724 8710
4724 13120
4724 8796
4724 16292
4724 5040
4724 7000
4724 17206
4724 6755
4724 11354
4724 12710
4724 14201
4724 16504
4724 18300
4724 8723
4724 7217
4724 14788
4724 16977
4724 6176
4724 17960
4724 12566
4724 27
4724 1070
4724 13468
4724 4644
4724 9391
4724 15978
4724 13053
4724 7519
4724 1934
4724 15365
4724 5046
4724 10078
4724 15726
4724 14817
4724 15867
4724 1641
4724 8018
4724 7005
4724 571
4724 14129
4732 13947
4732 9672
4732 5745
4732 10760
4732 2657
4732 4601
4732 14129
4732 3814
4732 3520
4732 15246
4732 722
4732 16056
4732 5010
4732 1371
4732 6022
4732 10923
4732 8018
4732 14380
4732 6240
4732 15162
4732 12937
4732 12948
4732 13794
4732 13544
4732 3738
4732 7565
4732 1393
4732 14788
4732 17744
4732 8345
4732 15649
4733 3440
4735 1653
4738 5153
4738 11837
4738 6552
4738 17960
4738 11885
4738 2095
4742 4440
4742 5419
4744 11323
4744 8471
4744 5214
4744 7620
4744 5072
4744 15948
4744 7621
4744 8799
4746 5010
4747 17111
4747 7798
4747 1393
4748 7406
4754 734
4754 3611
4754 14631
4754 17484
4754 5462
4756 17917
4756 14053
4756 1483
4756 15552
4756 2568
4756 13995
4756 18090
4758 6208
4758 13582
4758 8958
4758 3281
4758 13702
4758 8613
4758 1927
4758 3176
4758 10299
4759 8658
4759 17979
4759 446
4759 4601
4759 5461
4760 11674
4760 16281
4760 18448
4760 15505
4760 10524
4760 4601
4760 15963
4760 2902
4760 13794
4760 9392
4760 4939
4760 1141
4760 15210
4760 9567
4760 9059
4760 14503
4760 18215
4760 12201
4760 4056
4760 5416
4760 5461
4760 67
4760 18198
4760 5776
4760 5365
4760 5825
4760 17961
4760 9209
4760 6383
4760 7578
4760 2950
4760 17527
4760 9935
4760 13031
4760 3086
4760 9741
4760 4387
4760 13159
4765 7102
4776 10788
4780 11805
4780 6815
4780 2188
4787 2970
4787 2617
4787 16922
4795 1325
4795 9563
4796 6265
4796 8938
4796 6491
4796 374
4796 10346
4800 13047
4802 11804
4802 7781
4805 15894
4805 11408
4805 1541
4805 14835
4805 16260
4805 15875
4805 12817
4805 749
4805 703
4805 15759
4805 12151
4805 12569
4805 15588
4805 11607
4805 8515
4806 13343
4806 6905
4806 12351
4806 5153
4806 7028
4807 13987
4807 14110
4807 16130
4807 13814
4811 13794
4811 9017
4811 10670
4811 12514
4811 9753
4811 12777
4811 17979
4811 12108
4811 13482
4812 16898
4812 8971
4812 4856
4817 3353
4817 17168
4817 1634
4817 261
4817 1541
4817 7367
4817 10740
4817 7562
4817 2123
4817 762
4817 5094
4817 5824
4817 10805
4818 790
4818 1404
4818 15192
4818 8517
4818 10841
4818 13591
4819 5829
4820 13986
4820 11215
4821 149
4823 877
4823 10078
4828 16123
4828 18327
4828 4949
4828 6788
4831 3648
4831 18064
4835 142
4835 1017
4835 2803
4836 2750
4839 12996
4841 15293
4843 1124
4846 11833
4846 16393
4846 5525
4846 6074
4846 11849
4846 3354
4846 1089
4846 6554
4846 15184
4846 12735
4846 18246
4846 11631
4849 12201
4852 6143
4853 3278
4853 8627
4853 10169
4853 13053
4853 17141
4853 14118
4853 1698
4853 8936
4853 9777
4853 15333
4853 14729
4853 7635
4853 11638
4853 7720
4853 10631
4853 13868
4853 2950
4853 12195
4853 9209
4853 3176
4853 14024
4853 7714
4853 9826
4853 18327
4853 8556
4853 5461
4859 14565
4860 6558
4860 6940
4860 16233
4860 4806
4860 7000
4860 4601
4860 3176
4860 1490
4860 12602
4860 6688
4860 10078
4860 1127
4860 13682
4860 3206
4860 17673
4860 11531
4862 10853
4869 7406
4869 8335
4869 13814
4869 8415
4869 18329
4869 14694
4869 10480
4869 3891
4869 6687
4869 9842
4869 5215
4871 12331
4871 17475
4871 5400
4875 6072
4875 1126
4879 858
4882 8197
4882 13591
4882 2289
4882 10549
4882 10515
4882 9948
4882 11695
4882 15073
4882 9582
4882 1413
4883 13600
4889 10889
4892 17445
4893 14333
4893 7737
4893 14547
4893 11341
4893 5317
4893 13310
4900 8525
4900 2062
4904 14358
4904 9209
4904 4713
4905 9392
4909 13449
4909 12964
4909 3736
4909 6107
4909 12717
4910 3176
4911 6076
4911 4949
4911 746
4913 8277
4914 14146
4915 7120
4918 5461
4918 12861
4918 9279
4918 7919
4918 6297
4918 12368
4918 2945
4918 5858
4918 7635
4918 5683
4918 18449
4918 12602
4918 14145
4918 1240
4918 17149
4918 1074
4918 15726
4918 16578
4918 2887
4921 1735
4921 16216
4921 3614
4921 3035
4924 947
4924 5081
4924 5273
4924 5214
4924 262
4924 8526
4924 982
4924 8722
4924 16576
4924 11805
4924 11865
4924 11741
4924 13643
4924 14631
4924 9952
4924 12586
4924 3059
4924 2305
4924 15696
4924 18326
4924 7542
4924 2461
4924 701
4924 9100
4924 5566
4924 8322
4924 10624
4924 3071
4924 6872
4924 15056
4924 13796
4924 15896
4924 8579
4924 8882
4924 3313
4924 6278
4924 12788
4924 10769
4924 12973
4924 12331
4924 6943
4924 9506
4924 1254
4924 17760
4924 16448
4924 11548
4924 9942
4924 1208
4924 1331
4924 15071
4924 4154
4924 8208
4924 15867
4924 18009
4924 11312
4924 15769
4924 4085
4924 307
4924 10734
4924 5400
4924 16260
4924 8799
4924 9417
4924 5707
4924 17205
4924 10833
4924 18451
4924 7827
4924 1761
4924 13022
4924 9811
4924 8545
4924 16123
4924 107
4924 6095
4924 2567
4924 1836
4924 5198
4924 10854
4924 846
4924 8990
4924 14041
4924 6964
4924 16821
4925 11730
4926 14576
4930 2589
4939 3171
4939 8002
4939 358
4946 4949
4946 18416
4949 11833
4949 13775
4949 9942
4949 5566
4949 10612
4949 17291
4949 10990
4949 1219
4951 18086
4954 18307
4954 13032
4954 3325
4954 2000
4954 9279
4954 17481
4954 6282
4955 11365
4955 7827
4955 345
4955 9186
4955 9419
4955 9223
4955 1491
4955 12908
4955 6359
4955 1020
4955 8023
4955 1475
4955 9522
4962 13040
4969 3295
4971 17104
4971 10493
4971 14424
4971 5425
4971 15449
4971 15173
4971 4555
4971 158
4971 13308
4971 16510
4971 13442
4971 17043
4971 5342
4971 8510
4971 8123
4971 7795
4971 272
4971 11854
4971 6339
4971 7168
4972 8774
4977 12910
4977 13662
4977 12108
4977 3243
4977 13256
4981 18027
4983 4949
4983 14028
4983 1118
4983 1219
4984 387
4984 6147
4984 12268
4984 3041
4984 6890
4984 9938
4984 14137
4984 17424
4984 9935
4984 7679
4984 16126
4984 5010
4984 9913
4984 3887
4984 3520
4984 2183
4984 2575
4984 4798
4984 1102
4984 5688
4984 18408
4984 8890
4984 7879
4984 13662
4984 3657
4984 8362
4984 3033
4984 6412
4984 16281
4984 11232
4984 6799
4984 12120
4984 12631
4984 4492
4984 17008
4984 13223
4984 5333
4984 4696
4984 17412
4984 10114
4984 7811
4984 8561
4985 16348
4993 3532
4993 12897
4998 7827
4998 3385
4998 1007
4998 15458
4998 8039
4998 16618
4998 8037
4998 1254
4998 11548
4998 11340
4998 1986
4998 6576
4998 11460
4998 13298
4998 12041
4998 4881
4998 16511
4998 15111
4998 8296
4998 492
4998 6338
4998 6676
4998 701
4998 11053
4998 1011
4998 10396
4998 5260
4998 7150
4998 4949
4998 17941
4998 4698
4998 15377
4998 15711
4998 481
4998 7456
4998 15696
4998 15896
4998 4648
4998 7431
4998 13069
4998 10568
4998 3242
4998 4063
4998 12927
4998 10184
4998 1671
4998 3059
4998 15789
4998 15656
4998 6360
4998 10454
4998 68
4998 8980
4998 17092
4998 5029
4998 16129
4998 8253
4998 15629
4998 16989
4998 13769
4998 16852
4998 4844
4998 5160
4998 17139
5002 10831
5002 6825
5002 1725
5002 15578
5006 17276
5006 12411
5006 7816
5006 13680
5006 6901
5006 5841
5008 4367
5008 9604
5008 15923
5008 18320
5008 15062
5008 8389
5008 3864
5008 15489
5008 11952
5008 17617
5008 11647
5008 454
5008 15506
5008 16661
5008 4379
5008 9153
5008 15856
5008 17557
5008 15482
5008 18383
5008 9154
5008 10052
5008 12647
5008 4122
5008 472
5008 8056
5008 17570
5008 14212
5008 16877
5008 6691
5008 97
5008 2690
5008 12592
5008 10537
5008 13210
5008 12656
5008 4581
5008 6126
5008 11889
5008 4165
5008 1168
5008 5319
5008 17016
5008 4111
5008 659
5008 1162
5008 7393
5008 8187
5008 10843
5008 4498
5008 17177
5008 9997
5008 3210
5008 3246
5008 7095
5008 6823
5008 13919
5008 830
5008 9829
5008 8375
5008 11102
5008 6849
5008 9464
5008 2452
5008 1560
5008 5494
5008 4504
5008 11496
5008 13589
5008 4074
5008 4829
5008 6173
5008 3830
5008 9718
5008 7420
5008 10166
5008 13957
5008 1374
5008 7314
5008 2924
5008 11006
5008 13797
5008 12507
5008 14215
5008 12494
5008 13686
5008 8616
5008 11828
5008 11540
5008 2900
5008 11756
5008 7877
5008 16556
5008 11217
5008 16674
5008 10966
5008 9390
5008 3630
5008 14328
5008 10976
5008 15486
5008 14529
5008 15841
5008 12755
5008 6338
5008 169
5008 11992
5008 2726
5008 8560
5008 3043
5008 233
5008 2960
5008 12557
5008 9798
5008 4517
5008 10597
5008 2222
5012 1458
5019 4583
5019 12042
5021 10938
5028 15162
5028 8675
5028 16769
5028 5077
5028 4014
5028 17673
5028 16904
5028 17096
5028 10078
5028 7635
5028 3932
5028 13159
5028 12511
5028 3275
5028 4620
5028 8213
5028 3982
5028 1674
5028 7271
5028 1126
5028 6303
5028 18281
5028 12108
5028 17960
5028 5153
5028 9990
5028 3117
5028 15068
5028 12241
5028 11526
5028 27
5028 14885
5028 10066
5028 12051
5028 14817
5028 18306
5028 4769
5028 2153
5028 6896
5028 12602
5028 1829
5028 4601
5028 10574
5028 15966
5028 7578
5028 1141
5028 2468
5028 11675
5028 6670
5028 18464
5028 17149
5028 14220
5028 15219
5028 5010
5028 3307
5028 10670
5028 12844
5028 668
5028 6798
5028 16539
5028 18215
5028 10826
5028 15892
5028 7519
5028 18062
5029 6049
5029 9811
5032 4644
5032 5010
5032 11170
5032 395
5033 806
5036 2189
5038 17278
5038 17079
5038 7566
5040 16738
5041 12533
5043 13300
5046 15333
5046 17395
5046 11674
5047 17843
5047 1070
5050 15073
5050 13643
5050 10622
5050 190
5050 10021
5050 11851
5050 14925
5050 15625
5050 6327
5050 6138
5050 3364
5050 7150
5050 4949
5050 18391
5050 14159
5050 710
5057 4744
5057 18014
5063 17173
5063 9137
5066 7620
5066 6734
5066 6964
5066 5160
5066 6473
5066 11865
5066 331
5066 9999
5066 7456
5066 760
5067 9392
5067 9659
5067 10483
5067 6196
5068 16555
5068 14775
5068 7827
5068 3987
5068 4949
5068 14415
5068 15969
5068 9828
5068 8819
5068 15667
5068 8903
5068 2188
5068 10854
5068 1458
5068 17305
5068 17361
5069 15575
5072 3313
5072 11797
5073 13952
5073 12937
5073 11868
5077 6775
5077 14729
5077 7635
5079 13826
5079 3337
5080 4650
5085 12528
5085 12992
5085 1119
5085 7747
5085 13388
5085 14759
5085 1644
5085 3117
5085 13445
5085 15978
5085 3950
5088 16802
5088 14386
5088 11755
5088 13395
5088 14115
5088 11417
5088 17096
5088 4869
5088 17584
5088 18336
5088 11998
5088 12946
5088 5205
5088 3731
5088 10554
5088 8796
5088 16769
5088 6942
5088 2520
5088 5386
5088 9557
5088 6015
5088 4346
5088 4622
5088 6415
5088 2138
5088 1130
5088 3056
5088 10842
5088 11837
5088 8832
5088 8399
5088 17497
5088 18250
5088 1838
5088 7670
5088 5010
5088 4396
5088 6294
5088 16387
5088 17364
5088 6053
5088 8085
5088 6228
5088 10977
5088 16985
5088 11486
5088 16100
5088 2398
5088 18062
5088 12363
5088 13851
5088 3337
5088 4301
5088 4211
5088 16489
5088 3061
5088 5161
5088 11294
5092 5408
5092 14120
5093 11678
5093 4010
5093 12803
5093 14467
5100 4644
5101 2143
5102 2154
5102 3420
5102 17994
5103 10437
5106 4583
5110 6297
5113 14759
5113 9179
5113 2932
5113 11325
5113 2902
5119 11247
5119 11896
5119 14024
5121 16014
5126 17907
5126 16146
5126 14818
5126 16887
5127 16813
5127 7720
5128 11403
5132 8257
5132 10416
5136 13643
5137 7142
5137 584
5137 635
5137 4165
5137 15704
5137 15456
5137 1313
5137 10593
5137 13773
5137 17390
5137 17339
5137 13539
5137 1315
5137 11914
5139 17506
5139 18179
5139 11865
5139 701
5142 17534
5142 9301
5142 14741
5142 6251
5142 8350
5143 106
5145 11597
5148 16429
5151 5631
5153 10722
5153 3887
5153 9310
5153 11152
5153 15565
5153 12937
5153 4738
5153 7786
5153 9279
5153 11678
5153 6247
5153 15713
5153 17673
5153 1490
5153 14358
5153 9742
5153 8361
5153 6297
5153 18062
5153 15210
5153 13053
5153 10110
5153 18327
5153 13468
5153 3979
5153 12566
5153 7519
5153 12351
5155 4356
5155 1263
5155 11581
5155 10529
5155 7562
5155 4273
5159 12306
5159 12973
5163 14568
5163 1657
5163 1607
5163 2154
5163 1981
5163 770
5163 14551
5163 5324
5163 9105
5169 14491
5171 2714
5171 2945
5171 9419
5171 655
5171 5109
5171 15696
5171 7360
5171 13775
5171 7827
5171 4949
5171 11865
5174 11805
5174 424
5174 4949
5174 13543
5174 8939
5174 11855
5174 10211
5174 3187
5174 3115
5175 5717
5175 16539
5175 9310
5176 16359
5176 5139
5177 13330
5177 7702
5177 2506
5179 6049
5181 18079
5181 14740
5181 6324
5181 7708
5181 5665
5183 15369
5184 4772
5184 12728
5184 17168
5188 8346
5190 1196
5191 120
5191 17176
5191 7456
5191 8940
5191 8093
5194 14028
5194 9184
5194 15914
5194 7619
5197 10916
5198 870
5198 865
5198 4949
5201 16014
5202 1126
5202 4262
5211 14717
5211 3740
5217 147
5217 13460
5217 633
5221 3731
5221 11774
5221 17141
5221 2425
5221 7488
5221 6812
5221 13664
5222 3731
5222 6297
5222 4757
5222 6072
5222 18073
5223 4242
5224 6049
5227 9198
5227 10264
5235 9209
5235 5921
5235 5241
5235 5277
5237 9310
5237 15713
5237 10554
5237 2570
5238 10729
5238 4172
5238 18281
5238 17395
5238 8102
5239 6325
5245 959
5248 10202
5250 9332
5250 16794
5250 15271
5252 13457
5252 4589
5252 8847
5252 9670
5252 3315
5252 6183
5252 16766
5252 15836
5252 4720
5252 11408
5252 4668
5252 4949
5252 13403
5252 11766
5252 16800
5252 15449
5257 2494
5260 12331
5262 8346
5263 12087
5263 13794
5263 6179
5263 9010
5263 14358
5263 2589
5263 10498
5263 184
5263 17114
5263 3165
5271 7827
5271 3059
5272 6213
5272 5164
5272 3176
5272 4241
5272 8719
5272 2073
5274 16159
5275 14025
5275 12875
5275 7221
5276 4085
5277 17521
5277 1074
5277 4939
5277 12977
5277 16614
5277 14908
5277 15054
5277 13031
5277 10732
5277 7306
5288 13040
5288 10186
5289 13643
5289 15068
5293 8067
5293 11702
5293 8778
5293 15855
5293 8691
5293 14852
5293 6720
5293 12377
5293 891
5293 11991
5297 10250
5297 11239
5297 7519
5303 16012
5303 16061
5304 17537
5311 13271
5311 13451
5315 5153
5316 5829
5325 389
5325 4008
5336 17958
5338 9360
5338 3059
5338 5739
5339 2387
5339 13775
5343 8102
5343 802
5343 1913
5343 15455
5349 3737
5350 262
5355 18128
5360 17673
5362 18003
5363 4172
5363 14467
5363 15966
5365 6294
5365 18327
5370 9223
5370 3123
5372 11170
5372 1126
5372 3982
5372 12148
5372 7714
5372 15713
5372 8548
5372 4481
5372 3904
5372 6208
5372 15966
5372 4601
5372 9409
5372 7708
5372 5020
5372 7405
5372 6493
5372 11974
5372 1325
5372 6022
5372 13286
5372 13626
5372 14578
5372 7994
5372 8504
5372 11837
5372 1605
5372 13639
5372 2581
5372 7406
5372 4387
5372 748
5372 10337
5372 4583
5372 9017
5372 9756
5372 8013
5372 12176
5372 10722
5372 14145
5372 15241
5372 4396
5372 14169
5372 7015
5372 5173
5372 962
5372 15939
5372 8876
5372 6325
5372 16606
5372 6254
5372 1562
5372 6235
5372 14118
5372 4769
5372 13853
5372 17834
5372 11055
5372 7603
5372 4544
5372 5329
5372 3731
5372 13388
5372 3765
5372 16663
5372 15336
5372 940
5372 9449
5372 3306
5372 859
5372 9329
5372 1885
5372 6799
5372 16249
5372 1351
5372 17673
5372 14759
5372 16872
5372 16526
5372 4638
5372 7274
5372 14098
5372 17960
5372 10582
5372 11761
5372 5955
5372 7718
5372 3520
5372 13175
5372 10184
5372 18025
5372 3857
5372 11423
5372 3165
5372 15440
5372 4713
5372 13180
5372 5489
5372 9776
5372 12583
5372 7422
5372 3281
5372 9513
5372 2286
5372 8667
5372 13417
5372 308
5372 6752
5372 13931
5372 14561
5372 7962
5372 9392
5372 2367
5372 6890
5372 4262
5372 12937
5372 12474
5372 13540
5372 17359
5372 12439
5372 15963
5372 10023
5372 8911
5372 17322
5372 16017
5372 13760
5372 12351
5372 9245
5372 878
5372 9843
5372 321
5372 18345
5372 5690
5372 9199
5372 7146
5372 65
5372 1838
5372 5018
5372 2154
5372 15162
5372 13847
5372 8710
5372 16303
5372 16281
5372 3521
5372 400
5372 14467
5372 2945
5372 96
5372 13612
5372 13947
5372 13731
5372 10609
5372 2484
5372 6294
5372 13014
5372 877
5372 6836
5372 10209
5372 18351
5372 446
5372 1237
5372 8912
5372 17969
5372 4451
5372 17842
5372 15019
5372 11774
5372 8873
5372 14475
5372 14978
5372 17114
5372 8527
5372 15270
5372 880
5372 11015
5372 8755
5372 12360
5372 17767
5372 17236
5372 17445
5372 861
5372 10195
5372 15881
5372 856
5372 16471
5372 9198
5372 18388
5372 15475
5372 12464
5372 16292
5372 5422
5372 5667
5372 16392
5372 6681
5372 4336
5372 9583
5372 2509
5372 8852
5372 4059
5372 2000
5372 8663
5372 7170
5372 8561
5372 10554
5372 12602
5372 419
5372 12607
5372 3725
5372 4732
5372 7711
5372 11362
5372 9062
5372 142
5372 17071
5372 5010
5372 4390
5372 5776
5372 14142
5372 12660
5372 4860
5372 5227
5372 18244
5372 15219
5372 13141
5372 2765
5377 7431
5377 7990
5377 7827
5377 1001
5377 9811
5377 6561
5377 5531
5377 11805
5377 4167
5377 12008
5377 5214
5377 9419
5377 4457
5377 10036
5377 8469
5377 16555
5377 6554
5378 15713
5385 6100
5386 15819
5387 13393
5388 11408
5389 18114
5389 1338
5390 4408
5391 3364
5391 8107
5392 8694
5393 7068
5396 1934
5396 14467
5398 10853
5399 12586
5404 2651
5404 10690
5404 1411
5404 7673
5404 813
5404 12315
5404 6674
5404 4913
5404 10381
5407 16515
5409 14676
5409 6037
5409 8819
5409 628
5416 9952
5416 16872
5421 16274
5421 13073
5422 3520
5422 4250
5422 3159
5422 13011
5422 17088
5422 1126
5422 4481
5422 3982
5422 1535
5422 9198
5422 14358
5422 17521
5422 10591
5422 4387
5422 5591
5422 10663
5422 1838
5422 4056
5422 16387
5427 11833
5427 10184
5427 5176
5428 6173
5428 5655
5430 7499
5432 6137
5432 701
5432 14638
5438 2468
5438 18327
5438 17297
5438 3440
5438 3117
5438 1046
5438 11066
5438 17445
5438 2597
5438 12631
5438 1185
5438 6313
5438 18192
5438 18064
5438 10942
5438 10200
5438 8556
5438 10006
5438 4738
5438 99
5438 2813
5438 257
5438 1044
5438 8912
5438 17834
5438 6224
5438 470
5440 8549
5440 7109
5441 8710
5441 8796
5441 3048
5441 5629
5441 7519
5441 1694
5441 3992
5441 16493
5441 13689
5441 5892
5441 6830
5441 4690
5441 6247
5441 812
5441 3708
5441 8435
5441 15365
5441 3903
5441 17744
5441 13159
5441 6294
5441 7340
5441 2657
5441 1923
5441 2196
5441 14358
5441 3176
5441 17576
5441 6412
5441 13340
5441 5665
5441 17149
5441 10663
5441 2752
5441 18215
5441 13748
5441 3521
5441 14396
5441 13251
5441 2928
5441 4618
5441 6940
5441 17172
5441 16387
5442 13433
5448 8873
5448 7075
5448 6755
5448 18215
5448 15966
5448 9060
5448 17687
5448 13746
5448 17111
5448 6517
5448 16816
5448 4387
5448 8796
5448 16861
5448 12602
5448 14413
5448 14671
5448 5240
5453 7827
5453 18416
5453 7621
5453 3432
5453 10361
5453 7684
5453 4836
5453 4949
5453 4672
5453 12624
5453 16895
5453 10534
5453 12642
5453 16216
5453 5091
5453 1915
5454 13719
5454 8556
5454 13887
5457 14807
5460 9942
5460 12176
5460 3117
5461 13340
5461 9511
5461 8767
5461 1262
5461 17149
5467 3944
5467 13312
5467 5816
5467 9481
5467 9061
5467 16128
5467 3797
5467 8928
5467 14425
5467 2197
5467 6731
5467 17995
5467 14297
5468 3533
5468 15652
5471 9419
5471 18055
5471 4949
5473 10396
5473 15830
5473 16821
5473 4949
5473 5566
5473 17390
5473 4934
5473 1772
5474 12191
5474 10771
5474 12473
5477 11036
5477 18391
5477 918
5477 6360
5477 7425
5477 14670
5479 3834
5480 95
5480 4455
5480 17305
5485 11967
5485 5600
5485 17018
5485 16524
5485 14415
5485 10721
5485 4949
5485 16947
5485 1111
5485 5803
5485 13511
5493 5215
5493 10596
5493 15054
5493 8660
5493 10402
5493 17521
5493 9903
5493 4760
5493 1533
5493 14605
5493 14467
5498 9750
5498 8761
5498 13456
5498 3677
5498 2931
5498 6078
5503 5217
5503 14169
5503 8435
5503 3992
5503 16672
5503 5010
5503 18369
5503 7127
5503 1015
5503 9936
5503 11215
5503 17895
5503 12865
5503 2154
5503 8798
5503 18281
5503 5215
5503 6940
5503 16387
5503 4056
5503 8309
5503 6022
5503 17395
5503 13053
5503 1894
5503 10078
5503 4590
5503 12220
5503 8382
5503 9868
5503 4668
5503 17521
5503 8796
5503 3076
5509 13746
5509 9198
5509 15596
5509 9511
5509 13014
5509 11049
5509 15756
5509 1810
5509 17687
5509 4976
5509 6558
5509 11097
5509 17673
5509 11755
5509 17960
5509 17149
5509 12514
5509 2905
5509 12201
5509 12905
5509 17701
5509 11270
5509 14789
5509 962
5509 18073
5509 15714
5509 4907
5509 18250
5509 7720
5509 12602
5509 1923
5509 6670
5509 8018
5509 14169
5509 8556
5509 8796
5509 4644
5509 2617
5509 9738
5509 14729
5509 7786
5509 14194
5509 7747
5509 3337
5509 2916
5509 7271
5509 1885
5509 9315
5509 7519
5509 6641
5509 8504
5509 15452
5509 11215
5509 1227
5509 7406
5509 12937
5509 4481
5509 5688
5509 9674
5509 1126
5509 12157
5509 9310
5509 10670
5509 8719
5509 4968
5509 16879
5509 13031
5509 6546
5509 378
5509 3307
5509 18062
5509 10591
5509 9279
5509 4869
5509 11674
5509 10152
5509 13689
5509 9826
5509 3731
5509 9868
5509 4172
5509 940
5509 18300
5509 10078
5509 6024
5509 8942
5509 3033
5509 866
5509 14817
5509 8102
5509 784
5509 10020
5509 14939
5509 8905
5509 8667
5509 15389
5509 14243
5509 15966
5509 7030
5515 3987
5515 6860
5515 9811
5515 2235
5515 10092
5515 3364
5515 5944
5515 7486
5515 15731
5515 13775
5515 4949
5515 16696
5515 7060
5515 6140
5515 13613
5515 3059
5515 15212
5515 17941
5515 14424
5515 14807
5515 6500
5515 9833
5515 3390
5518 8245
5518 9788
5518 10306
5518 1971
5518 17917
5518 12249
5518 10430
5518 6143
5518 16191
5518 13034
5518 6148
5518 12031
5518 17689
5518 10261
5518 4711
5518 13995
5522 13807
5522 11205
5522 249
5522 10270
5522 5166
5522 11049
5522 18448
5522 379
5522 10480
5522 15311
5522 17660
5522 2348
5522 7720
5522 10078
5522 3563
5522 4977
5522 16281
5524 6294
5524 16655
5524 13014
5524 3932
5524 14358
5525 15191
5525 17506
5525 16369
5527 1593
5531 7499
5531 7773
5531 4856
5531 10782
5533 3209
5533 13014
5533 14788
5533 3836
5533 11012
5533 11055
5533 17351
5533 16964
5533 13689
5533 14419
5533 2081
5533 15713
5533 7408
5533 471
5533 15992
5533 142
5533 13095
5533 16872
5533 10095
5533 1393
5533 16348
5533 3734
5533 12302
5533 7770
5533 2187
5533 5153
5533 7133
5533 9392
5533 1472
5533 10182
5533 2468
5533 17267
5533 17960
5533 14553
5533 10165
5533 15604
5533 16861
5533 8113
5533 13011
5533 2297
5533 1934
5533 5422
5533 4806
5533 10736
5533 13760
5533 17855
5533 16284
5533 14556
5533 3422
5536 18191
5536 6443
5536 446
5536 2512
5536 7720
5536 6755
5536 9442
5536 6294
5536 14939
5536 3369
5536 12339
5536 10200
5536 93
5536 14286
5536 11687
5536 14885
5537 16056
5540 7621
5542 7271
5542 7384
5543 1458
5543 7827
5544 6841
5547 17477
5549 14374
5549 8672
5549 16883
5549 6905
5550 3071
5550 107
5550 15687
5550 7827
5550 11477
5550 6815
5550 4578
5550 8166
5550 7327
5550 3630
5550 9836
5550 14775
5550 9159
5550 12306
5552 6639
5552 909
5554 3654
5554 15763
5554 5400
5554 16272
5555 7646
5561 11237
5563 4707
5563 3451
5563 7982
5563 6068
5563 3622
5563 2331
5564 12987
5565 2154
5577 4974
5577 15216
5577 13087
5577 15162
5577 7406
5584 12249
5585 16429
5590 17282
5593 13021
5593 7953
5600 14365
5603 14146
5608 4197
5608 10259
5608 5461
5608 11903
5608 6222
5608 12665
5608 4696
5608 446
5608 3136
5608 11423
5614 10591
5617 8178
5617 600
5617 5548
5621 14475
5626 14786
5626 16233
5626 5379
5627 4949
5627 12918
5627 6603
5627 14863
5627 7542
5635 8882
5635 15174
5635 2402
5635 16264
5643 11852
5643 613
5643 14978
5643 16890
5643 4665
5643 3146
5643 12456
5643 5098
5643 14268
5643 9511
5643 12783
5643 17353
5643 7340
5643 16671
5643 12464
5643 8670
5643 9826
5643 9010
5643 17736
5643 5758
5643 2634
5643 1326
5643 13880
5643 6493
5643 11837
5643 7656
5643 2449
5643 14729
5643 2650
5643 14993
5643 17960
5643 9751
5643 4484
5643 13573
5643 13639
5643 15333
5643 7460
5643 446
5643 12387
5643 17490
5643 14439
5643 15389
5643 881
5643 17521
5643 76
5643 13175
5643 18216
5643 12758
5643 12865
5643 11701
5643 14868
5643 17343
5643 14898
5643 12514
5643 10216
5643 17096
5643 4396
5643 14341
5643 14419
5643 12948
5643 15500
5643 17319
5643 395
5643 17485
5643 13794
5643 8652
5649 2493
5649 9571
5649 3059
5649 11474
5651 15264
5651 8528
5651 3117
5651 9310
5651 6670
5651 2783
5651 3520
5651 7720
5651 3564
5651 6024
5655 4605
5655 233
5656 1748
5669 14145
5669 3243
5672 15073
5672 10106
5676 15534
5677 6315
5677 12377
5677 6473
5677 9223
5677 3630
5677 16745
5677 11814
5677 5139
5677 16555
5677 4836
5677 5400
5677 12911
5677 8429
5677 1888
5677 8665
5677 6659
5677 5627
5677 1924
5677 70
5677 18467
5677 13389
5677 2851
5677 8102
5677 14813
5677 14376
5677 331
5677 12584
5677 14659
5677 9942
5677 3590
5677 6754
5677 1011
5677 3059
5677 465
5677 5425
5677 6087
5677 18046
5677 15059
5677 13006
5677 7562
5677 8819
5677 13486
5677 7086
5677 2997
5677 3341
5677 15719
5677 15948
5677 8919
5677 16359
5677 4965
5677 10854
5677 9983
5677 15470
5677 8882
5677 15051
5677 16701
5677 8164
5677 3313
5677 11784
5677 5029
5677 10178
5677 13643
5677 9472
5677 11548
5677 18030
5677 15746
5677 13266
5677 9175
5677 15173
5677 3709
5677 7327
5677 10944
5677 8332
5677 247
5677 12546
5677 14798
5677 3364
5677 725
5677 14537
5677 13752
5677 15755
5677 9419
5677 7761
5677 7983
5677 15182
5677 7839
5677 1135
5677 18239
5677 7799
5677 12973
5677 1254
5677 17506
5677 3017
5677 1819
5677 11409
5677 4163
5677 12313
5677 8037
5677 15116
5677 505
5677 7181
5677 638
5677 4167
5677 9811
5677 7150
5677 7773
5677 7141
5677 5832
5677 2713
5677 16515
5677 16543
5677 16576
5677 11865
5677 8217
5677 3073
5677 10331
5677 8190
5677 8383
5677 16193
5677 8817
5677 5754
5677 8691
5677 10348
5677 18018
5677 16646
5677 16496
5677 5057
5677 17716
5677 11805
5677 16150
5677 12011
5677 11058
5677 701
5677 18391
5677 14018
5677 15377
5677 3332
5677 10121
5677 16925
5677 12232
5677 5182
5677 8160
5677 14455
5677 12909
5677 8752
5677 17043
5677 16014
5677 9361
5677 9952
5677 16463
5677 9906
5677 17390
5677 4405
5677 8123
5677 448
5677 10841
5677 790
5677 15326
5677 8322
5677 17181
5677 17937
5677 9142
5677 357
5677 6111
5677 16357
5677 6386
5677 3789
5677 9789
5677 6169
5677 1881
5677 14692
5677 8799
5677 14448
5677 9755
5677 1404
5677 10398
5677 14858
5677 8645
5677 12234
5677 1540
5677 13082
5677 10612
5677 17788
5677 6275
5677 17361
5677 10997
5677 18275
5677 7174
5677 4949
5677 17339
5677 12331
5677 13775
5677 15175
5677 8579
5677 10361
5677 2188
5677 16260
5677 14983
5677 10497
5677 11346
5677 15316
5677 9828
5677 13308
5677 2496
5677 483
5677 4146
5677 16681
5677 17494
5677 17606
5677 12072
5677 18371
5677 8921
5677 15914
5677 2594
5677 16393
5677 5641
5677 1312
5677 6734
5677 8526
5677 590
5677 2811
5677 5213
5677 1042
5678 13516
5680 7288
5680 17585
5680 8006
5680 3279
5680 5459
5680 13248
5680 15046
5680 5748
5680 348
5680 2003
5680 16591
5680 16612
5680 7228
5680 9446
5680 4920
5680 14486
5680 8618
5680 15251
5683 2887
5683 15260
5684 14774
5684 4949
5684 7456
5684 5425
5686 4841
5686 1599
5686 1633
5686 12072
5686 16823
5686 6526
5686 9090
5686 4078
5688 9523
5689 13566
5689 11003
5689 725
5689 15942
5690 3607
5690 2096
5690 15966
5691 7036
5696 13775
5696 18348
5700 15696
5703 13794
5703 9664
5703 1653
5703 7146
5706 8010
5708 16014
5711 10790
5711 8334
5711 492
5711 12561
5712 6974
5713 41
5713 13917
5714 17070
5715 13366
5717 1627
5717 12622
5718 3432
5718 2188
5718 5332
5718 6964
5718 12634
5718 15912
5718 14177
5718 12560
5718 18416
5719 5377
5721 3489
5726 10631
5729 14450
5730 7939
5738 10922
5739 9213
5739 16260
5739 5646
5739 13005
5741 11228
5741 9610
5747 14826
5752 12865
5754 5290
5754 13300
5755 6338
5755 13643
5755 18447
5755 12561
5755 12621
5755 10189
5755 15068
5755 9434
5755 11986
5755 18062
5755 10409
5755 14991
5755 12951
5755 10790
5755 17468
5755 4949
5755 15617
5755 13146
5755 6864
5755 4085
5755 9123
5755 17748
5755 11340
5757 12653
5757 17892
5757 16260
5757 5400
5757 6087
5757 8691
5759 9568
5759 772
5759 8710
5759 8796
5759 4262
5759 13925
5759 14358
5759 15539
5759 11488
5759 7287
5759 7519
5759 7770
5759 15264
5759 14428
5759 13340
5759 321
5759 17673
5759 5836
5759 8530
5759 6000
5759 5240
5759 17149
5759 10165
5759 6905
5759 13278
5759 13283
5759 16281
5759 4644
5759 653
5759 1857
5759 12937
5759 16387
5759 6755
5759 2153
5759 14350
5759 11532
5759 10193
5759 15880
5759 8018
5759 13011
5759 18281
5762 15994
5762 17158
5762 15112
5762 10566
5762 8530
5762 5257
5764 10854
5764 14406
5768 15073
5770 3734
5770 2813
5770 15879
5770 73
5770 14356
5770 7578
5770 13340
5770 8096
5770 7720
5770 17917
5770 18448
5770 14729
5770 10670
5770 12249
5770 17738
5770 12157
5770 15714
5770 9851
5770 6482
5770 10900
5770 1496
5770 4682
5770 3671
5770 13652
5770 8796
5770 16034
5770 6208
5770 7005
5770 1800
5770 7250
5770 12223
5770 5669
5770 7136
5770 14074
5770 15966
5770 5589
5770 11488
5770 9017
5770 2183
5770 10496
5770 13014
5770 17275
5770 18062
5770 67
5770 3521
5770 4696
5770 15210
5770 3176
5770 17141
5770 16387
5770 4769
5770 12784
5770 3422
5770 16406
5770 12220
5770 2899
5770 7349
5770 2153
5770 2476
5770 6143
5770 8667
5770 6651
5770 17744
5770 1516
5770 1694
5770 10631
5770 11097
5770 10647
5770 7770
5770 7031
5770 9534
5770 1084
5770 5866
5770 16370
5770 4865
5770 17960
5770 784
5770 15389
5770 18400
5770 14671
5770 6687
5770 7570
5770 18299
5770 6837
5770 15354
5770 6727
5770 10722
5770 502
5770 2701
5770 16922
5770 1971
5770 5410
5770 13748
5770 15963
5770 3357
5770 6092
5770 9059
5770 13661
5770 7891
5770 16793
5770 2145
5770 16095
5770 18244
5770 1932
5770 14856
5770 15911
5770 7436
5770 614
5770 12051
5770 9198
5770 1393
5770 4544
5770 13707
5770 7305
5770 9826
5770 2078
5776 7790
5776 12038
5776 1419
5776 6670
5776 13014
5776 2701
5776 15958
5776 18215
5776 1885
5776 6240
5776 4696
5776 9691
5776 7133
5776 17149
5776 2375
5776 4172
5776 2187
5776 13012
5776 372
5776 9038
5776 7603
5776 4139
5776 3176
5776 4481
5776 17960
5776 4601
5776 15966
5776 4732
5776 3642
5776 7712
5776 2463
5776 12162
5776 14885
5776 14729
5776 12660
5776 17895
5776 15778
5776 15858
5776 4997
5776 2849
5776 812
5776 14924
5776 8742
5776 14399
5776 7635
5776 9198
5776 4056
5776 15097
5790 16690
5790 5398
5790 11833
5790 10360
5790 14769
5792 5410
5798 12566
5799 2052
5802 14537
5802 6888
5802 17173
5803 5700
5803 247
5803 13862
5803 6886
5803 6881
5803 10991
5803 6145
5803 12103
5803 13233
5803 12728
5803 10740
5803 11346
5803 8021
5803 459
5803 6173
5803 12540
5803 14775
5803 13590
5803 487
5803 686
5803 11394
5803 1942
5803 14888
5803 9692
5803 17304
5803 2165
5803 12009
5803 11833
5803 13261
5803 17682
5803 12183
5803 3313
5803 11263
5803 13344
5803 37
5806 13919
5808 9519
5809 107
5810 13260
5810 12208
5810 14040
5810 13976
5810 6530
5810 2424
5810 17007
5810 15403
5811 2190
5811 4458
5815 4949
5815 18387
5815 17886
5815 17960
5815 17521
5815 2966
5815 3740
5815 10835
5815 15867
5815 14415
5815 14376
5815 6500
5815 15134
5815 8164
5815 1263
5815 15888
5815 1885
5815 12937
5817 3676
5817 2011
5817 5553
5817 11414
5817 5710
5817 6277
5817 13867
5817 16011
5817 10530
5817 1294
5817 7053
5817 3462
5817 2805
5817 8308
5817 4462
5817 3626
5817 2990
5817 3689
5817 1551
5817 2027
5819 13769
5819 6049
5821 1449
5821 14174
5821 13776
5821 1595
5821 10794
5821 6869
5821 7198
5821 14961
5821 5650
5821 1086
5821 1751
5821 8802
5822 8396
5822 7729
5822 1141
5822 6514
5822 1421
5822 1632
5822 12865
5822 17521
5822 1960
5822 16660
5822 14375
5822 1
5822 9531
5822 582
5822 4098
5827 12951
5827 8023
5827 9419
5829 4949
5829 8235
5829 8459
5829 8164
5832 6270
5832 124
5834 3277
5835 12953
5835 4140
5840 5400
5840 13146
5840 4345
5847 15494
5847 14775
5847 790
5847 9772
5847 18057
5847 11281
5847 41
5847 5575
5847 749
5853 11143
5853 12041
5853 16618
5853 9942
5853 8921
5853 18283
5853 13109
5853 823
5853 7542
5853 1479
5853 7819
5853 4949
5853 6394
5853 5295
5853 9670
5855 2174
5859 11820
5859 8555
5863 3534
5863 2732
5863 6261
5863 9942
5863 3833
5863 14706
5863 4562
5863 1079
5863 13542
5863 1263
5863 9121
5863 7157
5865 8630
5867 15562
5873 12053
5873 17958
5873 10384
5873 10020
5873 2183
5875 340
5876 11309
5876 13690
5876 3117
5878 16195
5878 12710
5879 13427
5879 11927
5879 6837
5879 1631
5879 3120
5879 12108
5879 4481
5879 12464
5879 4939
5879 14924
5879 6617
5879 5329
5879 7136
5879 321
5879 5383
5879 14885
5879 2326
5879 15966
5879 14419
5879 12602
5879 716
5879 17960
5879 13925
5879 17661
5879 7720
5879 16281
5879 14396
5879 12220
5879 17532
5879 4067
5879 6558
5879 10663
5879 9315
5879 360
5879 15631
5879 18327
5879 16292
5879 7406
5879 14553
5879 16578
5879 18198
5879 11097
5879 16284
5879 7550
5879 7708
5879 13952
5879 6697
5879 6879
5879 11590
5879 17359
5879 8345
5879 9742
5879 15210
5879 17895
5879 2518
5879 16559
5879 10130
5879 8790
5879 10216
5879 6504
5879 10826
5879 3521
5879 11296
5879 784
5879 8710
5879 14720
5879 18189
5879 11837
5879 8570
5879 4682
5879 7747
5879 14475
5879 13399
5879 17511
5879 4139
5879 7212
5883 1857
5887 13519
5889 1642
5889 5439
5889 8691
5889 18294
5889 2266
5889 1103
5889 4634
5894 11049
5896 14631
5896 6964
5896 10957
5896 4200
5896 15863
5896 7138
5896 2564
5900 5964
5901 6964
5901 9828
5902 1181
5902 15669
5902 1458
5902 10922
5902 7645
5902 17022
5902 18116
5905 861
5905 6520
5909 8102
5909 7556
5911 10494
5911 14818
5911 5261
5913 11647
5913 1366
5913 9413
5913 13056
5913 5650
5913 681
5913 5347
5913 10456
5913 12746
5913 16122
5913 13623
5913 1868
5913 3940
5913 10905
5913 7858
5913 5740
5913 13622
5913 12517
5916 1857
5917 2775
5918 9166
5918 14750
5918 10826
5918 5010
5918 13014
5918 2932
5918 8796
5918 14005
5918 3932
5918 2179
5918 571
5918 5776
5918 6294
5918 11465
5918 3206
5918 14358
5918 2903
5918 2413
5918 6325
5918 7578
5918 7550
5918 7451
5918 5797
5920 11488
5920 6887
5920 11170
5920 4791
5920 5797
5920 1651
5920 2103
5920 17687
5920 372
5920 3521
5920 14334
5920 10580
5920 668
5920 2153
5920 5323
5920 14729
5920 142
5923 2570
5929 8525
5931 1219
5931 4381
5931 11865
5931 9942
5931 4949
5931 16737
5931 7431
5931 11833
5931 10612
5931 13775
5931 3059
5931 1672
5931 9811
5931 7827
5931 10534
5934 8556
5934 2153
5934 17738
5934 15264
5936 17468
5940 10511
5940 5425
5940 701
5942 14556
5952 5010
5952 13291
5955 17521
5956 13295
5960 7456
5961 6208
5961 7299
5962 11728
5963 17759
5965 6887
5967 3622
5968 12566
5968 9826
5968 3455
5968 14392
5968 14749
5968 5010
5968 16089
5968 1146
5973 13060
5977 121
5977 2597
5977 4696
5977 3136
5977 1490
5977 14856
5977 12659
5977 1550
5977 277
5977 442
5977 13607
5977 940
5977 9691
5977 5873
5977 4049
5977 12602
5977 17936
5977 8675
5977 6392
5977 13267
5981 14557
5981 10392
5981 10542
5981 12646
5981 18340
5981 7697
5981 16485
5981 10539
5981 6090
5981 3518
5981 4706
5981 11793
5981 5099
5981 12074
5981 10517
5982 15121
5982 5320
5993 6720
5996 5678
5996 7353
5996 4123
5996 11992
5996 13520
5996 15449
5996 15536
5996 14982
5996 1915
5996 16625
5996 6299
5996 4434
5996 1249
5996 9283
5996 492
5996 14531
5996 12103
5996 10657
5996 2151
5996 9402
5996 4467
5996 15697
5996 2201
5996 1498
5996 9811
5996 8109
5996 2502
5996 6888
5996 14728
5996 15160
5996 9643
5996 1415
5996 14696
5996 3571
5996 8346
5996 17976
5996 1693
5996 8864
5996 6881
5996 17858
5996 11009
5996 15273
5996 4165
5996 6217
5996 9044
5996 4949
5996 17787
5996 5636
5996 17455
5996 3499
5996 6195
5996 14617
5996 2167
5996 9419
5996 17876
5996 7183
5996 12616
5996 4790
5996 17110
5996 4319
5996 6498
5996 8616
5996 9652
5996 7641
5996 9680
5996 4792
5996 5735
5996 14066
5996 6041
5996 9692
5996 13890
5996 12323
5996 17433
5996 385
5996 12629
5996 10305
5996 324
5996 568
5996 16981
5996 7864
5996 11618
5996 8801
5997 10341
5997 12189
5997 13660
5999 9691
5999 4696
5999 3165
6003 2660
6003 4093
6003 8020
6003 8414
6003 5030
6003 3618
6004 17549
6004 10630
6004 12109
6005 16834
6008 8106
6010 1203
6010 8312
6010 1934
6010 18100
6010 4939
6010 8435
6010 1363
6010 4335
6010 10629
6010 494
6010 1131
6010 9961
6010 10490
6010 14137
6010 5329
6010 3878
6010 13778
6010 13263
6010 2657
6010 7811
6011 12051
6014 15968
6015 1311
6015 18099
6017 874
6018 5803
6019 9811
6020 16975
6020 6788
6020 2239
6021 14028
6021 13775
6021 13006
6021 9942
6021 17514
6021 8332
6021 2162
6021 8799
6021 4345
6021 8268
6021 17397
6021 11865
6021 4949
6021 3073
6021 6047
6021 8259
6021 13486
6021 10854
6021 16463
6021 3728
6021 10612
6021 13389
6021 1219
6021 357
6022 17521
6022 16400
6022 446
6023 16702
6023 8796
6024 15585
6024 17673
6024 18395
6024 1126
6024 1838
6024 13014
6024 15714
6024 571
6024 940
6024 9023
6024 11674
6024 6558
6025 9828
6025 9506
6025 5401
6026 3522
6026 16431
6028 17773
6029 4956
6029 7905
6029 14145
6031 11833
6037 8799
6037 4345
6037 5066
6037 1877
6037 13389
6037 15185
6037 16555
6037 8740
6037 17555
6037 10854
6037 7322
6037 3728
6037 124
6037 9942
6037 12932
6037 16972
6037 17397
6037 8819
6037 4949
6037 18451
6045 6297
6048 16563
6049 11622
6049 1137
6049 3018
6049 2306
6049 14221
6049 4836
6049 1263
6049 11805
6049 8691
6049 13643
6049 2052
6049 3059
6049 16123
6049 5400
6049 10944
6049 6971
6049 9419
6049 12964
6049 13775
6049 17397
6049 9468
6049 18348
6049 11548
6049 16260
6049 9598
6049 11865
6049 3936
6049 11833
6049 13591
6049 16393
6049 10854
6049 1819
6049 16189
6049 8799
6049 3313
6049 12852
6049 9811
6049 6095
6049 16252
6049 10512
6049 5425
6049 13796
6049 11600
6049 9952
6049 12115
6049 824
6049 9893
6049 1672
6049 18018
6049 823
6049 17264
6049 9282
6049 7542
6049 8386
6049 17339
6051 13300
6052 27
6053 15452
6053 14467
6056 9414
6057 14880
6057 8673
6058 16216
6058 14164
6058 3772
6059 12724
6064 18416
6065 7112
6065 17655
6065 8796
6067 4949
6067 1377
6067 17361
6067 7261
6067 3329
6067 936
6067 3059
6067 11833
6067 16463
6067 10595
6067 5425
6067 11650
6067 4808
6067 16260
6067 1915
6067 15243
6067 8545
6067 8843
6067 7425
6067 12669
6067 17092
6067 4085
6067 14807
6067 18293
6067 9811
6067 18239
6072 4465
6072 13336
6072 5776
6072 12176
6072 4601
6072 11674
6072 11228
6072 6325
6072 18062
6072 16614
6072 529
6072 12105
6072 10872
6072 1153
6072 4758
6072 5866
6072 10826
6072 17521
6072 14358
6072 15880
6072 9534
6072 9017
6072 13661
6072 4769
6072 446
6072 5353
6072 4665
6072 16348
6072 11224
6072 8614
6072 4172
6072 277
6080 5220
6083 7939
6087 5057
6088 5153
6089 9811
6089 18416
6089 11804
6089 8190
6089 5109
6089 3987
6089 14415
6089 6720
6089 10681
6089 1181
6089 6158
6091 7431
6091 17591
6091 6099
6091 6095
6091 17310
6091 576
6091 2394
6091 13367
6091 7141
6092 13245
6092 4172
6092 14647
6092 12387
6092 6573
6092 5776
6092 14382
6092 11403
6092 18300
6092 766
6092 17556
6092 7759
6092 9155
6092 222
6092 5144
6092 13719
6092 16539
6092 14223
6092 1025
6092 18443
6093 14220
6095 2963
6095 14991
6095 8691
6095 2052
6101 1151
6102 6558
6102 14553
6102 2183
6102 9763
6105 835
6105 10554
6105 13744
6105 1173
6105 11577
6105 17775
6105 13847
6105 1885
6105 2243
6105 4869
6105 2785
6105 5035
6105 11506
6105 3136
6105 16663
6105 10163
6105 11837
6105 7965
6105 10292
6105 3951
6105 13512
6105 10488
6105 2945
6105 5958
6105 13681
6105 940
6105 7005
6105 7373
6105 16858
6105 3677
6105 8438
6105 8527
6105 14777
6105 4289
6105 12711
6105 7634
6105 4396
6105 8832
6105 12783
6105 9180
6105 8435
6105 12937
6105 1211
6105 18415
6105 4769
6105 16000
6105 17918
6105 10110
6105 7146
6105 13326
6105 11118
6105 10582
6105 3693
6105 16666
6105 3520
6105 17521
6105 6493
6105 8710
6105 23
6105 18215
6105 8105
6105 2032
6105 13011
6105 5329
6105 9218
6105 13174
6105 15760
6105 15371
6105 4057
6105 16991
6105 9179
6105 18266
6105 8563
6105 308
6105 17673
6105 8912
6105 446
6105 13851
6105 1602
6105 3307
6105 12566
6105 1141
6105 6391
6105 1133
6105 3708
6105 10901
6105 14118
6105 15929
6105 6349
6105 2792
6105 7714
6105 16803
6105 12513
6105 12176
6105 4197
6105 12865
6105 14729
6105 8085
6105 4390
6105 7402
6105 10687
6105 9198
6105 5673
6105 5935
6105 17382
6105 1332
6105 14243
6105 7460
6105 13031
6105 17797
6105 15264
6105 14786
6105 16387
6105 1627
6105 4325
6105 8739
6105 9624
6105 16939
6105 4994
6105 3337
6105 10699
6105 9165
6105 2793
6105 9664
6105 1473
6105 400
6105 5667
6105 18328
6105 12211
6105 9465
6105 14806
6105 4644
6105 14556
6105 3521
6105 10799
6105 18033
6105 12351
6105 3889
6105 16245
6105 3056
6105 7747
6105 14096
6105 16579
6105 5631
6105 11488
6105 16471
6105 6282
6105 6179
6105 11602
6105 16056
6105 135
6105 3048
6105 6053
6105 17960
6105 13014
6105 13794
6105 8199
6105 2576
6105 13053
6105 11240
6105 11929
6105 5411
6105 9200
6105 13321
6105 962
6105 6643
6105 8558
6105 9224
6105 861
6105 7519
6105 16599
6105 12252
6105 6606
6107 1078
6116 17127
6119 8790
6119 14946
6124 2813
6124 14485
6124 11342
6124 1985
6124 5460
6127 6972
6127 2230
6128 9397
6129 1819
6129 16922
6129 10496
6129 387
6129 10405
6129 6887
6129 4958
6129 16348
6129 8719
6129 14024
6129 10068
6129 17085
6129 8096
6129 1631
6129 1254
6129 5776
6129 8678
6129 17502
6129 13642
6129 7122
6129 10200
6129 3209
6129 16804
6129 1393
6129 18100
6129 15866
6129 18185
6129 5667
6129 3176
6129 5240
6129 17319
6129 4675
6129 16191
6129 6940
6129 12977
6129 12695
6129 15333
6129 15356
6129 18215
6129 9868
6129 716
6129 514
6129 12844
6129 4865
6129 3755
6129 14595
6129 398
6129 13053
6129 18191
6129 1145
6129 13470
6129 17744
6129 7048
6129 8652
6129 9826
6129 17895
6129 7332
6129 15726
6129 4336
6129 13847
6129 3729
6129 16217
6129 7747
6129 17380
6129 11398
6129 6905
6129 11805
6129 16539
6129 17618
6129 9502
6129 152
6129 7770
6129 9234
6129 12944
6129 6268
6129 4644
6129 8761
6129 7476
6129 13045
6129 11917
6129 9132
6129 13388
6129 9198
6129 14475
6129 6801
6129 14605
6129 8585
6129 9843
6131 12533
6132 2742
6132 10541
6135 17465
6137 9893
6140 9158
6140 1541
6140 5400
6140 519
6142 15356
6145 10708
6145 12891
6149 2064
6149 12189
6149 10490
6149 3636
6149 15332
6149 8553
6149 17994
6149 14840
6149 15789
6152 16010
6152 13390
6152 6670
6152 566
6152 14052
6152 14467
6152 3380
6152 8018
6152 17247
6152 2538
6157 2980
6157 7621
6157 15703
6157 3365
6157 8451
6157 4872
6157 15534
6157 9526
6157 8290
6162 10554
6163 2187
6163 12105
6163 9017
6163 17775
6163 5866
6164 10790
6165 12919
6165 5160
6165 8191
6165 18391
6170 3198
6174 6473
6174 11508
6174 18467
6174 17281
6174 11907
6174 1888
6174 14407
6174 827
6174 13237
6174 3341
6174 3432
6174 15363
6174 8863
6174 13751
6174 8691
6174 11024
6174 11529
6174 9942
6174 7687
6174 13389
6174 6156
6174 4457
6174 12420
6174 11312
6174 679
6174 12295
6174 3059
6174 3590
6174 6561
6174 15734
6174 16509
6174 18416
6174 794
6174 14807
6174 12015
6174 10854
6174 15542
6174 491
6174 15068
6174 9720
6174 14692
6174 1248
6174 15316
6174 10601
6174 16701
6174 17310
6174 13542
6174 320
6174 15830
6174 1881
6174 6964
6174 11881
6174 10788
6174 8208
6174 763
6174 7154
6174 17468
6174 7696
6174 17620
6174 867
6174 3049
6174 10835
6174 10797
6174 11477
6174 8141
6174 18391
6174 778
6174 7724
6174 7327
6174 3969
6174 13015
6174 11805
6174 4518
6174 16749
6174 16193
6174 14046
6174 13775
6174 9589
6174 11548
6174 3910
6174 7542
6174 13721
6174 18451
6174 14302
6174 8818
6174 8188
6174 18046
6174 8023
6174 4257
6174 13308
6174 1179
6174 4115
6174 6368
6174 4949
6174 6679
6191 10116
6191 8309
6194 10528
6194 4018
6194 9811
6194 7562
6194 6315
6194 4003
6194 10990
6194 6788
6194 8190
6194 10908
6194 6352
6194 8685
6194 2788
6197 1126
6197 7055
6197 15713
6197 4918
6197 1657
6197 14179
6197 1927
6197 14890
6197 2304
6199 11613
6202 15715
6203 6581
6207 11054
6207 8667
6207 16702
6207 9741
6207 9502
6207 3734
6207 13514
6207 17319
6207 8060
6207 9868
6207 17241
6207 5492
6207 16599
6207 10582
6207 7770
6207 4193
6207 15633
6207 2468
6207 18192
6207 3440
6207 5461
6207 9511
6207 1885
6207 10918
6207 12339
6207 6573
6207 197
6207 5032
6207 17979
6207 2381
6207 1044
6207 17141
6207 10671
6208 3731
6208 7271
6208 372
6208 6213
6209 2150
6211 5534
6211 11182
6211 11833
6211 17514
6211 10612
6213 16281
6213 10077
6213 1384
6213 7058
6213 17353
6213 7728
6213 7472
6213 701
6213 11083
6213 16136
6213 7133
6213 10483
6213 9479
6213 7720
6213 15513
6213 8556
6213 12201
6219 16617
6219 14601
6220 7239
6222 13896
6222 4622
6222 3306
6222 11678
6222 16526
6222 7811
6222 1811
6222 9561
6222 16001
6222 3136
6222 3731
6222 5461
6222 13987
6222 8010
6222 3126
6222 18212
6222 14786
6222 3307
6222 10608
6222 4696
6222 4769
6222 6443
6222 8527
6222 11072
6222 5691
6222 9479
6222 15264
6222 5015
6222 7714
6222 2089
6222 8772
6222 2950
6222 13617
6222 12865
6222 4056
6222 8447
6222 8667
6222 1472
6222 8185
6222 16437
6222 11423
6222 11872
6222 10942
6222 9511
6222 885
6222 14482
6222 12768
6222 12602
6222 6297
6222 1896
6222 1490
6222 6482
6222 13032
6222 13191
6222 2104
6222 1741
6222 15519
6222 8696
6222 13456
6222 10799
6222 17842
6222 7080
6222 5770
6222 12351
6222 5153
6223 7406
6223 11465
6223 13066
6223 17521
6223 9267
6223 12220
6223 3379
6224 3521
6224 2864
6224 8796
6229 17521
6230 12072
6237 14444
6240 7442
6240 8777
6240 12844
6240 14126
6244 17977
6244 14415
6246 9127
6247 8735
6247 9511
6247 12269
6247 4999
6247 13390
6247 668
6247 8936
6247 521
6247 2950
6247 13445
6247 2759
6247 12351
6247 5153
6247 2069
6247 11465
6257 6338
6257 6888
6258 13985
6259 15073
6259 11106
6259 16496
6259 11661
6259 10904
6259 591
6259 9732
6261 10769
6262 6053
6262 1694
6262 13887
6262 14118
6262 7681
6262 13573
6262 1325
6268 9825
6272 18046
6272 17494
6272 11124
6272 10510
6272 13890
6272 14617
6272 701
6272 9811
6272 1053
6272 10614
6276 1873
6276 8645
6282 16526
6282 18328
6282 5846
6282 3889
6282 7753
6282 5004
6282 18064
6282 9684
6283 4664
6287 16602
6288 6815
6288 6734
6288 10978
6288 9893
6288 16123
6288 14424
6288 4404
6288 5754
6288 1903
6288 4069
6288 1888
6288 4709
6288 5057
6288 11833
6288 9952
6288 134
6288 10146
6288 628
6288 15948
6288 6964
6288 10847
6288 7039
6288 1980
6288 1208
6288 3050
6288 5526
6288 11447
6288 18225
6290 12364
6290 15016
6290 12710
6292 6931
6292 18424
6292 11347
6293 17472
6294 3076
6294 3281
6294 14005
6296 6294
6297 2037
6297 6503
6297 18100
6297 17673
6297 14445
6297 6285
6297 387
6298 3087
6303 5770
6303 13880
6304 13012
6312 7839
6312 16975
6314 8410
6314 2549
6314 11457
6316 5408
6316 4644
6316 17149
6316 12231
6316 12514
6316 18232
6316 10826
6316 9105
6316 5239
6316 18300
6316 4769
6316 17380
6316 17156
6316 16348
6316 14060
6316 9166
6316 18327
6316 5461
6316 12905
6316 5866
6316 6801
6316 16056
6316 8447
6316 1735
6316 16911
6316 13014
6316 14350
6316 15264
6316 15991
6316 12341
6316 1371
6316 14582
6316 15726
6316 7720
6316 7786
6316 2187
6316 13340
6316 8739
6316 5770
6316 3982
6316 17141
6316 5010
6316 17206
6316 9288
6316 13012
6316 6224
6316 12108
6316 17738
6316 15162
6316 16859
6316 387
6316 14595
6316 5797
6316 10078
6316 1070
6318 8819
6319 16697
6319 8190
6322 13704
6325 12937
6331 701
6332 9209
6332 17204
6332 18212
6332 9511
6334 12629
6338 4949
6338 6156
6338 16555
6338 5525
6339 18016
6339 13072
6343 2970
6343 15366
6343 14419
6343 8264
6343 16791
6343 5161
6343 15674
6343 14758
6343 3165
6343 2701
6343 13887
6343 6213
6343 14539
6343 18215
6343 14396
6343 15714
6343 9777
6343 15389
6343 1141
6343 8018
6343 4860
6343 10496
6344 12602
6350 10384
6351 7496
6351 4187
6354 14631
6354 13542
6355 5525
6359 8190
6359 1383
6360 11143
6360 17092
6360 9811
6360 10092
6360 10898
6360 4167
6360 6676
6360 1678
6360 3476
6360 3707
6360 2174
6360 18060
6360 14537
6360 1924
6360 17593
6360 3009
6360 3313
6360 5425
6360 2391
6368 15702
6370 7871
6372 10381
6373 16796
6374 9087
6374 12631
6375 1651
6376 9893
6376 4633
6376 8166
6377 10824
6377 6640
6377 8799
6377 12377
6377 3223
6377 6720
6377 11805
6377 6371
6381 1141
6381 16603
6381 8535
6381 9753
6381 14371
6383 9307
6389 14406
6391 17521
6391 6297
6391 3812
6396 7769
6396 13796
6396 14639
6396 12010
6396 8853
6396 17384
6396 1586
6396 6639
6396 6
6396 7493
6396 8123
6396 14525
6402 9821
6403 12108
6403 6687
6404 6473
6406 13133
6406 16539
6406 17149
6406 14898
6406 13327
6406 15333
6406 12710
6408 11674
6408 13406
6408 8739
6408 9935
6408 9310
6408 18215
6408 3521
6408 8614
6408 14556
6408 3898
6408 1885
6408 12163
6408 7747
6410 6180
6410 8564
6410 11130
6410 1889
6412 8351
6415 5461
6415 14953
6418 1812
6418 14164
6418 15196
6420 4857
6420 7621
6422 16286
6422 16343
6423 12043
6427 16014
6427 3001
6427 4085
6427 1638
6427 2850
6427 2490
6427 1712
6427 16550
6427 1029
6432 5139
6436 6213
6436 9421
6436 14595
6436 3564
6436 15097
6436 2449
6436 2448
6436 4601
6436 14753
6436 7955
6436 8710
6436 3731
6436 6208
6436 8223
6436 17652
6436 3052
6436 3557
6436 2977
6436 18215
6436 14750
6436 12162
6436 13943
6436 1183
6436 12959
6436 8009
6436 634
6436 10862
6436 4481
6436 4214
6436 10670
6436 13133
6436 18315
6436 18073
6436 2367
6436 11403
6439 3798
6439 12687
6439 14775
6439 18391
6439 13836
6439 126
6441 12522
6444 9942
6453 14160
6458 7248
6460 4696
6460 16579
6460 1393
6460 514
6462 9824
6463 514
6464 15452
6470 1141
6473 9942
6473 3819
6473 947
6473 17937
6473 10612
6473 9584
6478 2459
6478 6819
6485 8447
6487 14593
6490 8980
6492 6679
6496 228
6496 15827
6496 7130
6496 8530
6496 17956
6496 9655
6496 9844
6496 10179
6496 13116
6496 17932
6496 18252
6496 16162
6496 17630
6496 13734
6496 4550
6496 16675
6496 17245
6496 14570
6496 5406
6500 11609
6500 4740
6500 15896
6506 16858
6509 6788
6517 2945
6517 10582
6517 3992
6517 4481
6517 3780
6517 9792
6517 8614
6517 16281
6517 7729
6517 14137
6517 5825
6517 13283
6517 10389
6517 6208
6517 15783
6523 17682
6523 14401
6525 885
6527 14514
6527 13944
6527 14375
6527 16782
6527 9531
6531 6049
6531 10782
6531 14263
6531 11798
6531 17043
6531 15989
6531 18313
6532 13300
6533 5678
6533 8075
6533 11754
6533 701
6533 14825
6533 14352
6533 5501
6533 15415
6533 14025
6533 17339
6533 7827
6533 12642
6533 13146
6533 12331
6536 15453
6536 7480
6538 7431
6543 11240
6543 10527
6543 3648
6543 8710
6543 11837
6543 4747
6543 12710
6543 9742
6543 11215
6543 13323
6546 18336
6549 16056
6549 3866
6550 5277
6550 7349
6552 13942
6554 5139
6554 7456
6554 8508
6554 9079
6554 5400
6554 17937
6554 13163
6554 4949
6555 15375
6555 10776
6555 17127
6555 10663
6555 6325
6555 2522
6555 6213
6555 10498
6555 5797
6555 10791
6555 2154
6555 16663
6555 13445
6555 2351
6555 10078
6555 391
6555 8675
6555 18192
6555 15394
6555 17780
6558 13978
6558 15966
6558 4644
6558 11515
6558 8710
6558 17141
6558 15315
6558 16095
6558 6443
6558 10670
6558 15714
6558 9903
6558 6887
6558 3307
6558 16366
6558 12937
6558 3688
6558 529
6558 14978
6558 14898
6558 16216
6558 15291
6558 6163
6558 3752
6558 3815
6558 2025
6558 7720
6558 1335
6558 16909
6558 14885
6558 13199
6558 12602
6558 17960
6558 372
6558 10389
6562 1888
6563 7990
6563 13006
6563 12044
6565 17367
6565 8480
6565 778
6565 18387
6566 3944
6567 6940
6567 16216
6567 6575
6567 17521
6567 5215
6567 5653
6567 10699
6567 4544
6567 8065
6567 17283
6567 10631
6567 5010
6567 15954
6567 17801
6567 649
6567 12742
6567 16562
6567 17627
6569 3844
6569 4512
6569 7541
6571 342
6571 4413
6571 10205
6571 4540
6571 1647
6571 5541
6571 2506
6571 4390
6571 9963
6571 8060
6571 4644
6571 11423
6571 1673
6571 12351
6571 9435
6571 6443
6571 1371
6571 18215
6571 3176
6572 8208
6573 8796
6574 6240
6574 7587
6574 4364
6574 9316
6577 5065
6579 14825
6580 17673
6580 7720
6580 15029
6580 9017
6580 9567
6580 5153
6580 15264
6580 9742
6580 11837
6580 3903
6580 15978
6580 18242
6580 17273
6580 4396
6582 1856
6582 18300
6582 7992
6582 15578
6582 2801
6582 12710
6582 17155
6582 360
6582 9165
6582 4347
6582 4665
6582 15958
6582 12289
6582 14595
6582 3659
6582 4337
6582 17221
6582 16460
6582 16487
6582 4489
6582 17742
6582 2409
6582 4242
6582 7579
6582 8660
6582 17292
6582 9002
6582 25
6582 5010
6582 10264
6582 1616
6582 16890
6582 10585
6582 110
6582 15366
6582 16715
6582 2060
6582 17521
6582 5619
6582 9740
6582 136
6582 2171
6582 372
6582 7714
6582 18099
6582 11819
6582 16190
6582 18244
6582 13994
6582 13794
6582 1995
6582 7829
6582 15308
6582 10102
6582 939
6582 8010
6582 7155
6582 3889
6582 946
6582 11574
6582 4030
6582 14683
6582 12241
6582 15885
6582 7656
6582 308
6582 17759
6582 11215
6582 8945
6582 2442
6582 6670
6582 15819
6582 7140
6582 17738
6582 10490
6582 6053
6582 13175
6582 13880
6582 15942
6582 11674
6582 5124
6582 16642
6582 14978
6582 14032
6582 6022
6582 15315
6582 15417
6582 7770
6582 18138
6582 3520
6582 4769
6582 17159
6582 8143
6582 17056
6582 10752
6582 8756
6582 18242
6582 8694
6582 11834
6582 13088
6582 15008
6582 17754
6582 7651
6582 5645
6582 13431
6582 16281
6582 2343
6582 17744
6582 6974
6582 18259
6589 277
6589 2041
6592 7770
6592 13032
6592 5101
6592 18062
6592 14788
6592 8556
6592 67
6594 8614
6594 14358
6594 1724
6594 12162
6594 15452
6594 11573
6594 6558
6596 17936
6597 6788
6598 16422
6598 14922
6600 4865
6600 2506
6600 1126
6600 3120
6600 9569
6601 10918
6601 10102
6603 11427
6605 14478
6605 13278
6605 17736
6605 9826
6605 7481
6607 13082
6609 11805
6610 10655
6610 3450
6610 73
6610 10953
6610 9324
6610 6128
6610 7424
6614 15505
6614 10596
6615 18216
6622 8790
6628 2694
6628 6861
6628 5010
6629 14146
6634 3923
6634 11170
6634 9017
6634 16911
6634 7519
6635 13483
6635 10141
6635 1514
6635 17283
6635 15966
6637 41
6643 514
6643 13110
6643 7720
6648 13088
6648 15177
6648 446
6653 8556
6656 4953
6656 2154
6656 15162
6656 14556
6657 16446
6659 1913
6659 5377
6659 10898
6659 7431
6659 7449
6659 11805
6659 1263
6659 11656
6659 701
6659 3266
6659 8499
6659 95
6659 3074
6659 1420
6660 10967
6660 14868
6660 8466
6661 7711
6661 15322
6661 395
6661 1068
6661 4749
6661 17497
6661 939
6661 10136
6661 14172
6661 103
6661 5818
6661 13777
6661 5461
6661 3165
6661 3126
6661 4583
6664 4905
6665 3358
6665 9017
6665 18100
6665 940
6665 8527
6665 8828
6665 8447
6665 17114
6665 6580
6665 3139
6665 5461
6665 8009
6665 1735
6665 18448
6665 1787
6665 7452
6665 8264
6667 4197
6670 15660
6670 7075
6670 2468
6670 4056
6670 18215
6670 6653
6670 11215
6670 7340
6670 16890
6670 12339
6671 8455
6671 473
6671 12679
6672 17937
6674 13286
6674 14263
6675 1148
6679 10295
6679 10518
6679 5700
6679 10835
6679 12953
6679 3432
6679 5425
6679 209
6679 7330
6679 9570
6679 1223
6679 11427
6679 11112
6679 4949
6679 95
6679 5566
6679 305
6679 16864
6679 9821
6679 15456
6679 3218
6679 2728
6679 1913
6679 5081
6679 1418
6679 16490
6679 17747
6679 4514
6682 9001
6682 18061
6682 8284
6682 6612
6682 7359
6682 1600
6682 6400
6682 11408
6683 13014
6683 3992
6683 3256
6683 1746
6683 8135
6683 6940
6683 3037
6683 7271
6683 7406
6683 9085
6683 8563
6683 5219
6683 4590
6683 14358
6683 13594
6683 9017
6683 14556
6683 5215
6683 4186
6683 1141
6683 7291
6683 4644
6683 2570
6683 1393
6683 6024
6683 12162
6683 14024
6683 6361
6683 3782
6683 1810
6683 4601
6683 15264
6683 11296
6683 16034
6683 16563
6683 885
6683 4907
6683 12220
6683 18306
6683 13794
6683 18279
6683 6313
6683 16605
6683 5776
6683 8413
6683 2367
6683 13514
6683 1145
6683 2740
6683 5789
6683 12602
6683 17738
6683 16022
6683 11188
6683 14226
6683 10340
6683 17521
6683 9826
6683 1641
6683 18198
6683 12865
6683 10591
6683 2916
6683 17801
6683 9511
6683 12937
6683 9920
6683 7711
6683 6775
6683 10449
6683 1503
6683 18215
6683 15991
6683 2701
6683 17960
6683 17380
6683 15966
6683 6651
6683 5046
6683 10299
6683 16070
6683 15805
6683 10483
6683 7747
6683 12176
6683 10631
6683 9903
6683 12844
6683 2034
6683 7720
6683 5416
6683 15500
6683 9130
6683 15713
6685 6049
6688 8796
6692 13830
6695 12624
6696 17184
6698 9742
6698 940
6698 3982
6698 3648
6698 12602
6698 6024
6698 5629
6698 9198
6698 11532
6698 16348
6698 6940
6698 7714
6698 7005
6698 17744
6698 7000
6698 5153
6698 3137
6698 15315
6698 10670
6698 1592
6698 8761
6698 17673
6698 15865
6698 8667
6698 4860
6698 15713
6706 14126
6706 10078
6706 7005
6706 12992
6708 14118
6708 17283
6708 13092
6708 10040
6708 16132
6708 10915
6708 16785
6708 13253
6708 418
6708 2959
6708 4413
6708 12303
6708 15949
6708 15639
6708 13340
6708 6755
6713 3992
6713 8018
6715 10483
6715 12930
6715 10132
6715 11488
6715 2069
6715 15394
6715 12051
6720 8980
6720 7827
6720 4949
6720 13759
6720 1913
6724 6364
6724 2064
6724 12206
6724 18250
6724 552
6724 18086
6724 7994
6724 5887
6724 3520
6724 15163
6724 13853
6726 9680
6730 4918
6733 5525
6733 4744
6733 12947
6734 14537
6734 5829
6734 16701
6734 16576
6734 15779
6734 12129
6734 16260
6734 13581
6734 1338
6734 2399
6734 12306
6734 4709
6734 7456
6734 8665
6734 13427
6738 13643
6738 14635
6738 16235
6747 5086
6747 3357
6747 17266
6749 11341
6749 13310
6749 2453
6750 7786
6750 13103
6750 3652
6762 16975
6764 10078
6765 5862
6765 938
6766 1046
6767 4221
6767 3574
6768 4604
6768 95
6772 9868
6774 11223
6774 14729
6774 14468
6774 14556
6774 5776
6774 16759
6774 15991
6774 5866
6774 5631
6774 14118
6774 2243
6774 6240
6774 3386
6774 17325
6774 7670
6781 18339
6787 11234
6787 11046
6787 11403
6788 16975
6788 10382
6788 4085
6789 14254
6789 87
6789 6502
6789 10551
6789 11656
6789 15238
6789 9772
6789 352
6789 10841
6794 5081
6794 124
6794 10387
6794 2002
6794 15832
6798 770
6798 3296
6799 14116
6799 12162
6799 3815
6799 6022
6799 5647
6799 12948
6799 11215
6799 12241
6799 11837
6799 14467
6799 3890
6799 15966
6799 1605
6799 12977
6799 14341
6799 10068
6799 2657
6799 17744
6799 2501
6799 12579
6799 5523
6799 5397
6802 13985
6802 1790
6803 5797
6803 5010
6803 4172
6805 13993
6805 17690
6805 8759
6805 13827
6805 9563
6806 17044
6808 3590
6808 4362
6809 7578
6809 3731
6809 13171
6809 7271
6809 11562
6809 7891
6809 16805
6809 3607
6809 12602
6809 15085
6809 14396
6809 7550
6809 17149
6809 17160
6809 13540
6809 17395
6809 8447
6809 9279
6809 14024
6809 14786
6809 16563
6811 4818
6811 13775
6812 4210
6812 13601
6812 11676
6815 279
6815 9594
6815 9493
6815 17620
6815 6014
6815 7710
6815 7980
6815 4780
6815 864
6815 9419
6815 12473
6815 11805
6815 6646
6815 17339
6816 7930
6816 15166
6816 4293
6816 14128
6816 6261
6817 9691
6817 12533
6817 2457
6820 12569
6820 15242
6820 14537
6820 15781
6820 14415
6820 6261
6820 14025
6820 15159
6820 7885
6820 7842
6820 16150
6820 6603
6820 16496
6820 6734
6820 10841
6820 6788
6820 5931
6820 480
6820 4949
6820 11865
6820 3055
6820 6270
6820 697
6820 9213
6820 17425
6820 10827
6820 6875
6820 3059
6820 331
6820 2874
6820 11805
6820 15896
6820 8259
6820 10854
6820 7431
6820 17390
6820 3364
6820 9942
6820 8691
6820 8037
6820 9952
6820 1936
6820 1888
6820 9419
6820 8499
6820 17506
6820 5425
6820 11418
6820 16975
6820 10628
6820 17184
6820 2814
6820 8164
6820 4417
6820 262
6820 15780
6820 4635
6820 6371
6820 17452
6820 7425
6820 11104
6820 5377
6820 1342
6820 2098
6820 14041
6820 15626
6820 5091
6820 14446
6820 6486
6820 2916
6820 11548
6820 3375
6820 846
6820 15914
6820 12011
6820 16746
6820 5081
6820 16313
6820 16555
6820 9811
6820 8882
6820 8525
6820 936
6820 16923
6820 15719
6820 3384
6820 9486
6820 13796
6820 9985
6820 1156
6820 15953
6820 294
6820 16393
6820 11346
6820 1695
6820 13006
6820 8322
6820 16463
6820 11376
6820 13494
6820 17092
6822 11319
6822 9781
6827 5001
6827 16216
6827 14556
6827 18062
6827 10200
6827 14118
6827 5010
6831 2326
6831 12241
6835 9952
6836 17123
6836 7720
6836 16991
6836 14740
6836 5101
6836 9138
6836 8883
6836 1276
6836 5035
6836 1653
6836 11309
6836 4242
6836 1022
6836 16030
6836 12371
6836 17936
6836 9868
6836 16417
6838 2228
6838 3365
6845 10919
6845 10601
6848 8752
6848 5095
6848 11600
6848 11805
6848 2589
6848 17291
6848 6210
6848 16072
6848 8843
6848 1888
6848 6165
6853 8556
6853 8984
6853 15891
6864 15243
6864 1915
6864 12210
6864 124
6864 9419
6864 12706
6864 9952
6864 12860
6864 2714
6864 155
6864 7362
6864 1584
6864 4998
6864 8896
6864 6872
6864 11183
6864 17043
6864 3059
6864 15080
6864 10944
6864 1219
6864 14680
6864 9570
6864 8691
6864 13015
6864 6360
6864 9893
6864 6317
6864 12687
6864 7621
6864 15173
6864 5029
6864 5944
6864 11833
6864 10788
6864 5425
6864 16821
6864 5754
6864 5931
6864 17045
6864 15696
6864 1888
6864 4087
6864 701
6864 6788
6864 16555
6864 6968
6864 4167
6864 13789
6864 5500
6864 7643
6864 11699
6864 14038
6864 11900
6864 2771
6864 7449
6864 16506
6864 7535
6864 17777
6864 8190
6864 12828
6864 16817
6864 17612
6864 590
6864 1141
6864 16701
6864 4409
6864 5550
6864 17980
6864 15314
6864 13296
6864 3364
6864 2188
6864 5832
6864 6964
6864 17746
6864 17506
6864 2997
6864 16260
6864 7367
6864 6194
6864 11548
6864 7327
6864 3929
6864 17390
6864 5377
6864 15543
6864 12331
6864 9603
6864 4930
6864 3801
6864 4744
6864 1388
6864 3695
6864 14894
6864 8164
6864 8123
6864 6109
6864 8427
6864 9351
6864 9811
6866 16014
6866 13513
6866 4154
6866 15588
6866 938
6866 11408
6866 6720
6866 11805
6866 5198
6866 2052
6866 11833
6866 16262
6866 3813
6866 16463
6866 8208
6866 4457
6866 4138
6866 4085
6866 936
6866 823
6866 11312
6866 9804
6866 11631
6866 6989
6866 8217
6866 7989
6866 13643
6866 891
6866 1888
6866 13775
6866 8385
6866 15382
6866 4846
6866 2188
6866 8691
6866 8164
6866 14366
6866 10092
6866 11548
6866 775
6866 16624
6866 6473
6866 7827
6866 12319
6866 2479
6866 17889
6866 16393
6866 9832
6866 18243
6866 3985
6866 1842
6866 485
6867 17780
6867 15966
6868 3409
6871 17917
6871 11674
6872 15914
6872 16821
6872 5066
6872 15080
6872 2558
6872 6964
6872 17355
6872 2980
6872 701
6872 13643
6872 12129
6872 14893
6872 4743
6872 10854
6872 17173
6872 4085
6872 4648
6872 794
6872 3482
6872 1458
6872 12526
6872 17395
6872 5425
6872 6194
6872 11714
6874 5876
6874 8382
6875 7033
6876 5329
6876 67
6876 3033
6876 18215
6876 11170
6876 12498
6876 10826
6876 16563
6876 7578
6876 16894
6876 9826
6876 13256
6876 7680
6877 13986
6880 13006
6880 11662
6880 3489
6881 13344
6882 3146
6882 14118
6882 12549
6882 4769
6883 1483
6883 7332
6883 5589
6883 17689
6886 1924
6887 16948
6887 1735
6888 5843
6899 2757
6903 14476
6903 18204
6903 231
6903 524
6903 11833
6903 3121
6903 5922
6903 4916
6903 14942
6903 11357
6910 10854
6913 13484
6913 8406
6919 6208
6922 9577
6927 6213
6932 7431
6937 701
6938 5500
6938 8688
6938 4642
6938 7640
6938 5666
6938 8685
6938 16274
6938 8217
6938 13934
6938 17506
6938 701
6941 11279
6941 13888
6941 14990
6941 4737
6941 16116
6941 9628
6944 1694
6948 11485
6948 7493
6948 4679
6951 5927
6951 14537
6958 14631
6958 3059
6958 17874
6961 1787
6961 16692
6961 2199
6964 1699
6964 10893
6964 4949
6964 16139
6964 11865
6967 10342
6967 8966
6968 5500
6968 17937
6968 13082
6968 14472
6968 5594
6968 5425
6968 13634
6968 4085
6968 12605
6968 10228
6968 7500
6977 13643
6977 13300
6978 11833
6981 15696
6985 13233
6985 6995
6985 16828
6990 15713
6990 3771
6990 4396
6990 5629
6990 12314
6990 12841
6990 5215
6990 11007
6990 7005
6993 17453
6993 17063
6993 13822
6993 7333
7000 10921
7000 6940
7000 9346
7000 7005
7000 6641
7000 18242
7000 14137
7001 15097
7002 11581
7003 5438
7010 18448
7010 10862
7010 3584
7010 9893
7010 18382
7010 2329
7012 9152
7016 17149
7017 571
7020 5152
7020 5214
7020 7552
7021 3059
7021 17937
7021 13787
7021 4497
7021 5869
7021 10331
7021 1179
7021 14807
7021 1459
7021 6720
7021 3318
7021 13643
7021 1888
7021 7542
7021 3313
7022 7556
7030 9550
7030 5461
7030 12844
7030 7340
7030 17284
7030 10663
7030 11170
7030 15966
7030 4390
7030 9511
7030 17206
7031 7720
7031 8796
7031 10504
7032 947
7032 6851
7032 13975
7033 11418
7033 3315
7033 5253
7033 8691
7033 6679
7033 13415
7033 2421
7035 13276
7035 807
7035 11845
7035 3255
7036 7519
7036 11423
7036 16312
7036 14566
7036 3520
7036 2740
7036 12950
7036 17141
7036 15753
7036 2916
7036 6022
7036 13682
7036 16805
7036 2506
7036 5631
7036 806
7036 8614
7036 18073
7036 8323
7036 7747
7036 4939
7036 15908
7036 8770
7036 11465
7036 6294
7036 15966
7036 12223
7036 12836
7036 9198
7036 9014
7036 27
7036 17380
7036 15749
7036 9883
7036 10490
7036 8719
7036 15880
7036 11678
7036 1694
7036 2970
7036 4835
7036 3327
7036 2267
7036 17738
7036 10351
7036 14306
7036 18215
7036 14978
7036 6079
7036 3755
7036 5240
7036 3117
7036 5387
7036 12372
7036 5461
7036 7681
7037 4769
7037 13175
7037 15389
7037 6643
7037 17527
7037 13326
7037 10490
7037 6862
7037 6558
7037 3132
7037 6189
7037 14729
7037 15778
7037 9300
7037 15939
7038 17271
7040 5430
7040 17500
7040 10341
7040 13660
7040 15988
7040 7499
7040 12189
7040 7781
7040 8265
7040 11323
7040 16204
7040 15555
7042 6755
7046 492
7046 4662
7048 1550
7050 17521
7050 9341
7050 8527
7050 18100
7050 4622
7050 9511
7050 861
7050 7752
7050 10729
7050 7994
7050 5461
7050 5061
7050 12777
7050 8988
7050 17149
7050 6616
7050 16387
7050 16151
7050 1550
7051 10312
7055 3296
7055 335
7055 14745
7055 9691
7055 15713
7055 12579
7055 5445
7055 6297
7055 11837
7055 10554
7057 13643
7058 3520
7058 3117
7058 743
7058 14729
7059 8096
7065 1746
7066 821
7066 13643
7066 2878
7066 17522
7066 5803
7066 4274
7066 3298
7066 4653
7066 15386
7066 17569
7066 11833
7066 12980
7066 4949
7066 8022
7066 10991
7066 3201
7066 15350
7066 15073
7066 6273
7066 13258
7066 9597
7066 9553
7066 296
7066 5761
7066 922
7066 5504
7066 12493
7066 16359
7066 7486
7066 12301
7066 8127
7066 10424
7066 58
7066 7297
7066 12547
7066 18364
7066 11269
7066 1038
7066 8703
7066 15025
7066 15896
7066 15221
7066 10661
7066 12755
7066 12786
7067 6049
7067 14296
7068 10782
7068 11457
7068 12072
7072 14120
7072 10067
7072 6297
7072 2675
7073 10854
7075 16911
7086 10854
7088 3059
7090 7392
7090 16828
7091 14196
7091 15646
7093 12176
7093 18073
7101 13591
7105 17043
7107 239
7107 6515
7124 1857
7124 85
7128 17985
7128 10389
7129 13014
7129 17236
7131 14361
7133 6887
7133 8675
7133 5995
7133 9868
7133 13388
7133 8096
7133 3731
7133 7650
7133 10546
7133 11177
7133 9215
7133 9826
7133 6534
7133 13794
7133 5797
7133 11097
7133 10826
7133 3037
7133 1393
7133 12721
7133 12514
7133 11515
7133 6163
7133 7078
7133 12341
7133 14479
7133 14856
7133 4732
7133 9127
7142 18120
7144 10078
7144 8518
7144 398
7144 4696
7144 12201
7146 6294
7146 4601
7146 13031
7146 5548
7146 3306
7146 17744
7146 5837
7146 5461
7146 17960
7146 2448
7146 14077
7146 10097
7146 10125
7146 2176
7146 9826
7146 4481
7146 9810
7150 7839
7159 1483
7163 8614
7163 5589
7163 16374
7166 7224
7166 16047
7166 701
7166 6788
7170 3268
7170 1562
7177 8707
7177 2656
7177 3145
7178 8660
7178 642
7181 5425
7184 13989
7186 2247
7187 9999
7187 18376
7187 9148
7187 9304
7190 15073
7194 979
7198 5803
7199 4856
7199 9417
7199 4167
7199 12388
7199 18014
7204 3039
7204 17936
7209 7839
7211 15865
7213 6028
7217 1363
7217 17753
7217 6213
7217 18242
7217 15041
7223 11829
7227 319
7227 17496
7227 2227
7230 1179
7231 15878
7233 11794
7234 4546
7236 14895
7236 9346
7236 9843
7236 398
7239 7901
7239 15867
7239 14680
7240 2461
7241 10078
7241 13782
7241 3688
7241 12051
7241 14180
7241 5244
7241 14141
7243 8429
7244 1267
7244 18307
7246 11833
7247 12642
7247 13715
7247 12738
7247 10646
7247 11805
7247 15314
7248 16056
7248 5067
7248 2473
7249 13324
7249 15073
7251 16144
7253 11833
7253 10788
7253 11548
7253 7330
7253 5800
7253 4044
7253 17184
7253 14310
7253 4949
7253 8752
7253 6784
7253 6120
7262 4345
7262 3567
7262 11548
7262 14350
7262 13402
7262 16383
7262 1819
7262 10854
7262 11113
7262 6500
7262 13665
7262 7499
7262 11865
7262 16045
7267 3982
7276 4167
7276 10573
7276 5805
7276 18029
7276 465
7276 701
7276 18235
7276 10485
7283 2568
7286 16127
7286 16159
7286 12733
7287 7578
7294 10944
7294 12919
7294 3479
7294 134
7294 4949
7302 12571
7303 8718
7303 15771
7303 11509
7303 10060
7309 17433
7310 1790
7310 585
7310 15848
7310 11653
7310 8734
7310 16281
7310 5720
7310 3097
7310 5669
7310 4778
7310 15360
7310 12461
7311 17928
7318 6967
7320 15808
7320 2597
7320 14786
7320 7251
7321 8652
7322 15646
7322 7839
7322 9419
7323 9868
7325 7694
7325 2461
7327 11833
7327 13486
7327 5256
7327 13062
7327 11805
7327 8322
7327 9417
7327 1888
7327 8526
7327 5068
7327 1263
7327 8562
7327 4167
7327 15653
7327 13082
7327 9905
7327 796
7330 3787
7330 10835
7330 11805
7330 13040
7330 15780
7330 3313
7330 12293
7330 9153
7330 14006
7330 701
7330 11900
7330 14376
7331 12150
7331 12807
7331 8300
7331 18239
7331 11805
7332 6687
7334 6473
7335 3987
7337 1418
7337 11154
7337 5054
7338 9862
7338 16562
7338 12894
7338 4972
7346 13006
7346 8531
7346 1671
7347 5754
7350 16416
7350 7055
7350 12898
7350 446
7350 14427
7350 6348
7350 1838
7355 2547
7355 13090
7355 3677
7355 8247
7355 5010
7355 121
7355 6940
7355 10826
7355 3176
7355 14311
7355 8852
7355 9596
7355 18215
7355 8675
7355 5873
7355 529
7355 2370
7355 17338
7355 2522
7355 5435
7355 4484
7355 1046
7358 11375
7361 15333
7361 6294
7361 14856
7361 8105
7361 3176
7361 4761
7361 17799
7361 13390
7361 16387
7361 7823
7361 7888
7361 462
7361 14130
7361 4644
7362 9204
7363 806
7363 10491
7363 1141
7363 17445
7363 8556
7364 1177
7366 9514
7366 16800
7367 3313
7367 10355
7367 8715
7367 1976
7367 6473
7367 4276
7367 3320
7367 17047
7367 3630
7367 15073
7367 3008
7367 11024
7367 1541
7367 16445
7367 14265
7367 14888
7367 14131
7367 2534
7367 6278
7367 3090
7367 6736
7367 10361
7367 4410
7367 4927
7367 12586
7367 5753
7367 15425
7367 5094
7367 7268
7367 3059
7367 13627
7367 262
7367 15383
7367 15449
7367 12682
7367 14985
7367 14061
7367 13775
7367 13238
7367 5127
7367 16593
7367 5081
7367 16701
7367 15462
7367 16181
7367 12686
7367 5000
7367 9158
7367 14114
7367 8429
7367 18120
7367 4167
7367 17929
7367 18061
7367 795
7367 4319
7367 1104
7367 1634
7367 11511
7367 14426
7367 4817
7367 11047
7367 3352
7367 15948
7367 5425
7367 15423
7367 8036
7367 701
7367 1408
7367 4973
7367 5500
7367 8819
7367 4634
7367 5474
7367 11091
7367 8173
7367 16807
7367 16765
7367 7416
7367 9022
7367 9141
7367 6563
7367 5011
7367 17986
7367 10551
7367 369
7367 2306
7367 638
7367 15588
7367 8990
7367 12912
7367 15525
7367 15996
7367 11719
7367 13542
7367 7322
7367 12068
7367 6902
7367 8093
7367 18451
7367 2320
7367 10805
7367 14276
7367 7198
7367 9386
7367 686
7367 15370
7367 12613
7367 1870
7369 13343
7370 4860
7370 16233
7370 15713
7370 14523
7370 13456
7370 10554
7370 2950
7370 3440
7370 7943
7370 4336
7370 4387
7370 13661
7370 4075
7370 8613
7370 16805
7370 4428
7370 8675
7370 12176
7370 14569
7370 16579
7370 4918
7370 7657
7370 716
7370 1141
7370 16627
7370 13967
7370 5010
7370 7451
7370 15977
7371 15073
7378 13656
7378 5281
7378 16056
7378 13662
7381 16281
7387 8530
7387 7621
7387 2402
7387 13613
7387 1254
7387 9213
7387 5139
7387 10395
7387 1219
7387 982
7387 7636
7387 8513
7389 17325
7389 2154
7396 5832
7396 1053
7396 14775
7396 6841
7396 4949
7396 16369
7396 4115
7396 7773
7396 10801
7396 5884
7396 13643
7396 3590
7396 10854
7396 1492
7396 6888
7396 3277
7396 14645
7396 16576
7396 17397
7396 14957
7396 10601
7396 5139
7396 10343
7396 5525
7396 13613
7396 13261
7396 6113
7396 9009
7396 823
7396 8123
7396 17838
7396 2402
7399 7456
7400 14237
7403 5602
7403 10428
7403 8327
7403 7278
7403 12463
7415 2468
7415 8710
7415 15866
7415 1084
7415 8796
7415 5134
7416 3368
7416 18112
7416 8799
7416 7359
7416 4949
7419 12586
7425 1315
7425 10854
7426 9691
7429 1070
7429 13014
7429 7628
7432 17702
7434 2232
7434 13256
7434 12351
7434 8435
7434 7349
7435 10918
7435 15753
7435 3564
7435 2838
7435 1126
7435 7578
7435 6391
7435 9511
7435 18062
7441 13014
7441 14608
7441 1053
7446 7349
7447 3240
7448 17510
7448 6049
7449 294
7449 2563
7449 4672
7449 1888
7449 5525
7450 4132
7451 6846
7451 11703
7455 13300
7455 2925
7456 3432
7456 5122
7456 11865
7456 10189
7456 3059
7456 14860
7456 12388
7456 6554
7456 6338
7456 9603
7456 15051
7456 10545
7456 14701
7456 14645
7456 5525
7456 416
7456 18416
7456 17506
7456 4818
7456 4154
7456 11246
7456 13006
7456 9942
7456 4518
7456 10854
7456 13157
7456 4345
7456 18421
7456 17937
7456 15567
7456 4709
7456 5635
7456 7431
7456 14424
7456 5214
7456 3695
7456 1263
7456 247
7456 5066
7456 14810
7456 2976
7456 9811
7456 11805
7456 7341
7458 9206
7458 7804
7458 11408
7458 11805
7458 6158
7458 5678
7458 15948
7458 10233
7458 16576
7458 1404
7458 15914
7458 7431
7458 17339
7458 13438
7458 10331
7458 15696
7458 14025
7458 11214
7458 9304
7458 16260
7458 18111
7458 17433
7458 1181
7458 14415
7458 9942
7458 164
7458 6964
7458 15867
7458 4890
7458 13735
7458 10545
7458 5531
7458 4167
7458 2188
7458 15781
7458 15920
7458 18161
7458 9811
7458 5057
7458 17822
7458 5425
7458 3692
7458 1349
7458 8166
7458 16701
7458 124
7458 14407
7458 1331
7458 8530
7458 1888
7458 7456
7458 15894
7458 7142
7458 14902
7458 14254
7458 18003
7458 9254
7458 9419
7458 6278
7458 2714
7458 7827
7458 9976
7458 18179
7458 3341
7458 7541
7458 12331
7458 6165
7458 18416
7458 1753
7458 17278
7458 13367
7458 18391
7458 6473
7458 10076
7458 12011
7458 12624
7458 331
7458 8164
7458 13308
7458 9950
7458 2568
7458 17818
7458 8459
7458 9272
7458 9213
7458 13775
7458 8037
7458 17330
7458 17506
7458 15815
7458 4949
7458 3059
7458 6848
7458 10037
7458 8799
7458 6236
7458 8543
7458 1219
7458 17092
7458 16555
7458 11312
7458 8852
7458 10283
7475 13021
7476 11880
7478 13767
7481 6656
7481 9826
7481 2367
7481 3821
7481 14137
7481 1810
7481 11674
7481 10634
7481 5153
7481 2596
7481 4997
7481 17141
7481 1651
7481 12579
7481 432
7481 5010
7481 8839
7481 16415
7481 15865
7481 1141
7481 12162
7481 10663
7481 9241
7481 7492
7481 9166
7481 321
7481 9742
7481 3165
7481 4496
7481 9568
7481 5629
7481 15073
7481 9753
7487 462
7490 8801
7491 17304
7492 3768
7492 11774
7492 3117
7492 3362
7492 5776
7492 9691
7492 12602
7492 14576
7492 1490
7498 6760
7499 7621
7499 5176
7499 864
7499 8037
7499 2084
7499 5081
7499 6910
7499 14692
7499 10827
7499 15594
7499 8217
7499 16536
7499 14415
7499 13082
7499 6159
7499 11804
7499 5295
7499 6561
7499 11833
7499 5525
7499 15719
7499 17184
7499 16448
7499 12526
7499 15696
7499 6815
7499 2188
7499 13775
7499 9455
7499 5400
7499 11865
7499 18416
7499 938
7499 7839
7499 6473
7499 8799
7499 6676
7500 17480
7500 11151
7500 8819
7500 8131
7500 9419
7500 10137
7500 9999
7500 5425
7500 4949
7500 9153
7500 3018
7500 6140
7500 11805
7500 4558
7500 331
7500 13300
7500 6338
7500 5931
7500 957
7500 12392
7500 12586
7500 8937
7501 3925
7502 3073
7502 4949
7502 6964
7502 15243
7502 492
7502 2110
7502 14680
7502 16737
7502 5684
7502 11865
7502 1053
7502 14893
7502 7827
7504 2657
7505 9397
7505 11207
7505 4407
7505 10953
7507 6641
7507 12861
7512 4402
7512 15760
7512 12330
7512 9067
7512 10746
7512 10081
7512 3578
7512 10069
7518 4141
7518 1653
7518 13340
7518 17421
7518 10826
7518 12703
7521 10004
7521 1627
7521 13712
7521 6310
7521 4972
7526 9038
7527 510
7530 3376
7530 16811
7530 6473
7530 8819
7530 3242
7530 3192
7530 4846
7530 4063
7530 13300
7530 9494
7530 7089
7530 13549
7530 10827
7535 10844
7535 6786
7537 2498
7540 11833
7540 16327
7540 18416
7540 12174
7540 4345
7540 823
7540 8208
7540 2563
7540 3059
7540 5525
7540 16496
7540 16014
7540 15719
7541 7827
7541 6554
7541 15059
7541 823
7541 15769
7541 867
7541 14415
7541 15781
7541 15696
7541 11143
7541 11346
7541 7332
7541 16555
7541 7737
7541 5941
7541 4167
7541 8579
7542 3059
7542 16746
7542 1677
7542 17291
7542 6841
7542 14631
7542 11833
7542 1733
7542 12536
7542 2769
7542 13775
7542 8870
7542 7425
7542 8691
7542 2989
7542 1263
7542 8190
7542 16268
7542 10151
7542 12117
7542 14537
7542 9419
7542 15173
7542 9811
7542 10512
7542 16496
7542 16821
7542 5425
7542 18100
7547 9820
7547 16756
7547 6620
7547 13763
7547 17371
7547 16930
7547 8656
7547 13783
7547 13089
7547 14909
7550 11885
7550 17103
7551 18319
7551 3521
7551 7406
7551 13117
7551 17061
7551 234
7551 17082
7551 18215
7551 13343
7551 9198
7551 2034
7551 3982
7551 14616
7551 14759
7551 8447
7551 13340
7553 11805
7553 11355
7553 7542
7553 338
7553 105
7553 15888
7553 6850
7553 11904
7553 11312
7553 8322
7553 9811
7553 11833
7553 5594
7553 13956
7553 16359
7555 1927
7555 2154
7555 12602
7555 7127
7555 15713
7555 9691
7555 8504
7555 12509
7555 9155
7556 1541
7556 17433
7556 1318
7556 790
7556 3059
7556 703
7556 4672
7556 15875
7556 17680
7556 4711
7556 16014
7556 3364
7556 11145
7556 1346
7556 16239
7556 17092
7556 508
7556 14919
7556 13997
7556 18365
7556 9982
7556 15175
7556 11062
7556 2481
7556 18224
7556 16255
7556 16123
7556 15588
7556 6720
7556 8110
7556 2930
7556 14216
7556 11838
7556 10531
7556 12642
7556 3357
7556 18246
7556 10399
7556 14444
7556 14291
7556 8132
7556 6151
7556 2995
7556 5160
7556 9772
7556 11281
7556 15483
7556 9564
7556 2568
7556 5382
7556 2272
7558 1694
7560 12331
7560 4553
7560 11833
7562 6964
7563 10854
7563 6788
7564 9220
7564 4319
7564 6888
7564 11805
7564 6049
7564 8311
7564 16756
7564 1426
7564 14041
7564 16975
7564 10802
7564 13643
7564 10875
7564 331
7568 13620
7578 18215
7578 6022
7578 15966
7578 4696
7578 3731
7578 12777
7578 15720
7578 4387
7578 3455
7578 8652
7578 15073
7578 12051
7578 3520
7578 4465
7578 2740
7578 2154
7578 7406
7580 13719
7580 17445
7580 8500
7580 7271
7580 6443
7580 7451
7580 388
7580 6801
7580 4896
7580 13617
7580 217
7580 12108
7580 15246
7580 13053
7580 8996
7580 8135
7580 15389
7580 12840
7584 2213
7588 4738
7588 6942
7588 14993
7588 11197
7588 4188
7588 6022
7588 18281
7588 16387
7588 14556
7588 8096
7588 3337
7588 13527
7588 13050
7590 6652
7597 1544
7597 7755
7600 6744
7600 17348
7600 15940
7600 15946
7600 7641
7600 17975
7600 11908
7600 6833
7600 12103
7600 17531
7600 8933
7600 16750
7600 10227
7600 11624
7600 11967
7600 8557
7600 12057
7605 459
7606 668
7612 2334
7612 14392
7612 5460
7616 18372
7616 8765
7616 7133
7616 10284
7616 12514
7616 17895
7620 6520
7620 4138
7620 11346
7620 16143
7621 17937
7621 14263
7621 14680
7621 11426
7621 8799
7621 11804
7621 4744
7621 10944
7621 12245
7621 5155
7621 2980
7621 2496
7621 10782
7621 218
7621 7134
7621 6360
7621 17361
7621 9942
7621 7929
7621 10612
7621 17092
7621 1888
7621 14893
7621 15161
7622 12072
7625 1079
7629 14553
7630 7241
7632 2448
7632 3708
7632 11834
7632 7585
7632 13032
7632 12478
7632 18153
7632 7746
7632 7015
7632 834
7632 5461
7632 11488
7632 15686
7632 17415
7632 283
7632 387
7632 17492
7632 15308
7632 940
7632 9817
7632 10670
7632 7287
7632 15955
7632 17111
7632 13349
7632 13747
7632 7005
7632 7651
7632 15877
7632 10498
7632 2187
7632 4747
7632 8893
7632 3669
7632 9826
7632 2017
7632 17633
7632 514
7632 529
7632 17006
7632 1802
7632 1985
7632 16804
7632 8792
7632 16902
7632 733
7632 10177
7632 12763
7632 5460
7632 14729
7632 29
7632 8907
7632 15472
7632 13031
7632 15834
7632 18056
7632 8861
7632 9392
7632 1490
7632 11678
7632 9179
7632 9766
7632 16367
7632 6706
7632 7811
7632 668
7632 14569
7632 17155
7632 7888
7632 1703
7632 11925
7632 4860
7632 3731
7632 14397
7632 12070
7632 17096
7632 3732
7632 8561
7632 13501
7632 8010
7632 9865
7632 8660
7632 4171
7632 4042
7633 2515
7633 14680
7635 3165
7635 5239
7635 5153
7635 16758
7635 7349
7635 12461
7635 8556
7635 11837
7635 17744
7635 15505
7635 14978
7635 6641
7635 4481
7635 12579
7635 11802
7635 10826
7635 2727
7635 1371
7635 14729
7635 2468
7635 3307
7635 9777
7635 4958
7635 17206
7635 10842
7635 2440
7635 3648
7635 10085
7635 17738
7635 2614
7635 4056
7635 7578
7635 18327
7635 15966
7635 7460
7635 676
7635 1792
7635 10184
7635 10078
7635 2902
7635 6024
7635 10638
7635 15219
7635 9166
7635 11779
7635 18374
7635 14782
7635 13406
7635 1325
7635 11526
7635 15963
7635 15783
7635 6799
7635 1070
7635 5010
7635 9424
7635 7708
7635 1141
7635 11674
7635 8297
7635 13794
7635 8013
7635 1490
7635 14391
7635 1467
7635 16539
7635 7519
7635 17096
7635 10513
7635 7129
7635 5032
7635 15512
7635 9017
7635 4544
7635 9346
7635 6443
7635 14556
7635 14467
7635 1126
7635 6801
7635 9776
7635 67
7635 16578
7635 12905
7635 15345
7635 3359
7635 10216
7635 6223
7635 2476
7635 6093
7636 6049
7636 2052
7636 14813
7636 4167
7636 9804
7636 15396
7637 8096
7638 10942
7638 9868
7639 4949
7639 607
7652 16922
7652 3306
7652 14108
7652 3520
7653 6841
7654 7809
7654 10294
7656 4435
7656 4396
7656 1838
7659 8563
7669 9166
7671 4601
7675 2104
7675 6297
7675 1490
7675 6213
7675 7708
7675 14856
7681 1185
7681 3887
7681 9100
7681 11309
7681 12631
7681 7720
7681 17707
7683 6520
7683 9664
7683 11869
7684 1819
7684 17807
7688 1735
7689 2188
7700 16930
7708 7274
7708 2154
7708 15505
7708 12844
7711 8614
7711 7770
7715 16578
7715 6558
7715 11170
7715 13192
7715 181
7715 16233
7715 16171
7715 3033
7715 15260
7720 277
7720 1478
7720 1126
7720 13445
7720 4644
7720 10488
7720 15880
7720 5153
7720 3440
7720 122
7720 13887
7720 16826
7720 9229
7720 15892
7720 17673
7720 1325
7720 3191
7720 6294
7720 1092
7720 15500
7720 5128
7720 10826
7721 16899
7722 1491
7722 16463
7722 124
7722 7425
7722 13062
7722 15896
7722 5216
7722 16542
7722 4949
7725 4718
7725 2071
7725 9998
7725 13902
7726 9198
7729 17924
7729 3648
7729 8796
7729 14164
7730 13308
7730 17043
7730 4709
7730 7827
7730 14659
7732 11000
7732 12881
7732 17721
7732 4757
7732 9909
7733 11170
7733 4337
7733 18149
7733 11383
7733 3126
7733 10546
7733 8660
7733 4538
7733 2104
7733 7349
7733 3440
7733 16182
7733 1141
7733 4289
7734 6049
7736 6530
7737 1179
7737 8279
7737 16359
7738 18215
7738 2932
7738 10894
7738 15099
7738 12663
7738 1675
7738 9166
7738 13607
7738 5667
7738 7682
7738 1459
7738 13923
7738 6317
7746 15966
7746 18281
7746 2749
7746 15315
7746 15219
7746 885
7746 18215
7746 18136
7746 8873
7746 3750
7746 16804
7746 6573
7746 7406
7746 5217
7746 7271
7746 13662
7746 3648
7746 8796
7746 2595
7746 11912
7746 12339
7746 6213
7746 15880
7746 18327
7746 12069
7746 16915
7746 12742
7750 17750
7750 3152
7750 13097
7754 9397
7754 11916
7757 9776
7757 5461
7757 9816
7757 8934
7757 277
7757 17960
7757 12602
7761 15497
7763 13132
7765 1594
7766 11224
7766 6732
7768 107
7768 12294
7770 9378
7770 14504
7770 5010
7770 12053
7770 4056
7770 6755
7770 14475
7770 11678
7770 6580
7770 7866
7770 1764
7770 5244
7770 14005
7770 1923
7770 2449
7770 18179
7770 5277
7770 13814
7770 2864
7770 10962
7770 15029
7770 12631
7770 8614
7770 9826
7770 7092
7770 4732
7770 6688
7770 11339
7770 3734
7770 4310
7770 1535
7770 668
7770 11912
7770 15264
7770 10826
7770 13014
7770 1490
7770 14137
7770 142
7770 13278
7770 9166
7770 15957
7770 16861
7770 1393
7770 9241
7770 6775
7770 2284
7770 12339
7770 6670
7770 3176
7770 15150
7770 277
7770 6294
7770 11270
7770 16113
7770 15880
7770 1487
7770 13340
7770 4939
7770 7635
7770 11674
7770 3932
7770 7720
7770 18215
7770 6163
7770 13133
7770 7406
7770 12162
7770 17855
7770 3313
7770 6408
7770 1126
7770 1698
7770 14474
7770 8861
7770 6482
7770 4141
7770 8018
7770 3834
7770 17322
7770 14311
7770 5438
7770 3521
7770 7484
7770 9392
7770 13847
7770 15756
7770 12844
7770 10483
7770 8710
7770 6651
7772 6754
7772 4272
7772 13516
7772 11521
7772 5174
7772 4998
7772 7134
7773 18416
7776 5398
7776 4085
7776 15948
7776 10612
7776 5401
7776 14109
7776 11739
7778 12072
7778 12965
7778 332
7778 11725
7779 11865
7779 6561
7779 7666
7779 13311
7779 1888
7779 18467
7779 15781
7779 15867
7779 709
7779 4765
7779 11600
7779 17748
7782 3477
7782 16369
7782 9494
7782 18416
7782 5314
7782 12951
7782 11833
7782 4818
7782 2811
7782 17184
7782 8322
7782 16618
7782 5662
7782 11246
7782 16014
7785 1953
7785 16767
7785 2676
7786 11713
7786 11423
7786 14622
7786 7451
7786 1911
7786 15138
7786 4193
7786 1755
7786 10909
7786 13031
7786 6830
7787 10609
7788 8710
7788 12533
7788 6837
7788 4390
7788 18306
7788 7994
7788 13014
7788 18215
7788 12176
7788 4601
7793 11833
7793 3489
7793 9186
7793 15696
7793 5081
7793 13471
7793 7805
7793 17800
7793 7824
7793 6815
7793 12586
7793 8716
7793 10769
7793 7071
7793 10448
7793 3736
7793 6174
7797 8556
7801 4869
7802 5776
7806 9942
7807 4647
7807 3059
7807 13300
7807 7993
7811 4984
7811 321
7811 3139
7811 3688
7811 13794
7813 6371
7815 4601
7815 13897
7815 2970
7815 9568
7815 13989
7817 1284
7817 12605
7817 4858
7819 13775
7822 11833
7822 4949
7822 8208
7822 14250
7828 16138
7828 10126
7833 13591
7836 12966
7836 14881
7836 155
7836 9638
7836 4861
7836 11041
7841 7621
7843 9645
7844 14556
7844 372
7844 4806
7844 6962
7844 4056
7844 9843
7846 1082
7846 2097
7847 1264
7849 2502
7849 10772
7851 803
7851 16880
7851 6074
7851 15328
7851 11821
7851 7014
7851 6127
7851 7024
7854 1602
7854 9555
7854 6493
7854 16227
7854 7088
7854 4778
7854 16975
7854 14651
7854 9061
7854 11684
7854 6912
7854 4659
7854 3616
7854 2827
7854 1544
7854 6061
7854 5562
7854 13856
7854 8736
7854 12816
7854 15689
7854 8839
7854 9400
7854 15618
7854 95
7854 11961
7854 18387
7854 6270
7854 17228
7854 275
7854 7631
7854 18346
7854 17590
7854 6515
7854 15440
7854 14349
7854 14775
7854 6413
7854 2644
7854 8622
7854 4463
7854 14956
7854 4432
7854 14222
7854 9095
7854 3088
7854 4365
7854 10561
7854 9364
7854 9185
7854 2422
7854 16010
7854 11709
7854 16240
7854 1354
7854 1409
7854 17387
7854 6658
7854 9664
7854 13144
7854 11210
7854 8435
7854 15474
7854 15577
7854 4919
7854 16595
7854 13224
7854 2786
7854 17163
7854 9670
7854 4948
7854 17430
7854 406
7854 10992
7854 12348
7854 8069
7854 7200
7854 17224
7854 2843
7854 9875
7854 18180
7854 2241
7857 95
7863 5029
7865 6614
7865 5057
7865 17454
7867 7425
7869 894
7871 13794
7871 10554
7871 3807
7871 10670
7871 9310
7871 3036
7871 9017
7871 4544
7871 13434
7871 13467
7871 2154
7871 2875
7871 12622
7871 4049
7871 17095
7871 8691
7871 13053
7871 18215
7871 6294
7871 16070
7871 6383
7871 6676
7871 1535
7871 8009
7871 1490
7871 27
7871 4390
7871 14350
7871 6613
7871 529
7871 9990
7874 2154
7875 6488
7876 15781
7878 4077
7878 8406
7880 17337
7880 12533
7882 6558
7883 5425
7883 12044
7883 12377
7883 11798
7883 1223
7883 16260
7883 4313
7883 13943
7883 11805
7883 18239
7886 18181
7886 8868
7886 12140
7889 12241
7895 10554
7895 18242
7895 15756
7895 9776
7896 840
7896 1220
7896 12973
7912 9576
7915 7462
7916 1172
7916 4154
7916 696
7916 17694
7916 7098
7916 2776
7916 17242
7916 4593
7916 10814
7916 8070
7916 8126
7916 9186
7916 3576
7916 1320
7916 11533
7916 15762
7916 17795
7916 18360
7916 13416
7916 17957
7916 2960
7916 1096
7916 12727
7916 4762
7916 2294
7916 1221
7916 2139
7916 3873
7916 2799
7916 15766
7916 9575
7916 13313
7916 17849
7916 14499
7916 15931
7916 5529
7916 10272
7916 11387
7916 17166
7916 16059
7916 11863
7916 15676
7916 18031
7916 16726
7916 1729
7916 10730
7916 12403
7916 17227
7916 15627
7916 11260
7916 1754
7916 15646
7916 10434
7916 895
7916 11045
7916 3530
7916 6256
7916 13335
7916 10920
7916 10705
7916 811
7916 12782
7916 11620
7916 12548
7916 14709
7916 2277
7916 8858
7916 6027
7916 14980
7916 15049
7916 12396
7916 4408
7916 14866
7916 14240
7916 16209
7916 13970
7916 7890
7916 10109
7916 2505
7916 2323
7916 10907
7916 2226
7916 1497
7918 5803
7921 5794
7921 15966
7927 6194
7927 3006
7927 11833
7927 10317
7929 7621
7929 8799
7933 14443
7933 2325
7934 13077
7934 17701
7934 8873
7934 11526
7934 13267
7934 15966
7934 3021
7934 9139
7934 8096
7934 9826
7934 1616
7934 14750
7934 7451
7934 14418
7934 15963
7934 17775
7934 17137
7934 18369
7934 14341
7934 16366
7934 6182
7934 13165
7934 7133
7939 17935
7939 14749
7939 7313
7939 9565
7939 1175
7939 16797
7939 3837
7939 15674
7939 14739
7939 14392
7939 6680
7939 10910
7939 15591
7939 16281
7939 6443
7939 18215
7944 6224
7945 16858
7946 10027
7947 2381
7949 6788
7952 12339
7952 14419
7952 15966
7953 6338
7953 9419
7954 8530
7954 16146
7955 6687
7955 1393
7956 7621
7960 11741
7960 14807
7960 5391
7960 10615
7960 2
7960 6794
7960 8691
7960 2052
7960 8332
7960 14415
7961 6443
7961 8796
7961 7720
7961 18215
7961 15966
7961 17206
7961 18073
7961 13274
7961 16281
7969 7827
7969 5176
7971 5212
7972 13405
7972 11271
7972 15830
7975 2174
7975 14621
7975 9311
7986 1644
7986 17924
7986 2657
7987 5588
7987 9868
7989 326
7992 17075
7992 14508
7992 529
7996 6788
7997 10990
7999 8454
8002 9893
8003 15054
8003 9121
8005 2587
8005 9511
8005 3136
8005 8440
8005 7460
8005 5461
8005 12777
8005 5240
8005 11170
8005 1351
8005 13847
8005 6364
8005 8666
8005 12108
8005 9826
8005 7656
8005 7028
8005 8527
8005 321
8005 446
8005 14358
8005 4601
8005 17924
8005 2916
8005 17149
8005 7578
8005 2950
8005 13445
8005 8735
8005 14938
8005 15264
8005 1885
8005 16599
8005 14939
8005 10609
8005 18010
8013 18100
8013 12201
8017 3965
8019 352
8024 13643
8025 10722
8026 12755
8031 6196
8040 8376
8041 10831
8042 4485
8042 10641
8047 3439
8048 7481
8048 14786
8050 5338
8051 15354
8051 16369
8052 18035
8052 13986
8052 5049
8052 12742
8054 5425
8054 5155
8054 342
8054 15332
8054 7285
8054 11805
8054 9269
8054 7827
8054 3253
8054 6037
8054 6049
8054 12011
8054 1263
8054 8123
8054 6095
8054 3013
8054 11833
8054 6467
8057 12978
8057 8525
8057 5343
8057 16014
8057 16196
8057 7522
8057 3059
8059 14740
8059 10404
8060 6687
8060 9234
8061 11833
8061 4097
8061 14664
8061 2321
8061 7731
8073 1070
8073 11987
8073 2950
8074 2522
8078 11833
8082 14692
8082 16795
8084 8190
8084 1459
8084 18103
8084 18208
8084 2188
8084 8217
8084 13775
8084 12416
8084 790
8084 331
8084 17339
8084 8444
8084 10305
8084 1219
8084 10612
8084 3059
8084 15719
8084 17184
8084 5425
8084 8903
8084 9998
8084 11631
8084 1011
8086 3987
8086 8404
8086 6807
8086 8240
8086 596
8086 12388
8086 3284
8086 713
8086 12687
8086 12981
8086 8255
8086 9304
8086 2566
8086 10335
8086 5003
8086 16992
8086 1255
8086 1283
8089 16005
8089 12277
8093 4345
8093 10386
8093 8160
8093 247
8093 10601
8093 14426
8093 10561
8093 2716
8093 5845
8093 10331
8093 5678
8093 17205
8093 7542
8093 6473
8093 11686
8093 17201
8093 11548
8093 9952
8093 1964
8093 4818
8093 5369
8093 9455
8093 13319
8093 2635
8093 13108
8093 836
8093 4154
8093 5495
8093 6249
8093 12392
8093 15896
8093 2015
8093 4425
8093 6520
8093 5063
8093 11408
8093 5500
8093 2188
8093 12820
8093 16889
8093 3001
8093 8882
8093 13643
8093 9681
8093 15020
8093 11596
8093 14360
8093 18444
8093 10140
8093 6049
8093 32
8093 12527
8093 4473
8100 6035
8100 4769
8100 6222
8100 5461
8100 7578
8100 446
8100 9511
8100 14633
8100 13566
8100 3136
8100 8527
8100 10726
8100 3126
8100 14096
8100 13431
8100 7938
8100 8121
8100 3117
8100 4164
8100 18212
8100 15929
8100 4108
8100 17950
8100 6804
8100 8759
8100 17149
8100 12976
8100 9838
8100 4673
8100 17071
8100 2852
8100 4668
8100 9489
8100 15428
8103 3903
8103 3052
8103 3306
8103 1490
8103 17521
8103 13120
8103 10184
8103 7871
8103 8861
8103 4247
8105 1971
8106 4949
8106 2188
8106 16737
8106 11805
8110 5191
8110 10612
8123 14537
8123 9811
8123 17043
8123 13427
8123 4949
8123 8993
8123 9417
8123 17339
8123 8846
8123 5500
8123 8691
8123 15060
8123 13615
8123 790
8123 13402
8123 8164
8123 5400
8123 864
8123 8190
8123 1936
8123 10898
8123 10854
8123 13542
8123 5526
8123 11636
8123 16260
8123 10838
8123 13643
8123 17394
8123 4381
8123 9828
8123 7542
8123 4818
8123 9933
8123 15719
8123 18451
8123 2706
8123 16196
8123 11805
8123 9942
8123 5566
8124 4154
8125 5721
8127 5803
8129 3496
8129 12161
8129 8080
8137 4949
8146 6663
8146 16580
8148 18006
8149 16375
8151 5461
8151 12937
8151 15264
8151 3117
8151 12610
8151 9617
8151 6580
8151 16540
8151 12162
8151 1589
8151 11761
8157 529
8157 3208
8157 11381
8157 13887
8161 8735
8167 1412
8169 6213
8172 701
8174 11865
8174 2954
8174 5931
8174 10643
8174 8806
8174 5398
8174 10365
8174 5170
8174 1970
8174 817
8174 13643
8174 9507
8174 6427
8174 9811
8175 6670
8175 10209
8175 8447
8175 14129
8175 13340
8176 7000
8177 12655
8177 12398
8183 4242
8183 7578
8183 8719
8183 15991
8183 7406
8183 5989
8183 4336
8184 12977
8184 2638
8184 14358
8184 15978
8185 5873
8189 546
8189 18337
8189 6143
8189 10605
8189 2791
8189 18399
8189 2407
8189 2107
8189 13743
8189 3794
8189 2992
8189 8170
8189 6858
8189 6320
8189 8598
8189 9528
8189 11546
8189 17455
8189 12700
8189 645
8189 1095
8189 15643
8189 16052
8190 15875
8190 11833
8190 2391
8190 7327
8190 15187
8190 9701
8190 873
8190 8799
8190 4205
8190 15719
8190 5091
8190 8428
8190 1678
8190 16243
8190 16123
8190 10998
8190 5160
8190 17937
8190 6785
8190 9720
8190 10944
8190 11600
8190 10797
8190 16393
8190 10135
8190 7276
8190 9206
8190 18111
8190 322
8190 7666
8190 14813
8190 2052
8190 16260
8190 262
8190 13542
8190 5273
8190 9942
8190 4949
8190 9828
8190 124
8190 16282
8190 14534
8190 3242
8190 1156
8190 982
8190 11943
8190 9981
8190 4818
8190 15867
8190 11805
8190 9782
8190 13254
8190 6318
8190 12477
8190 15173
8190 11447
8190 9148
8190 4457
8190 953
8190 1699
8190 5886
8190 5501
8190 4701
8190 14537
8190 331
8190 5063
8190 14415
8190 15855
8190 2997
8190 2851
8190 6338
8190 9419
8190 15920
8190 1936
8190 15243
8190 1154
8190 6473
8190 2094
8190 1541
8190 7737
8190 6743
8190 4231
8190 7360
8190 15399
8190 4780
8190 14825
8190 13389
8190 14017
8190 8255
8190 5400
8190 12388
8190 105
8190 9158
8190 6533
8190 2795
8190 6920
8190 15110
8190 3692
8190 6049
8190 1254
8190 1458
8190 15888
8190 132
8190 7623
8190 15896
8190 9320
8190 15948
8190 13706
8190 2728
8190 7621
8190 5377
8190 590
8190 14282
8192 12905
8197 15073
8198 13643
8198 6474
8198 4949
8198 851
8207 10078
8208 1404
8208 7500
8208 13643
8208 12331
8208 9419
8208 8691
8208 3364
8208 13337
8208 1181
8208 9952
8208 16555
8208 6520
8208 7327
8208 3059
8208 17339
8208 709
8208 9942
8208 2660
8208 18151
8208 12973
8208 5425
8208 7431
8208 11798
8208 11408
8208 11805
8208 3001
8208 3728
8208 7541
8208 331
8208 3313
8208 6473
8208 14480
8208 3630
8208 10833
8208 12295
8208 15896
8208 16393
8208 13775
8208 16359
8208 16576
8208 2052
8208 3073
8208 15867
8208 4085
8208 10950
8208 15779
8208 11833
8208 1263
8208 701
8208 3341
8208 4969
8208 13006
8208 864
8208 218
8208 16260
8208 2811
8208 12972
8208 7827
8208 8163
8208 13163
8208 12578
8208 10998
8208 15080
8208 10178
8208 3090
8208 13516
8208 2714
8208 8334
8208 14025
8208 1268
8208 305
8208 928
8208 14592
8208 1420
8208 6815
8208 11346
8208 8530
8208 9811
8208 245
8208 12420
8208 9934
8208 12852
8208 5081
8208 6676
8208 8499
8208 17205
8208 4949
8208 4167
8208 10971
8208 5550
8208 9304
8208 8863
8208 15567
8208 12569
8208 18348
8208 6270
8208 508
8208 4900
8208 8639
8208 11340
8208 17260
8208 5607
8208 5160
8208 10854
8208 14704
8208 10618
8208 2188
8208 2402
8208 5400
8208 9280
8208 1888
8208 16975
8208 2728
8208 6049
8208 16193
8208 15059
8208 12374
8208 6111
8208 6360
8208 5829
8208 4533
8208 1011
8208 13022
8208 628
8208 1809
8208 918
8208 18128
8208 14680
8208 16756
8208 13145
8208 559
8208 8980
8208 7456
8208 14801
8208 501
8208 18182
8208 13402
8208 5446
8208 14624
8208 9158
8208 2177
8208 9417
8208 11591
8208 10176
8208 3910
8208 16496
8208 8093
8208 7149
8208 8579
8208 10824
8208 2719
8208 4818
8208 10512
8208 12011
8208 1913
8208 8218
8208 14603
8208 16150
8208 10545
8208 8322
8208 10092
8208 5057
8208 1760
8208 17184
8208 10331
8208 6964
8208 8525
8208 14851
8208 1672
8208 7990
8208 17043
8208 4079
8208 17390
8208 8217
8208 3560
8208 10612
8208 12115
8208 8555
8208 13178
8208 1387
8208 7388
8208 11900
8208 1921
8208 8483
8208 18467
8208 13367
8208 10063
8208 17506
8208 12674
8208 2002
8208 11741
8208 10944
8208 17468
8208 7621
8208 1491
8208 15204
8208 15855
8208 4345
8208 3737
8208 8190
8208 8366
8208 1254
8208 262
8208 9828
8208 12624
8208 6788
8208 13113
8208 12473
8208 357
8208 15135
8208 8740
8208 17278
8208 14984
8208 15342
8208 15116
8208 15306
8208 12306
8208 16873
8208 2997
8208 8892
8208 9702
8208 11787
8208 16497
8208 8311
8208 4709
8208 18179
8208 17092
8208 5174
8208 6261
8208 8648
8208 16252
8208 18161
8208 5832
8208 7219
8208 465
8208 10646
8208 8870
8208 6841
8208 15769
8208 14997
8208 15456
8208 15198
8208 13492
8208 6338
8208 4138
8208 790
8208 15470
8208 7233
8208 6842
8211 16607
8213 13340
8213 15150
8215 126
8217 5214
8217 14863
8217 9959
8217 7456
8217 1819
8217 2461
8217 12377
8217 8359
8217 18043
8217 16701
8217 8691
8217 5091
8217 11865
8217 1219
8217 7914
8217 6473
8217 13308
8217 3073
8217 1331
8217 17184
8217 16534
8217 11804
8217 15173
8217 9789
8217 7827
8217 12973
8217 7431
8222 3379
8222 959
8222 1126
8222 8075
8223 3688
8223 8018
8224 1694
8225 15094
8226 9942
8227 1981
8227 5202
8228 523
8229 10803
8229 14118
8229 1629
8229 4640
8229 6549
8232 12241
8232 10078
8232 7578
8233 3935
8233 9126
8236 3409
8236 7478
8238 11224
8238 12602
8238 446
8238 18448
8238 4336
8238 2601
8238 1141
8238 12368
8238 15713
8238 8011
8239 6819
8239 9588
8239 9347
8244 4738
8244 8796
8244 14527
8244 15412
8244 3359
8244 493
8244 1126
8244 17465
8244 17618
8244 10209
8244 5040
8244 7753
8244 10582
8244 5010
8244 17687
8244 6825
8244 16049
8244 16861
8244 17353
8244 614
8244 395
8244 9017
8253 4949
8253 2528
8254 14678
8256 10826
8256 11447
8256 16924
8256 1810
8256 13014
8256 10078
8256 10496
8256 11864
8256 7656
8256 7120
8256 9250
8256 7313
8259 331
8261 5247
8261 551
8261 12853
8261 7707
8261 2114
8261 12071
8261 1364
8261 341
8261 4318
8261 3788
8261 15961
8261 5373
8261 10660
8261 9694
8261 14442
8261 729
8264 8010
8264 9990
8264 5538
8265 12189
8265 5430
8268 9942
8268 14028
8272 4054
8278 6678
8278 12206
8278 15777
8282 5057
8285 6108
8285 11829
8285 2657
8285 5129
8285 12937
8285 14759
8285 6412
8285 16660
8285 6023
8285 7994
8285 14350
8285 13262
8285 8435
8285 1141
8292 17501
8292 3732
8294 11803
8301 8556
8301 11334
8303 5251
8303 6443
8304 3307
8310 6302
8310 16004
8310 3731
8310 16036
8311 4836
8311 10178
8311 7116
8311 1459
8311 10797
8311 8471
8311 5114
8311 6720
8311 18179
8311 13643
8311 8499
8311 3059
8313 4644
8315 16056
8322 14025
8322 16014
8322 1809
8322 1888
8322 9828
8322 369
8322 3009
8322 6291
8322 8799
8322 10178
8322 12331
8322 5966
8322 2732
8322 10854
8322 13643
8322 1053
8322 9158
8322 13163
8322 4085
8322 6261
8322 12377
8322 3313
8322 9811
8322 8525
8322 16555
8331 3564
8331 16961
8331 7770
8331 8710
8337 14556
8340 18061
8340 14692
8340 4356
8340 5139
8340 5525
8340 9506
8340 124
8340 10893
8340 247
8340 18035
8340 5425
8340 5057
8340 14680
8341 10562
8341 4949
8341 5904
8341 14650
8342 1857
8347 7939
8347 14405
8347 14918
8350 13936
8350 5972
8350 3520
8350 4242
8350 4387
8350 13241
8352 9502
8352 9601
8354 8798
8361 11519
8366 3254
8366 10998
8373 16348
8374 14419
8376 1126
8377 12162
8377 14556
8377 14649
8377 17497
8377 3455
8377 2657
8377 17421
8377 5776
8377 3132
8377 6024
8377 14133
8377 6374
8377 15016
8377 13168
8377 6163
8377 18039
8377 8548
8377 5912
8377 7626
8377 15246
8377 14280
8377 6649
8377 12631
8377 3731
8378 16182
8378 12602
8383 10162
8399 7672
8399 4689
8399 15361
8401 8911
8401 16780
8402 10953
8403 10833
8403 947
8403 9702
8403 13360
8403 1994
8403 5343
8403 2975
8403 4146
8403 7773
8403 2391
8403 9942
8403 3059
8403 2402
8403 9153
8403 5526
8403 1615
8403 18436
8403 329
8403 3460
8403 17361
8403 17948
8403 16041
8403 8164
8403 790
8403 12928
8403 1458
8403 7164
8403 11897
8403 10854
8403 1888
8403 10946
8403 2052
8403 3223
8403 11798
8403 12293
8403 17664
8403 12420
8403 13516
8403 3692
8403 8279
8403 5939
8403 1043
8403 9356
8403 1356
8403 15855
8403 9419
8403 12153
8403 4674
8403 17883
8403 450
8403 10595
8403 17066
8403 13006
8410 10953
8415 15150
8415 15978
8418 4315
8418 14556
8418 5010
8418 2701
8418 2034
8418 4907
8418 4071
8418 3033
8418 4952
8418 3165
8418 277
8418 6980
8418 14350
8418 12201
8418 6208
8418 10322
8418 7747
8418 3291
8418 11837
8418 14026
8418 17666
8418 1340
8418 11827
8418 5717
8418 7598
8418 1788
8418 2477
8418 13989
8418 6325
8418 17141
8418 5776
8418 4690
8418 6670
8418 13159
8418 8435
8418 15880
8418 9868
8418 4644
8418 13014
8418 2153
8418 3120
8418 16292
8418 1679
8418 2928
8418 12937
8418 15500
8418 11465
8418 11998
8418 6294
8418 8690
8418 15958
8418 7578
8418 13950
8418 5629
8418 11097
8418 9843
8418 8796
8418 13267
8418 12351
8418 7064
8418 11678
8418 4601
8418 16281
8418 7635
8418 18079
8420 5498
8430 15051
8430 5696
8430 7847
8430 6338
8430 294
8435 5851
8435 13120
8435 4441
8435 10078
8435 7124
8435 3992
8435 6703
8435 7133
8435 15264
8435 5589
8435 15978
8435 6294
8435 17744
8435 234
8435 13617
8435 12341
8435 17700
8435 10340
8435 387
8435 6662
8435 94
8435 9179
8435 15223
8435 8556
8435 1764
8435 13794
8435 3908
8435 15971
8435 10476
8435 6687
8435 4835
8435 9899
8435 6897
8435 13527
8435 13719
8435 8790
8435 6297
8435 653
8435 9776
8435 11663
8435 16578
8435 3117
8435 12844
8435 9511
8435 14005
8435 13045
8435 14729
8435 17353
8435 6799
8435 3120
8435 12607
8435 6223
8435 12566
8435 10852
8435 2397
8435 4056
8435 13868
8435 5770
8435 13267
8435 5323
8435 514
8435 10647
8435 9346
8435 10235
8435 10826
8435 12710
8435 12162
8435 7939
8435 11331
8435 3734
8435 5866
8435 9600
8435 11504
8435 1145
8435 9198
8435 14358
8435 2468
8435 8675
8435 5797
8435 10322
8435 11383
8435 2929
8435 13014
8435 1393
8435 16861
8435 1487
8435 14145
8435 15966
8435 18464
8435 2945
8435 7058
8435 3666
8435 7196
8435 6839
8435 15714
8435 13847
8435 14885
8435 10722
8435 18192
8435 6313
8435 7034
8435 14788
8435 12291
8435 14268
8435 8667
8435 8018
8435 3834
8435 16292
8435 13013
8435 8037
8435 13256
8435 11007
8435 806
8435 6071
8435 18306
8435 18215
8435 2740
8435 16890
8435 17960
8435 16730
8435 239
8435 8852
8435 17241
8435 13304
8435 9873
8435 11285
8435 11852
8435 9986
8435 8796
8435 6482
8435 71
8435 3171
8435 13024
8435 432
8435 4222
8435 3256
8435 3056
8435 17521
8435 7670
8435 4260
8435 18448
8435 6755
8435 17663
8435 16834
8435 1694
8435 17206
8435 10250
8435 17979
8435 784
8435 15459
8435 11416
8435 4661
8435 2512
8435 4977
8435 2365
8435 15054
8435 3521
8435 7720
8435 11339
8435 15963
8435 862
8435 2034
8435 5780
8435 12729
8435 6330
8435 5368
8435 8407
8435 2286
8435 7708
8435 11465
8435 2154
8435 6558
8435 144
8435 6443
8435 4590
8435 16738
8435 263
8435 7987
8435 15674
8435 14307
8435 5776
8435 4544
8435 7460
8435 17343
8435 6408
8435 5240
8435 16387
8435 8009
8435 7626
8435 4057
8435 14467
8435 15452
8435 10498
8435 8345
8435 8548
8435 1985
8435 12905
8435 8861
8435 12051
8435 912
8435 5365
8435 16366
8435 14749
8435 5461
8437 16595
8437 13031
8437 6162
8444 8700
8444 11548
8444 7620
8444 7224
8445 2188
8447 14108
8447 13150
8447 14627
8447 13803
8447 15150
8447 6520
8447 6890
8447 13566
8447 7759
8447 9596
8447 1962
8447 8726
8447 12977
8447 6649
8447 15264
8447 14126
8447 18215
8447 282
8447 9963
8447 11156
8447 9198
8447 10435
8447 10384
8447 14478
8447 14817
8447 9017
8447 5020
8447 5995
8447 3650
8447 14965
8447 861
8447 17353
8447 2081
8447 16924
8447 4067
8447 10329
8448 10430
8448 14364
8451 13927
8451 11732
8451 11833
8451 3308
8451 2316
8451 10344
8451 11426
8458 7620
8458 15719
8458 11702
8458 6841
8458 8208
8458 17607
8458 16260
8458 936
8458 4949
8458 238
8458 7449
8458 11408
8458 2475
8461 5329
8467 15428
8467 15615
8467 3908
8467 6190
8467 18300
8467 12813
8467 1786
8468 4139
8468 8288
8468 2654
8468 9415
8468 685
8468 5124
8468 17140
8468 4601
8468 11532
8468 363
8468 14164
8468 6799
8468 13682
8475 16975
8477 12331
8477 12624
8479 17837
8482 14146
8488 16303
8488 18328
8488 16671
8489 7328
8491 15162
8491 13445
8491 6294
8491 18215
8491 3165
8491 13014
8491 4939
8491 14759
8491 716
8491 1340
8491 3731
8491 17960
8491 8614
8491 3176
8491 12937
8491 10670
8491 7517
8491 13794
8491 4601
8491 17712
8491 4690
8492 9113
8494 12366
8494 11106
8494 10571
8496 514
8498 12032
8498 6117
8498 6213
8498 12729
8498 9843
8498 5920
8498 14169
8498 15893
8499 11341
8499 12331
8499 867
8499 15646
8499 5832
8499 7633
8499 10104
8499 5678
8499 8322
8502 8920
8502 15713
8502 9489
8502 4544
8502 8660
8502 16471
8502 14786
8502 4336
8502 1126
8502 15595
8502 13612
8502 12571
8502 17738
8502 8670
8502 1222
8502 10938
8502 12176
8502 16233
8502 2781
8502 12180
8502 5945
8502 3281
8502 10942
8502 14533
8504 15713
8504 16780
8509 1928
8514 9789
8519 5283
8519 16784
8519 7100
8519 11084
8519 4326
8519 11060
8519 7465
8519 745
8519 4368
8519 16845
8519 10415
8519 15255
8519 4015
8519 11777
8519 1310
8519 18311
8519 13219
8519 11095
8519 15352
8519 13298
8519 18399
8519 10420
8519 12017
8519 5120
8519 15373
8519 13749
8519 9924
8519 12099
8519 9933
8519 17516
8519 6508
8519 2330
8519 12233
8519 5286
8519 18392
8519 13858
8519 2738
8519 11323
8519 2400
8519 2847
8522 13796
8522 9729
8525 12807
8525 13643
8525 1189
8525 5425
8525 2362
8525 2966
8529 11099
8529 17338
8529 13434
8531 13643
8531 13300
8531 13673
8532 10602
8535 14632
8535 7631
8535 12249
8535 5632
8535 12482
8535 784
8535 4045
8535 3386
8535 10203
8535 13847
8535 8894
8535 11671
8535 15713
8535 1141
8535 16697
8535 14292
8535 15558
8535 12446
8535 17538
8535 8660
8535 9630
8535 18455
8535 4254
8535 14130
8536 13772
8536 6651
8544 13006
8544 9811
8545 4565
8545 6049
8545 9811
8545 7327
8545 17748
8545 9016
8545 17620
8545 4949
8545 823
8545 16555
8545 1219
8545 4705
8545 8882
8545 16576
8545 15830
8545 11282
8545 12780
8545 13775
8545 11865
8545 17941
8545 331
8545 5400
8550 7362
8552 16618
8553 17017
8553 5631
8553 5673
8555 13759
8555 10189
8555 15068
8555 11639
8555 11182
8555 492
8555 13643
8555 6447
8556 6294
8556 5927
8556 7928
8556 13445
8556 9893
8556 4690
8556 7871
8556 16578
8556 4939
8556 2952
8556 3132
8556 11895
8556 14467
8556 10486
8556 10826
8556 3734
8556 14914
8556 643
8556 4141
8556 1856
8556 6580
8556 16348
8556 806
8556 13256
8556 9944
8556 14474
8556 12977
8556 3000
8556 13406
8556 1698
8556 13652
8556 16973
8556 7000
8556 14817
8556 13053
8556 10591
8556 17246
8556 14788
8556 7786
8556 3755
8556 10020
8556 12552
8556 11170
8556 10663
8556 9696
8556 4481
8556 13095
8556 5825
8556 462
8556 13327
8556 15771
8556 4139
8556 7994
8556 4339
8556 7961
8556 14868
8556 387
8556 7215
8556 14118
8556 4538
8556 18448
8556 5402
8556 14804
8556 7770
8556 8861
8556 1781
8556 10476
8556 17353
8556 67
8556 15270
8556 9383
8556 6799
8556 5589
8556 5674
8556 15966
8556 9335
8556 12201
8556 17521
8556 5239
8556 2612
8556 12430
8556 6653
8556 4065
8556 15162
8556 10184
8556 6093
8556 17936
8556 6905
8556 5410
8556 13730
8556 8804
8556 1502
8556 13278
8556 6300
8556 1641
8556 6546
8556 11837
8556 7708
8556 8798
8556 12710
8556 10200
8556 15992
8556 8243
8556 18347
8556 6240
8556 10626
8556 4335
8556 15959
8556 3379
8556 10490
8556 2987
8556 847
8556 7967
8556 13632
8556 4601
8556 9198
8556 10722
8556 5070
8556 17767
8556 17127
8556 6208
8556 13993
8556 9996
8556 17395
8556 15315
8556 11763
8556 18136
8556 17673
8556 6213
8556 239
8556 14220
8556 15967
8556 10670
8556 15838
8556 4544
8556 9660
8556 17445
8556 18077
8556 17914
8556 8561
8556 7406
8556 14729
8556 14556
8556 13014
8556 2740
8556 1393
8556 17156
8556 17949
8556 8667
8556 13340
8556 8435
8556 10142
8556 1141
8556 12051
8556 8719
8556 15394
8556 3697
8556 3821
8556 4778
8556 9332
8556 7519
8556 9868
8556 2468
8556 16539
8556 4268
8556 13417
8556 6703
8556 14885
8556 4760
8556 9392
8556 2389
8556 9826
8556 5010
8556 7798
8556 3176
8556 5776
8556 8345
8556 425
8556 18210
8556 17149
8556 17666
8556 11807
8556 18062
8556 7626
8556 5461
8556 13482
8556 6443
8556 6376
8556 16794
8556 18114
8556 10483
8556 18322
8556 15333
8556 6837
8556 15264
8556 17021
8556 6325
8556 4732
8556 2150
8556 5032
8556 4667
8556 7578
8556 1153
8556 2701
8556 2301
8556 18327
8556 2000
8556 14045
8556 17141
8556 10874
8556 1193
8556 5667
8556 18297
8556 4056
8556 1694
8556 7925
8556 6824
8556 4963
8556 17103
8556 2522
8556 15682
8556 8297
8556 9131
8556 15009
8556 2915
8556 1933
8556 15150
8556 10736
8556 15778
8556 16627
8556 17934
8556 6755
8556 17337
8556 6024
8556 13901
8556 12602
8556 7598
8556 13090
8556 13621
8556 8718
8556 15963
8556 2449
8556 2556
8556 14419
8556 6651
8556 770
8556 13880
8556 4865
8556 12631
8556 2187
8556 13262
8556 4977
8556 18232
8556 3582
8556 2183
8556 12905
8556 6801
8556 2506
8556 8060
8556 8447
8556 10078
8556 18300
8556 8362
8556 117
8556 14993
8556 3584
8556 12660
8556 3422
8556 15891
8556 3914
8556 17380
8556 6920
8556 4644
8556 17687
8556 7939
8556 14396
8556 4590
8561 11987
8561 10006
8561 18306
8561 16217
8561 6022
8561 3866
8561 15162
8563 13014
8563 1210
8564 6180
8564 13301
8566 9209
8569 12937
8571 5425
8579 14631
8579 8123
8579 684
8579 6788
8587 6766
8587 9442
8593 15713
8594 1197
8594 3731
8594 14788
8596 3736
8596 16196
8596 16700
8596 1888
8596 7935
8599 11321
8599 13159
8599 5669
8599 1934
8599 5416
8599 9826
8599 9017
8599 6649
8599 9100
8599 14533
8599 13388
8599 14885
8599 10663
8599 14786
8599 18064
8599 898
8599 10670
8603 15345
8610 5635
8610 1721
8613 15565
8613 11763
8613 16233
8613 1787
8613 4062
8613 15966
8613 8435
8613 7714
8613 16758
8613 1092
8613 6297
8613 10722
8613 15246
8613 12622
8613 5010
8613 1041
8613 13943
8613 18448
8613 4738
8613 10670
8614 15846
8614 9915
8614 13545
8614 8690
8614 11403
8614 7133
8615 14146
8615 14794
8617 2848
8626 13146
8628 14582
8628 1371
8628 12351
8628 15578
8628 8739
8628 9315
8628 14060
8628 12339
8628 15246
8628 10389
8628 11703
8628 7955
8628 8614
8628 239
8628 18215
8628 15366
8628 17736
8629 18239
8629 9486
8629 7620
8635 12566
8636 13775
8637 3333
8637 15314
8638 16701
8639 5226
8640 4316
8640 18257
8641 7871
8641 121
8641 4869
8650 9209
8651 3699
8652 1490
8657 3176
8657 5010
8657 2587
8657 3514
8658 12351
8658 4601
8658 12602
8658 17924
8661 7324
8661 1070
8662 14025
8665 867
8665 6788
8665 15696
8675 9691
8675 6461
8675 7005
8675 13014
8675 668
8675 885
8675 12865
8675 1735
8675 18306
8675 3146
8675 15978
8675 16070
8675 15345
8675 11384
8675 12475
8675 12768
8675 7708
8675 3521
8675 1393
8675 3932
8675 6294
8675 15303
8675 1934
8675 6024
8675 784
8675 1145
8675 13794
8675 4481
8675 13278
8675 14865
8675 9776
8675 12602
8675 2921
8675 3278
8675 2104
8675 3372
8675 6179
8675 8988
8675 12176
8675 17521
8675 567
8675 15966
8675 14566
8675 11802
8675 5240
8675 4544
8675 17210
8675 6023
8675 5469
8675 2779
8675 10728
8675 9883
8675 10892
8685 6676
8685 16828
8685 10558
8685 11833
8685 14014
8685 9811
8685 2642
8686 1062
8701 14376
8701 9942
8702 6297
8702 784
8705 8963
8705 14406
8705 12459
8705 4409
8708 5866
8709 12896
8709 15950
8709 12351
8709 29
8709 7140
8712 9768
8712 7534
8712 12988
8712 15646
8712 13080
8714 4428
8723 14553
8724 5254
8724 18337
8726 7711
8730 8213
8737 8924
8738 6049
8739 14120
8743 15954
8743 8010
8743 9093
8743 5199
8743 18443
8743 18374
8743 6313
8743 18153
8743 17960
8743 8667
8743 10684
8743 12274
8743 10915
8746 1158
8750 3824
8757 3042
8757 1940
8758 4554
8758 5048
8760 6009
8760 9329
8760 6456
8760 17191
8760 7365
8760 10695
8760 17736
8760 18345
8763 841
8763 12883
8767 5461
8772 11327
8775 17961
8775 15333
8775 11170
8775 7786
8775 14032
8775 2969
8780 50
8780 10620
8780 7856
8780 7631
8782 13113
8782 4548
8782 13775
8782 331
8782 10078
8782 1070
8782 10419
8782 5829
8785 11595
8786 8052
8786 3771
8786 3520
8786 1263
8786 13617
8788 7328
8788 13598
8796 6012
8796 2969
8796 7058
8796 15614
8796 3887
8796 3731
8796 17673
8796 3176
8796 784
8796 834
8796 13887
8796 8447
8796 6801
8796 16387
8796 12351
8796 8556
8796 4172
8796 9198
8796 9700
8796 9935
8796 6651
8796 13159
8796 18215
8796 3982
8796 12220
8796 12977
8796 10053
8796 1393
8796 9017
8796 9038
8796 17537
8796 4939
8796 99
8803 8799
8803 13006
8806 5176
8806 9688
8808 16168
8809 6026
8809 2909
8809 6427
8809 11346
8809 576
8809 15870
8809 7141
8809 6049
8810 12331
8810 12991
8810 8
8811 4664
8811 12072
8811 4841
8811 1365
8813 16975
8819 13796
8819 17223
8819 11833
8819 8190
8819 16515
8819 13820
8819 15078
8819 18416
8819 15314
8819 5525
8819 10194
8819 16895
8819 13122
8819 4408
8819 11303
8819 12706
8819 8956
8819 18179
8819 15073
8819 11603
8819 17361
8819 12377
8822 11805
8826 9811
8829 13851
8829 13185
8829 5461
8829 11110
8829 18277
8829 5153
8829 9734
8829 962
8829 15713
8829 10942
8829 876
8829 6755
8829 7406
8829 8527
8829 13363
8829 13468
8829 1141
8829 5408
8829 15366
8829 2945
8829 12460
8829 8463
8829 470
8829 1133
8829 2034
8829 446
8829 15583
8829 4590
8829 16579
8829 14750
8829 9243
8829 7519
8829 11837
8829 10348
8829 10913
8829 716
8829 832
8829 784
8829 7139
8829 11885
8829 17521
8829 4232
8829 395
8829 11465
8829 940
8829 9105
8829 5873
8829 4337
8829 5329
8829 4197
8829 10372
8829 16051
8829 15520
8829 16702
8829 4336
8829 1490
8829 10184
8829 10862
8829 16149
8829 3731
8829 8710
8829 9511
8829 9234
8829 12162
8832 15073
8833 15633
8842 15456
8843 11865
8843 11833
8843 13775
8843 4949
8843 16737
8843 3241
8843 3073
8843 13006
8843 3977
8843 11612
8843 16716
8843 14415
8843 9942
8843 12918
8843 3223
8843 9269
8845 3821
8848 10790
8848 492
8848 16014
8848 17043
8849 11170
8849 14024
8849 14072
8849 6887
8849 8948
8854 8771
8854 6888
8854 12422
8854 9811
8855 12624
8857 17114
8860 1351
8860 2950
8860 17172
8860 2488
8860 8825
8860 446
8863 12578
8863 10841
8863 11833
8863 10098
8863 16393
8863 9417
8863 6520
8863 8123
8863 701
8863 4818
8863 4085
8863 2137
8863 7841
8863 17339
8863 465
8863 12358
8863 15154
8863 7431
8863 331
8867 2174
8869 1263
8869 1459
8869 2255
8872 13445
8872 10626
8873 10114
8873 3520
8875 7711
8875 15565
8876 12602
8876 152
8876 1867
8876 4139
8876 7866
8876 10729
8876 9198
8876 3717
8876 5240
8876 13169
8876 11837
8876 15991
8876 10389
8876 16001
8876 16787
8876 5692
8876 10020
8876 15741
8876 6269
8876 10505
8876 2512
8876 3137
8876 7626
8876 2279
8876 6208
8876 6573
8877 6677
8877 2799
8878 3158
8878 7289
8879 17673
8884 1769
8884 16878
8887 6516
8887 1885
8888 9424
8888 16281
8888 5502
8888 270
8888 7349
8888 11837
8888 6443
8888 15289
8888 15714
8888 4822
8888 15315
8888 6252
8888 16493
8888 9810
8888 716
8888 17744
8888 13340
8888 7124
8888 3815
8888 18215
8888 3165
8888 17801
8888 3422
8888 3979
8888 4270
8888 10868
8888 12351
8888 12078
8888 5866
8888 5383
8888 9849
8888 1631
8888 12677
8888 4390
8888 1490
8888 1165
8888 6641
8888 3520
8888 10476
8888 10663
8888 7635
8888 14729
8888 17950
8888 13468
8888 9234
8888 17521
8888 12285
8888 11398
8888 16387
8888 7770
8888 2196
8888 14058
8888 3666
8888 14219
8888 12047
8888 6614
8888 1838
8888 12241
8888 2154
8888 13390
8888 1941
8888 14834
8888 5629
8888 17738
8888 2902
8888 10022
8888 7519
8888 121
8888 3176
8888 8874
8888 2317
8888 6412
8888 8894
8888 18198
8888 9742
8888 4172
8888 2587
8888 10729
8888 13947
8888 7603
8888 4583
8888 3137
8889 6795
8893 14120
8895 17785
8904 17485
8908 13082
8910 9685
8911 3632
8912 2813
8912 10068
8912 3491
8912 11694
8912 11224
8912 12339
8912 1070
8912 15966
8912 11223
8912 18064
8912 15259
8912 7705
8912 3117
8912 17521
8912 9166
8912 17062
8912 9742
8912 16168
8912 12302
8912 1594
8912 2793
8912 12515
8912 11755
8912 8739
8912 1325
8912 12937
8912 5352
8912 4769
8912 3648
8912 861
8912 10115
8912 4049
8912 14234
8912 1550
8912 541
8912 10582
8914 1459
8914 12502
8914 883
8917 4473
8919 18093
8925 1206
8927 9511
8927 15713
8927 15270
8927 13192
8929 1540
8930 5020
8930 6022
8932 10788
8932 2997
8932 13222
8932 17097
8932 13389
8932 18243
8932 265
8932 13643
8932 6788
8932 2188
8932 13178
8932 8691
8932 11833
8932 17390
8932 4949
8932 13402
8932 2255
8932 7456
8932 14196
8932 3957
8932 1819
8932 3364
8932 95
8932 107
8932 18179
8932 5230
8932 16864
8932 16756
8932 3596
8932 16618
8932 11548
8932 1263
8932 2428
8932 12331
8932 11615
8932 12972
8932 15076
8932 1653
8932 701
8932 1761
8932 8054
8932 7261
8932 2229
8932 7839
8932 15769
8932 938
8942 4056
8942 4118
8942 8556
8942 7274
8949 7078
8950 13155
8953 2883
8954 3203
8954 1397
8954 3992
8954 11809
8958 10491
8958 7348
8958 4758
8958 2779
8958 8796
8959 17436
8959 17869
8959 4097
8959 7828
8959 12177
8959 6049
8961 1141
8961 3881
8961 3440
8961 15713
8967 14598
8968 8021
8970 16262
8972 5177
8973 9942
8973 6049
8973 638
8973 13006
8973 11108
8980 5672
8980 14692
8980 1888
8980 5057
8980 6111
8980 9417
8986 121
8986 2154
8986 2367
8986 668
8988 9469
8990 6679
8990 10327
8990 18151
8990 1254
8996 15246
8996 10554
8998 8675
8998 9198
9003 12519
9003 5024
9003 16157
9003 159
9003 5592
9003 15933
9003 8330
9003 648
9003 11717
9005 13433
9005 6522
9005 3663
9011 1888
9015 14916
9017 13707
9017 6950
9018 12
9018 9670
9018 4778
9018 11411
9018 14261
9018 2534
9018 18145
9018 6336
9018 10108
9018 1144
9018 3196
9018 16632
9018 11805
9018 2164
9018 2344
9018 4085
9018 7713
9018 15896
9018 17506
9018 2084
9018 9791
9018 13808
9018 12765
9018 1476
9018 9419
9018 12103
9018 10247
9018 14520
9018 5693
9018 7141
9018 5206
9018 4155
9018 11134
9018 14537
9018 16934
9018 17882
9018 6345
9018 819
9023 15674
9028 14350
9028 1829
9029 10295
9033 6558
9036 4386
9036 3392
9036 3154
9036 12616
9036 8545
9036 3527
9037 12339
9037 8994
9040 6024
9040 17924
9043 2188
9043 9952
9043 16960
9053 13363
9054 5803
9055 15771
9059 9826
9059 12281
9059 5866
9059 239
9059 16579
9059 17738
9059 11170
9059 5776
9059 14268
9059 15203
9059 17521
9059 7720
9059 17096
9059 13361
9059 6325
9059 7271
9059 17936
9059 11802
9059 912
9059 3165
9059 6940
9059 7708
9059 7747
9059 16753
9060 10389
9062 2247
9062 14786
9062 1562
9069 12172
9076 15224
9083 13938
9085 226
9085 998
9087 17769
9087 12108
9087 1070
9087 2740
9087 912
9088 2901
9088 12176
9090 10126
9092 16014
9094 16463
9096 9198
9097 18215
9098 701
9100 13620
9103 16005
9105 7635
9105 12602
9105 14243
9108 17915
9108 17419
9108 14729
9108 16270
9108 15514
9108 13633
9108 14948
9108 849
9108 10245
9108 2367
9108 3784
9108 1120
9108 5476
9108 3471
9108 3193
9108 16850
9108 2739
9108 16650
9108 6241
9108 6690
9108 8530
9108 10258
9108 8009
9108 8014
9108 11002
9108 6179
9108 11556
9108 18084
9108 6196
9108 10010
9108 8154
9108 11210
9108 14496
9108 7790
9108 12285
9108 16701
9108 16978
9108 6558
9108 8394
9108 5586
9108 14749
9108 17861
9108 17781
9108 17100
9108 6611
9108 876
9108 15633
9108 9968
9108 15500
9108 18190
9108 4241
9108 11643
9108 7531
9108 1725
9108 17378
9108 4432
9108 14222
9108 17741
9108 5797
9108 4098
9108 17082
9108 4543
9108 2499
9108 4292
9108 10968
9108 2846
9108 10086
9108 10315
9108 9980
9108 14885
9108 8121
9108 13730
9108 17092
9108 5421
9108 16666
9108 8200
9108 7344
9108 10264
9108 1987
9108 12225
9108 7304
9108 3852
9108 787
9108 8710
9108 6493
9108 9929
9108 17442
9108 1734
9108 14060
9108 941
9108 4727
9108 400
9108 6638
9108 9039
9108 13857
9108 4967
9108 2049
9108 17099
9108 1336
9108 13704
9108 8145
9108 14822
9108 639
9108 4250
9108 16281
9108 18327
9108 11941
9108 15366
9108 10200
9108 15335
9108 5329
9108 18149
9108 16815
9108 15104
9108 17736
9108 7978
9108 14613
9108 13954
9108 5074
9108 17126
9108 14978
9108 8013
9108 14996
9108 12761
9108 14228
9108 10789
9108 3771
9108 8672
9108 11963
9108 13501
9108 15788
9108 6112
9108 7976
9108 4939
9108 9623
9108 4034
9108 13249
9108 6150
9108 6940
9108 4769
9108 7938
9108 932
9108 1376
9108 2241
9108 5322
9108 835
9108 14303
9108 9343
9108 14264
9108 15852
9108 792
9108 10293
9108 9826
9108 4213
9109 18359
9112 620
9113 1179
9116 3220
9116 1804
9116 16359
9116 9626
9116 13643
9118 18364
9127 1715
9127 372
9129 4544
9143 12602
9148 15460
9148 331
9148 7150
9148 15059
9148 11900
9152 16387
9152 701
9152 2883
9152 13887
9153 4561
9156 9811
9158 5543
9158 13403
9158 3728
9158 331
9166 321
9166 2864
9166 8561
9166 716
9166 9632
9166 7271
9166 14169
9166 12176
9166 13445
9166 7027
9166 5651
9166 3964
9166 3520
9166 446
9166 6370
9166 7635
9166 15966
9166 14750
9168 5682
9168 18348
9168 17937
9168 95
9168 7097
9171 8056
9171 12408
9171 7641
9171 9043
9171 14934
9171 7376
9171 3070
9171 18117
9171 7440
9171 11217
9171 4739
9171 16470
9171 11288
9171 6754
9171 5270
9171 3290
9171 16546
9171 11749
9171 9170
9171 15528
9171 11369
9171 15073
9171 2313
9173 17687
9173 3032
9176 287
9176 10358
9176 17783
9176 17738
9176 4778
9176 5576
9176 13011
9176 11955
9176 4242
9176 3117
9178 4949
9178 11837
9178 17141
9178 17149
9178 11352
9183 15365
9183 4464
9183 13987
9186 7542
9186 1915
9186 17682
9186 11805
9186 15059
9186 2188
9186 13775
9186 15243
9186 6533
9186 10643
9186 10211
9186 13402
9186 17937
9186 16260
9186 14017
9186 13078
9186 214
9186 9608
9188 6572
9188 14837
9190 2811
9195 4696
9197 16671
9197 18215
9198 716
9198 10250
9198 5365
9198 372
9198 13868
9198 1694
9198 18215
9198 7349
9198 15709
9198 15966
9198 1735
9198 15880
9198 13014
9198 3521
9198 15660
9198 17206
9198 5797
9198 7720
9198 7711
9198 9742
9198 17736
9198 3648
9198 15585
9198 3650
9198 10078
9198 11678
9198 17738
9198 15771
9198 13256
9198 5676
9198 13986
9198 6477
9198 5348
9198 4644
9198 12157
9198 12051
9198 12566
9198 14740
9198 13120
9198 2819
9198 8795
9198 11403
9198 7978
9198 6412
9198 17666
9198 668
9198 17527
9198 5502
9198 7271
9198 10474
9198 16678
9198 4390
9198 9691
9198 17521
9198 17960
9201 3364
9208 10022
9208 6611
9208 14358
9208 16595
9208 13120
9209 12162
9211 13448
9211 16316
9211 10509
9211 13793
9211 17416
9212 13300
9212 13542
9212 4799
9212 13938
9212 3220
9212 3364
9212 9419
9212 9116
9212 17181
9213 4949
9221 15703
9221 17
9221 7283
9221 4444
9221 4998
9221 2980
9221 4351
9221 6520
9221 14661
9221 11035
9221 3059
9221 11768
9221 17433
9221 9988
9221 1740
9221 8289
9221 1612
9221 12687
9221 9210
9221 5426
9221 5891
9221 9868
9222 16014
9222 17642
9222 7150
9225 3188
9228 15879
9230 6213
9231 2424
9232 16678
9232 6443
9232 15966
9232 861
9232 15963
9232 12065
9232 17111
9233 7711
9233 10389
9234 3117
9234 14005
9234 5461
9235 13470
9236 12579
9236 14729
9236 586
9236 15147
9236 1092
9236 3861
9236 18062
9236 15397
9236 4977
9236 9826
9236 18327
9236 8009
9236 9868
9236 2778
9236 14419
9236 10200
9236 9310
9236 11940
9236 3176
9236 12538
9236 8710
9236 14759
9236 1631
9236 7406
9236 17775
9236 6688
9236 13978
9236 10826
9236 3666
9236 2375
9236 16578
9236 10078
9236 13901
9236 8264
9236 4860
9240 8190
9240 5071
9240 4806
9241 8667
9241 12602
9241 15505
9241 12220
9244 11014
9244 2794
9244 15384
9244 14024
9244 9017
9247 9346
9248 3117
9249 14444
9249 15795
9249 7966
9249 8140
9249 16535
9249 18052
9249 16334
9249 10174
9249 9227
9249 1783
9249 7115
9249 3115
9249 10161
9249 12875
9249 13264
9249 2961
9249 1614
9249 3627
9249 95
9249 13285
9249 13866
9249 14186
9249 7470
9249 18453
9249 6995
9249 17066
9252 6213
9257 352
9262 2247
9263 15939
9263 8406
9263 3677
9265 11833
9268 14146
9270 13662
9270 4566
9270 11515
9270 16917
9270 7720
9270 15966
9270 12220
9270 18279
9270 7717
9270 1641
9270 5333
9270 11713
9270 7798
9270 13847
9270 14306
9270 876
9270 5240
9270 4471
9270 8832
9270 11328
9270 9658
9270 10892
9270 3932
9270 12351
9270 14044
9270 8447
9270 13347
9270 10881
9270 15992
9270 16233
9270 12176
9270 17203
9270 27
9270 13482
9270 17537
9270 1698
9270 14880
9270 3120
9270 11927
9270 7271
9270 6960
9270 10826
9270 3584
9270 6022
9270 2223
9275 12037
9277 67
9279 10483
9279 15440
9280 12964
9280 3059
9280 15068
9280 4345
9280 18416
9281 13468
9282 12306
9284 10854
9284 18179
9286 5839
9293 14823
9297 7720
9297 5144
9299 15073
9299 2731
9300 3890
9300 6905
9300 17923
9302 8406
9305 9691
9305 2692
9307 4676
9310 6294
9310 12937
9310 8052
9310 13468
9310 3176
9310 5277
9310 6606
9310 1971
9310 9568
9310 4387
9310 9511
9310 1923
9310 8861
9310 6891
9310 1857
9310 9903
9310 11010
9310 3979
9310 12176
9310 12865
9310 17333
9310 18215
9310 17149
9310 10216
9310 13014
9310 13267
9310 14005
9310 17418
9310 2950
9310 8481
9310 4644
9310 3136
9310 10483
9310 5010
9310 14358
9310 16738
9311 14621
9311 7975
9311 9437
9311 11467
9314 14082
9314 13887
9314 4484
9314 4056
9318 14908
9319 11380
9319 155
9319 7548
9319 11851
9322 16003
9326 8621
9327 12352
9327 16566
9331 12952
9332 9893
9332 16137
9332 18297
9332 8608
9336 5788
9336 10790
9336 6977
9336 16014
9337 14552
9337 14466
9340 10953
9340 2154
9345 11112
9345 7917
9345 8190
9345 1365
9345 12642
9347 6621
9347 13755
9347 8520
9347 2608
9347 4814
9347 17087
9348 17078
9348 11255
9348 7794
9348 4421
9348 15144
9348 790
9349 3564
9349 5010
9352 7036
9356 16555
9356 6796
9356 15719
9356 5377
9356 14360
9356 2823
9356 7431
9356 9952
9356 18034
9356 18027
9356 12129
9356 3461
9356 11805
9356 10898
9356 8190
9356 8499
9356 15769
9356 4846
9356 16057
9356 11833
9356 9219
9356 2106
9356 9153
9362 15896
9365 15073
9375 8008
9378 10235
9378 15817
9378 18281
9378 17744
9378 10793
9378 11837
9378 1931
9378 8603
9378 12514
9378 5629
9378 8264
9378 13014
9379 6776
9379 9158
9379 6049
9379 17339
9388 13083
9389 7938
9392 885
9392 1185
9392 14268
9392 8283
9392 6865
9392 8796
9392 4738
9392 4860
9392 2864
9392 12937
9392 12217
9392 6688
9392 11517
9392 6557
9392 15631
9392 1371
9392 7811
9392 9279
9392 12533
9392 18215
9392 16387
9392 16348
9392 152
9392 3677
9392 14953
9392 1975
9392 4732
9392 12768
9392 372
9392 12181
9392 11170
9392 17675
9392 6801
9392 16056
9392 10402
9392 18073
9392 14392
9392 12220
9392 17445
9392 4905
9392 7866
9392 8096
9392 8110
9392 5010
9392 10389
9392 13169
9392 13880
9392 7958
9392 1325
9392 83
9392 16904
9392 17960
9392 11092
9392 7695
9392 2254
9392 5866
9392 10235
9392 10078
9392 6297
9392 12241
9392 12309
9392 11674
9392 10483
9392 1141
9392 8040
9392 16504
9392 571
9392 7578
9392 12222
9392 5239
9392 516
9392 4214
9392 1473
9392 6028
9392 6489
9392 15887
9392 12162
9392 1340
9392 12201
9392 16233
9392 13239
9392 8539
9392 1084
9392 6325
9392 14939
9392 514
9392 2281
9392 11153
9392 17958
9392 14759
9392 17936
9392 17687
9392 1533
9392 8613
9392 861
9392 12176
9392 1126
9392 7720
9392 4062
9392 5153
9392 4023
9392 1070
9392 4601
9392 7326
9392 7271
9392 1353
9392 8323
9392 17521
9392 9317
9393 8741
9393 12937
9393 4683
9395 2055
9395 12822
9395 6548
9395 1427
9398 15454
9398 8796
9398 7431
9398 1074
9398 7680
9398 784
9403 1141
9408 502
9408 11837
9408 6392
9408 1070
9408 12172
9408 940
9408 13730
9408 9682
9408 12304
9408 12190
9408 772
9408 14112
9408 9776
9408 13278
9410 11988
9410 15715
9410 10859
9411 15978
9411 7578
9411 1353
9411 14880
9411 8614
9411 5588
9411 12566
9411 11465
9411 13880
9412 10682
9417 6199
9417 13775
9417 4562
9417 16463
9417 11833
9418 8671
9418 13102
9418 10204
9418 3627
9418 14376
9418 10238
9418 10395
9418 12973
9418 7971
9418 13802
9418 14373
9418 6811
9418 11967
9418 547
9418 16170
9418 5824
9418 5319
9418 16334
9419 11833
9419 12331
9425 737
9425 8691
9425 14187
9427 3397
9427 13363
9427 13445
9427 12948
9427 18049
9429 5215
9429 4091
9429 11515
9429 5010
9429 5828
9429 8788
9429 1694
9429 6618
9429 16723
9429 7519
9429 10962
9429 10483
9429 13895
9429 14556
9431 973
9431 7406
9431 3834
9431 13767
9431 4984
9431 5240
9433 15173
9436 4601
9436 9843
9436 14939
9438 13662
9438 5499
9438 4594
9438 7519
9438 10173
9438 2220
9438 12217
9438 15333
9438 5070
9438 16039
9438 10437
9438 14523
9438 18215
9438 16010
9438 15440
9438 4869
9438 12602
9438 940
9438 17840
9438 2591
9439 13014
9439 14005
9439 9392
9439 15379
9439 4860
9439 18073
9439 14467
9439 3523
9439 15662
9439 12857
9439 6646
9439 5465
9439 14729
9439 17834
9439 2037
9442 9017
9442 16216
9448 17468
9451 14836
9451 12533
9454 6798
9454 16724
9454 5153
9454 5010
9454 11506
9454 8770
9454 12602
9454 18327
9454 7055
9454 7763
9454 14026
9454 16070
9454 1467
9454 3176
9454 10363
9454 11678
9454 12566
9454 16738
9455 18027
9458 1473
9458 15298
9460 7406
9461 3117
9463 9944
9463 13340
9463 10663
9463 16883
9463 5669
9463 13468
9463 16891
9463 7005
9463 2816
9463 7519
9463 3176
9463 9741
9463 11837
9463 4459
9463 12051
9463 6940
9463 8345
9463 6687
9463 8739
9463 12631
9463 3903
9463 14338
9463 7271
9463 17521
9463 14396
9463 9346
9463 13794
9463 8798
9463 142
9463 7635
9463 2210
9463 18347
9463 16562
9463 9826
9463 9198
9463 16387
9463 8563
9463 3120
9463 4419
9463 6482
9463 13730
9463 2375
9463 4840
9463 1763
9463 14605
9463 12201
9463 885
9463 7676
9463 5040
9463 7680
9463 13225
9463 5239
9463 716
9463 8790
9463 4984
9463 7349
9463 8710
9463 5569
9463 15966
9463 11403
9463 11927
9463 2657
9463 5683
9463 17149
9463 8861
9463 17738
9463 16630
9463 8996
9463 3992
9463 7436
9463 2153
9463 13267
9463 14582
9463 1857
9463 17206
9463 7058
9463 13662
9463 4644
9463 12176
9463 15069
9463 17008
9463 2779
9463 7460
9463 8214
9463 4390
9463 17744
9463 12861
9463 16894
9463 13068
9463 16834
9463 5416
9463 8570
9463 16348
9463 10089
9463 10209
9463 15887
9463 15880
9463 1694
9463 6980
9463 11488
9463 17338
9463 14908
9463 6641
9463 4806
9463 18351
9463 16249
9465 14788
9465 10067
9466 16316
9467 6317
9470 12781
9478 17307
9480 3432
9480 11741
9480 18387
9480 3627
9480 13298
9480 1139
9480 4949
9482 10367
9485 3944
9487 9893
9487 9691
9487 13794
9487 16387
9487 10389
9488 9991
9490 13163
9494 7431
9494 6049
9495 4841
9495 7644
9495 6427
9495 17763
9495 4303
9495 18391
9495 5233
9495 5425
9495 4838
9498 16975
9500 4949
9500 11435
9502 12533
9506 11303
9506 331
9506 1593
9506 8555
9506 5755
9506 918
9507 16123
9507 6049
9507 858
9507 18352
9507 2195
9507 5412
9507 9419
9507 2404
9507 6084
9507 16187
9507 10185
9507 17933
9507 16701
9509 6049
9511 5461
9511 6297
9511 3176
9511 8527
9511 861
9511 9209
9511 12937
9511 11903
9519 13451
9521 7496
9521 7621
9521 11141
9521 11235
9521 8460
9521 4116
9521 12805
9523 4806
9523 5460
9523 16168
9535 2454
9535 17567
9535 15351
9535 10157
9535 15587
9535 5956
9535 9708
9535 17324
9535 16761
9535 8485
9535 11192
9535 7220
9535 17571
9535 129
9535 17925
9535 985
9535 16920
9535 5704
9535 12237
9535 17076
9535 1047
9535 8764
9535 9196
9535 8769
9535 17884
9535 7474
9535 2787
9535 9216
9535 10414
9535 6103
9535 15340
9535 10442
9535 10266
9537 2493
9538 2306
9538 2188
9538 7562
9538 294
9538 11312
9538 8023
9538 18441
9538 11865
9538 11805
9538 3059
9538 1888
9538 14407
9538 6140
9538 12437
9538 518
9538 8691
9538 3073
9538 8075
9538 8676
9538 16701
9539 6673
9539 15463
9539 2391
9539 17349
9539 4744
9539 1299
9539 312
9539 9186
9539 7906
9539 9287
9539 5343
9543 5837
9543 4315
9543 3171
9543 9471
9543 784
9544 10953
9548 8447
9549 13062
9550 9378
9550 7406
9550 8796
9550 12244
9550 13014
9550 6443
9550 14729
9550 14566
9550 2038
9550 11760
9550 2040
9550 15966
9550 2034
9550 3176
9550 16973
9550 12185
9550 766
9551 6294
9554 14146
9556 8703
9558 4085
9559 15939
9559 10389
9559 2864
9561 17149
9561 6460
9561 12761
9561 6557
9561 10890
9561 3731
9562 1612
9562 6815
9562 12043
9562 8123
9562 13339
9562 9536
9562 1149
9566 2168
9566 2144
9567 6580
9567 18242
9567 11423
9568 11156
9568 1962
9568 6675
9568 15967
9568 11526
9568 15834
9568 6415
9568 9198
9568 5239
9568 8614
9568 15162
9568 27
9568 16578
9568 13014
9577 7055
9577 17959
9577 3040
9579 14474
9579 7519
9579 6571
9580 12277
9581 15966
9581 121
9581 2034
9581 17521
9581 13014
9581 8613
9581 15557
9581 12739
9581 12566
9581 2438
9581 18306
9581 5153
9581 18114
9581 3665
9581 14729
9581 4758
9581 18215
9581 13468
9581 14885
9581 6817
9581 14005
9581 962
9581 11465
9581 8009
9581 5873
9581 1141
9581 12474
9581 15546
9581 2457
9581 1761
9581 2964
9581 4944
9581 17319
9581 6240
9581 13573
9581 11554
9581 12937
9581 10294
9581 9952
9581 12172
9581 5937
9581 17936
9581 5647
9581 10078
9581 12660
9581 9691
9581 15660
9581 7720
9581 4683
9581 1490
9581 2916
9581 1371
9581 7973
9581 12108
9581 9017
9581 5866
9581 16233
9581 8735
9581 10345
9581 14341
9581 11054
9581 12339
9581 5239
9581 5272
9581 5277
9581 7770
9581 17125
9581 6294
9581 14166
9581 15333
9581 6580
9581 7519
9581 17767
9581 7610
9581 6443
9581 2370
9581 13612
9581 15756
9581 1070
9581 17236
9581 273
9581 12368
9581 2154
9581 1787
9581 4262
9581 14137
9581 6072
9581 6775
9581 17149
9581 3337
9581 8460
9581 912
9581 3176
9581 5360
9581 16113
9581 13245
9581 4294
9581 15578
9581 4496
9581 10798
9581 6024
9581 8690
9581 7603
9581 12514
9581 4583
9581 17141
9581 5010
9581 15264
9581 10554
9581 395
9581 14566
9581 15771
9581 15122
9581 2928
9581 7714
9581 3296
9581 1723
9581 6356
9581 3076
9581 3821
9581 11848
9581 17111
9581 6297
9581 2902
9581 8678
9581 515
9581 11176
9581 13095
9581 9279
9581 11841
9581 4268
9581 13794
9581 14569
9581 17738
9581 10663
9581 15713
9581 1393
9581 4610
9581 3903
9581 18242
9581 13918
9581 15498
9581 11872
9581 770
9581 152
9583 1126
9583 8556
9583 6580
9583 4262
9583 8504
9583 1558
9583 2153
9583 15803
9584 9942
9584 16837
9584 947
9584 4409
9584 8799
9584 17255
9584 12035
9584 8456
9584 16069
9584 5654
9584 8021
9584 18273
9584 13006
9584 7150
9584 17836
9584 8778
9584 7500
9584 10230
9584 10210
9584 8076
9584 17005
9584 8114
9584 18335
9584 16359
9584 12838
9584 7108
9584 5620
9584 8916
9584 6475
9584 14878
9584 15197
9584 6473
9584 4167
9586 15633
9586 4769
9586 12915
9586 18448
9586 3520
9586 15578
9588 17406
9588 10515
9588 2101
9590 17521
9594 6049
9594 8327
9595 446
9595 12181
9595 9198
9595 9826
9595 11386
9595 2657
9595 9813
9595 16748
9595 13014
9602 9533
9603 12492
9603 10854
9605 7917
9605 5022
9605 2568
9605 15243
9605 5017
9605 15051
9605 17889
9605 1458
9605 11805
9605 124
9605 10367
9611 9193
9611 17074
9611 9152
9611 8796
9611 3992
9611 13156
9611 13682
9611 11998
9611 13887
9611 2243
9611 9728
9611 16292
9611 6212
9611 3592
9611 2183
9611 12162
9611 16614
9611 12404
9611 16371
9611 3520
9611 833
9611 5825
9611 12585
9611 6325
9611 15122
9611 5046
9611 4977
9611 17775
9611 6459
9611 12440
9611 18215
9611 16493
9611 16639
9611 16909
9611 11216
9611 6294
9611 12339
9611 7718
9611 7915
9611 6705
9611 877
9611 13044
9611 11445
9611 1594
9611 9198
9611 17149
9611 17673
9611 5448
9611 16387
9611 17857
9611 11799
9611 3132
9611 13052
9611 13475
9611 1351
9611 9741
9611 288
9611 5469
9611 9511
9611 1894
9611 12201
9611 13283
9611 12051
9611 2312
9612 5859
9612 11789
9612 2703
9612 7937
9612 5149
9612 18018
9612 16838
9612 10597
9612 8720
9612 292
9612 3265
9612 3498
9612 701
9612 16521
9612 13775
9612 4120
9612 16244
9612 16040
9612 8843
9612 12425
9612 16448
9612 3524
9612 10440
9612 5189
9612 3683
9612 8935
9612 9051
9612 57
9612 14725
9612 3999
9612 216
9612 11349
9613 14645
9613 17234
9613 13002
9618 13211
9618 7651
9618 2032
9618 6779
9618 6179
9618 5776
9618 8091
9618 16559
9618 16991
9618 3991
9618 17155
9618 8309
9618 13545
9618 4655
9618 3126
9618 5416
9618 17236
9618 4601
9618 2770
9618 5010
9618 11309
9618 5299
9618 11664
9618 7603
9618 13851
9618 4583
9618 16281
9618 12574
9618 2293
9618 15308
9618 2351
9618 6269
9618 12157
9618 15366
9618 11955
9618 13984
9618 16364
9618 451
9618 3827
9618 15075
9618 1674
9618 11837
9618 16349
9618 15397
9618 9843
9618 15864
9618 5173
9618 3177
9620 2732
9624 6670
9625 5277
9627 18037
9631 11763
9631 9871
9631 18203
9632 1371
9632 10089
9639 2838
9640 7928
9641 8996
9641 8890
9641 446
9641 13566
9641 12602
9641 2025
9641 13011
9641 13730
9641 3903
9641 10340
9641 142
9641 15714
9641 7406
9641 2591
9641 5239
9641 9421
9641 11526
9641 9198
9641 3379
9641 16200
9641 16281
9641 8627
9642 12201
9642 14358
9646 13740
9654 3871
9660 13952
9661 16751
9661 4436
9661 12882
9661 4094
9661 13701
9661 12734
9661 9012
9661 11186
9661 1122
9661 13921
9661 13533
9661 4691
9661 2867
9661 13075
9661 15694
9666 8613
9666 1490
9667 9259
9667 9977
9668 14269
9668 16143
9668 3477
9668 2391
9668 6507
9668 12586
9668 13337
9668 18405
9668 4631
9668 1760
9668 6885
9668 6360
9668 180
9668 10098
9669 16977
9669 2318
9669 12879
9671 529
9671 609
9671 3120
9673 14680
9677 7720
9679 12987
9679 1607
9679 7055
9686 9310
9686 5975
9686 6580
9686 5866
9686 17824
9689 450
9689 10500
9689 8190
9689 3073
9689 7360
9691 121
9691 6905
9691 7055
9691 3887
9691 1490
9691 8614
9691 7871
9691 4665
9691 6213
9691 2154
9691 16001
9691 3846
9691 12176
9691 12874
9691 17936
9691 11837
9691 11678
9691 4865
9691 9198
9691 7349
9691 12297
9691 17712
9691 76
9691 10028
9691 13340
9691 17828
9691 7708
9691 4860
9691 12602
9691 13989
9691 2037
9691 9017
9691 8345
9691 3731
9691 3120
9691 2772
9691 6890
9691 2034
9691 5153
9691 446
9691 4481
9691 14361
9691 962
9691 16104
9691 14856
9691 4075
9691 15713
9691 17673
9691 7942
9691 11687
9691 2104
9691 7720
9691 16663
9691 13014
9691 16281
9691 10209
9691 10554
9691 14467
9691 6830
9691 12515
9691 12249
9691 13682
9691 13202
9691 6894
9691 10313
9691 15679
9691 18250
9691 8018
9691 3450
9691 12836
9691 16233
9691 8613
9691 131
9691 3165
9691 12162
9691 17725
9691 5129
9691 8675
9691 1787
9691 4544
9691 16387
9691 7603
9691 18215
9691 12631
9691 7096
9691 6997
9691 4086
9691 13066
9691 7492
9691 7578
9691 8789
9691 17338
9691 17924
9691 7340
9691 10836
9691 13456
9691 616
9691 861
9691 15939
9691 1153
9691 7274
9691 9990
9691 17535
9691 13607
9691 3117
9691 14418
9691 7678
9691 14414
9691 10722
9691 17485
9691 8796
9691 15743
9691 12051
9691 9383
9691 7770
9691 12163
9691 4758
9691 1036
9691 10659
9691 2243
9691 4396
9691 7411
9691 3281
9691 8406
9691 4769
9691 1861
9691 12937
9691 14005
9691 16397
9691 12660
9691 8815
9691 17895
9691 12339
9691 13512
9691 12351
9691 2813
9691 11164
9691 11023
9691 14473
9691 17275
9691 12105
9691 18100
9691 12865
9691 5629
9691 11506
9691 15122
9691 10184
9691 6649
9691 14551
9691 3146
9691 15366
9691 10491
9691 14026
9691 6208
9691 14024
9691 15767
9691 277
9691 18099
9691 4697
9691 2570
9691 3807
9691 627
9691 6817
9691 15966
9691 946
9691 10217
9691 9105
9691 13049
9691 16991
9691 6616
9691 16144
9691 13434
9691 3176
9691 17103
9691 15978
9691 13853
9691 1141
9691 10728
9691 6643
9691 15064
9691 5776
9691 5560
9691 792
9691 12587
9691 2885
9691 10241
9691 5118
9691 9209
9691 13895
9691 17095
9691 4496
9691 17008
9691 3708
9691 5215
9691 13868
9691 9868
9691 14094
9691 8556
9691 16866
9691 203
9691 14745
9691 18010
9691 17521
9691 3455
9691 9563
9691 5691
9691 2367
9691 4336
9691 83
9693 4949
9695 17092
9696 2770
9696 14556
9696 17361
9696 8852
9696 2153
9698 11741
9698 7898
9699 8102
9701 4960
9702 7827
9704 18416
9706 3130
9706 16515
9706 4721
9709 10614
9712 15513
9712 14949
9715 18142
9715 3692
9716 12660
9716 11426
9717 15756
9717 12844
9717 11031
9717 7943
9717 9056
9717 5057
9717 14939
9717 4198
9719 10065
9719 16412
9720 12331
9720 13
9720 701
9721 17457
9721 2275
9721 3048
9723 6501
9723 11629
9737 4806
9738 5277
9739 15816
9741 15366
9746 10422
9748 17521
9753 7036
9753 17652
9753 2461
9758 1819
9759 2657
9759 6788
9764 16794
9767 17489
9767 13576
9767 11833
9767 12152
9776 1885
9776 7578
9776 14108
9776 6920
9776 784
9776 766
9776 5010
9776 13847
9776 13986
9776 10722
9776 4481
9776 4390
9776 12051
9776 11837
9776 5461
9776 8019
9776 14729
9776 3176
9776 792
9776 17960
9776 7492
9776 5906
9776 3731
9776 8563
9789 10396
9789 11348
9790 2188
9791 4949
9791 5057
9793 3607
9793 13794
9793 14145
9793 733
9799 5946
9799 1371
9799 529
9799 17114
9803 162
9803 10490
9803 15633
9803 2253
9803 2701
9803 9392
9804 3945
9804 11346
9804 3157
9805 7133
9805 3731
9805 372
9805 10265
9805 5461
9806 1042
9806 6507
9806 16206
9807 15256
9807 3734
9807 3648
9809 14692
9809 16159
9809 5214
9809 2461
9809 13795
9811 3059
9811 18391
9811 14855
9811 790
9811 13006
9811 17468
9811 331
9811 2399
9811 13516
9814 14060
9815 7224
9815 18451
9815 5091
9815 17361
9815 3692
9815 14204
9815 13775
9815 3313
9815 3945
9815 4949
9822 8685
9822 1053
9822 6049
9822 13643
9822 10137
9822 2811
9822 3018
9823 8497
9824 11379
9826 3176
9826 14729
9828 7806
9828 3059
9828 10999
9828 5678
9828 5176
9828 16260
9828 13876
9828 982
9830 8609
9831 4466
9831 1111
9832 2399
9832 11408
9832 16570
9835 10089
9835 8435
9839 770
9840 1439
9840 12249
9842 8335
9842 17627
9843 14220
9843 18306
9849 11674
9852 6887
9852 14556
9853 14145
9853 11499
9853 17794
9855 10561
9855 7224
9857 5508
9857 5312
9857 8601
9857 5697
9860 15715
9861 14263
9861 15989
9864 2813
9864 3281
9864 866
9864 12464
9864 17736
9864 4139
9864 806
9864 5669
9864 14023
9864 7626
9864 1694
9864 10631
9864 16799
9864 3520
9864 5104
9864 16883
9864 6203
9864 4583
9864 11249
9864 17745
9864 14939
9864 9560
9864 239
9864 6755
9864 6920
9864 1759
9864 8213
9864 4214
9864 9234
9864 5110
9864 17458
9864 3666
9864 2244
9864 15887
9864 18300
9864 1070
9864 14467
9864 8719
9864 8936
9864 12944
9864 17312
9864 7746
9864 9023
9864 13014
9864 15214
9864 10004
9864 14566
9864 6297
9864 446
9864 7271
9864 6150
9864 7321
9864 10041
9864 15771
9864 11156
9864 3642
9864 17241
9864 11837
9864 6940
9864 6079
9864 4947
9864 12858
9864 4645
9864 10200
9864 462
9864 2326
9864 4601
9864 17634
9864 11389
9864 73
9864 12487
9864 2779
9864 18010
9864 1046
9864 9100
9864 3117
9864 8264
9864 1865
9864 12223
9864 3337
9864 13365
9864 18231
9864 14338
9864 8563
9864 6516
9864 9059
9864 9198
9864 10389
9864 3746
9864 18382
9864 224
9864 17712
9864 12434
9864 12579
9864 6325
9864 17936
9864 16663
9864 14295
9864 4056
9864 10050
9864 5010
9864 12169
9864 953
9864 12645
9864 1698
9864 11334
9864 15978
9864 1340
9864 11590
9864 15054
9864 4690
9864 3422
9864 10940
9864 6996
9864 15315
9864 8796
9864 1224
9864 15661
9864 8561
9864 8880
9864 4682
9864 5482
9864 10184
9864 12241
9864 13730
9864 16126
9864 4676
9864 3176
9864 15064
9864 10522
9864 4184
9864 9996
9864 12341
9864 13185
9864 7747
9864 13095
9864 2812
9864 18079
9864 4644
9864 5427
9864 8556
9864 6208
9864 12339
9864 6514
9864 7578
9864 14163
9864 4661
9864 15966
9864 17638
9864 13334
9864 13012
9864 16738
9864 1910
9864 13767
9864 9899
9864 470
9864 705
9864 8570
9864 17610
9864 14974
9864 4878
9864 6443
9864 6052
9864 1916
9864 17947
9864 10741
9864 17865
9864 17149
9864 17141
9864 6053
9864 3299
9864 8894
9864 16281
9864 721
9864 16805
9864 15389
9864 1151
9864 7492
9864 10496
9864 14595
9864 10663
9864 11244
9864 4532
9864 4865
9864 8072
9864 12220
9864 3283
9864 1896
9864 7770
9864 13053
9864 9523
9864 2591
9864 4481
9864 881
9864 16655
9864 15834
9864 6143
9864 16723
9864 15500
9864 2355
9864 18372
9864 15162
9864 5797
9864 3381
9864 14820
9864 11713
9864 8415
9864 13470
9864 12357
9864 1393
9864 2512
9864 7041
9864 14298
9864 15660
9864 15264
9864 5239
9864 2810
9864 7955
9864 10127
9864 14553
9864 6626
9864 10962
9864 14750
9864 13847
9864 3648
9864 9017
9864 16938
9864 18336
9864 6668
9864 4997
9864 15540
9864 3120
9864 12729
9864 17855
9864 8710
9864 13603
9864 5629
9864 8630
9864 17319
9864 11170
9864 16578
9864 17286
9864 2370
9864 13133
9864 4738
9864 3731
9864 15957
9864 13256
9864 14358
9864 653
9864 38
9864 885
9864 7678
9864 2448
9864 14556
9864 5100
9864 18198
9864 14761
9864 12131
9864 9883
9864 10483
9864 1857
9864 12905
9864 17801
9864 9392
9864 12903
9864 15203
9864 8912
9864 8446
9864 4696
9864 3307
9864 11384
9864 5026
9864 8246
9864 5402
9864 12764
9864 9826
9864 15170
9864 3818
9864 3846
9864 13468
9864 5272
9864 3815
9864 14868
9864 8440
9864 10607
9864 16498
9864 2081
9864 4977
9864 9868
9864 12777
9864 4023
9864 3993
9864 18322
9864 9251
9864 11331
9864 16079
9864 11502
9864 1821
9864 4312
9864 12742
9864 10890
9864 17317
9864 16236
9864 6015
9864 7058
9864 15838
9864 14005
9864 5801
9864 8670
9864 555
9864 10078
9864 1119
9864 17111
9864 7017
9864 10028
9864 1036
9864 4057
9864 2701
9864 9258
9864 11233
9864 6879
9864 14953
9864 17380
9864 15069
9864 6775
9864 6161
9864 12176
9864 10294
9864 13794
9864 8009
9864 18281
9864 3982
9864 1473
9864 13120
9864 4141
9864 1076
9864 17950
9864 12456
9864 9038
9864 12354
9864 9742
9864 4714
9864 1874
9864 234
9864 5866
9865 10854
9865 10184
9868 10250
9868 9541
9868 16348
9868 17673
9868 239
9868 12566
9868 446
9868 17521
9868 13989
9868 3117
9868 3731
9868 4544
9868 6653
9868 4869
9868 13468
9868 10110
9868 16278
9868 5643
9868 16578
9868 9310
9868 13664
9868 14749
9868 17744
9868 17268
9868 13730
9868 6208
9868 12861
9868 8690
9868 141
9868 2413
9868 12157
9868 11309
9868 5010
9868 11895
9868 18215
9868 9826
9868 12937
9868 2468
9868 7635
9868 5153
9868 16034
9868 8796
9868 13469
9870 8703
9870 10991
9870 15751
9870 3108
9870 17853
9883 16387
9883 6946
9883 7133
9883 12176
9883 8135
9883 3992
9883 17427
9883 12157
9883 234
9883 7891
9883 2674
9883 10182
9883 7036
9883 8440
9883 18306
9886 4738
9889 8164
9889 11312
9889 7633
9889 8499
9889 14631
9889 1819
9889 7839
9889 15818
9889 9419
9889 18060
9889 13062
9889 5425
9889 17092
9889 982
9893 3000
9893 11515
9893 2440
9895 13445
9895 8796
9901 12626
9901 2052
9901 1083
9902 1137
9902 3475
9905 12964
9905 11805
9908 3731
9908 12566
9918 17205
9918 4345
9918 6676
9918 262
9918 12377
9918 508
9918 3055
9918 17506
9918 9811
9918 269
9918 2874
9918 3525
9918 8429
9918 14376
9918 7839
9918 4154
9918 17544
9918 1156
9919 2364
9926 4665
9926 11678
9926 16635
9926 121
9926 15122
9927 701
9927 124
9927 7827
9935 17521
9935 10722
9935 2153
9937 12439
9939 8752
9940 962
9941 1769
9941 257
9942 4949
9942 16393
9942 5566
9945 4869
9951 18391
9952 6123
9952 3737
9952 9893
9952 4744
9952 508
9952 12129
9952 8990
9954 16384
9954 15714
9954 8431
9954 16834
9954 17202
9954 16706
9954 4140
9954 12249
9954 3772
9954 9907
9954 5117
9954 10004
9954 14553
9954 14357
9954 12229
9954 3962
9954 12186
9954 1246
9954 11298
9954 1091
9954 14120
9954 13794
9954 10264
9954 5835
9955 9811
9955 16555
9955 2909
9955 13643
9955 11323
9955 14606
9955 11900
9955 2052
9955 9419
9955 9952
9961 12201
9961 11488
9967 16834
9969 10551
9969 7848
9969 12973
9969 336
9969 2162
9969 9680
9969 10824
9970 6520
9973 10515
9978 18073
9978 1191
9978 18448
9978 17275
9978 12622
9978 1153
9978 11678
9978 2935
9978 5239
9978 17021
9978 2081
9978 18215
9978 680
9978 7708
9978 12514
9978 11342
9978 6887
9978 14474
9978 14759
9978 1070
9978 10379
9978 9127
9978 2154
9978 13014
9978 1126
9981 15174
9983 794
9983 17506
9983 10092
9983 12706
9983 11833
9987 8710
9987 13120
9987 4092
9987 9742
9987 5491
9987 3146
9987 6801
9992 9928
9992 7621
9999 11833
9999 10512
9999 11401
9999 6800
9999 16923
9999 7187
9999 8843
10005 11833
10005 3313
10005 16150
10005 6156
10005 16944
10005 9455
10005 16243
10005 3561
10005 14951
10005 11312
10005 16176
10005 8327
10005 10612
10005 1950
10005 3059
10005 15175
10005 11964
10005 7839
10005 3987
10005 708
10005 11616
10005 1179
10005 16260
10005 6037
10005 590
10005 5684
10005 7841
10005 5400
10005 6533
10005 4170
10005 10998
10005 5911
10005 5994
10005 11865
10005 7166
10005 3711
10005 15316
10005 3886
10005 3017
10005 7047
10005 14263
10005 13911
10005 9952
10005 688
10005 2687
10005 8179
10005 3630
10005 17310
10005 15719
10005 492
10005 7233
10005 12044
10005 17774
10005 3009
10005 16716
10005 11805
10005 13389
10005 13015
10005 717
10005 1134
10005 622
10005 5234
10005 14415
10005 5519
10005 18174
10005 11548
10005 16895
10005 15829
10005 17506
10005 12621
10005 4672
10005 17468
10005 14376
10005 3893
10005 8217
10005 2161
10005 15567
10005 3651
10005 10601
10005 9942
10005 4025
10005 6788
10005 12687
10005 970
10005 12873
10005 2503
10005 10178
10005 4949
10005 15204
10005 6440
10005 10595
10005 7319
10005 4457
10005 9927
10005 2280
10005 542
10005 8579
10005 959
10005 8164
10005 15721
10005 10331
10005 14196
10005 14078
10005 5534
10005 7199
10005 4818
10005 12028
10005 6210
10005 1233
10005 9419
10005 14659
10005 16980
10005 1263
10005 15363
10005 7141
10005 14333
10005 2052
10005 8366
10005 9406
10005 1331
10005 12107
10005 8691
10005 956
10005 8459
10005 10990
10005 15377
10005 6964
10005 8353
10005 505
10005 7261
10005 6317
10005 1815
10005 5245
10005 8123
10005 8782
10005 11382
10005 3525
10006 3176
10006 12204
10006 13173
10006 9502
10006 3483
10006 6443
10006 6942
10006 12602
10006 14138
10006 10141
10006 10020
10006 5438
10006 16348
10006 9392
10006 15389
10006 15162
10006 529
10006 12087
10006 8382
10019 1113
10019 10082
10019 11263
10022 8447
10022 3520
10022 4758
10023 5475
10023 9329
10023 14763
10023 2815
10023 9749
10023 10569
10026 1289
10032 1134
10032 7150
10032 5425
10032 457
10032 18267
10032 13486
10032 7233
10032 12933
10032 11427
10032 7990
10032 10336
10032 9931
10032 9942
10032 7827
10032 14196
10032 7535
10032 13163
10032 17361
10032 4345
10032 14025
10032 15948
10032 2052
10032 13242
10032 14204
10034 10106
10036 1263
10042 3313
10043 9843
10043 9990
10046 1643
10048 12918
10048 4949
10049 15151
10049 2
10049 107
10049 10089
10049 9282
10049 9989
10049 4158
10049 11194
10049 17240
10049 16289
10049 658
10049 4314
10050 17267
10054 5528
10058 3074
10058 5556
10058 7808
10059 4949
10062 9526
10066 5461
10066 3520
10066 6297
10066 9511
10066 2950
10066 2883
10066 2056
10066 15264
10066 15633
10067 13489
10067 11224
10067 3491
10067 6558
10067 12836
10067 11294
10067 4769
10067 16281
10067 16168
10067 2587
10067 15172
10067 7994
10067 8808
10068 240
10068 12108
10068 13470
10068 17958
10068 11031
10068 5277
10071 1325
10071 13000
10071 3860
10071 18206
10071 10209
10071 18073
10071 446
10071 3237
10071 14729
10071 208
10071 12176
10071 13014
10071 4696
10071 14757
10071 15713
10071 8233
10071 6628
10071 1694
10071 14298
10071 12428
10071 1934
10071 4918
10071 11280
10071 4481
10071 5071
10071 6641
10071 12946
10071 7578
10071 877
10073 1541
10073 16689
10073 7374
10073 3394
10076 2362
10076 6409
10076 11805
10076 1011
10076 631
10076 7541
10076 10612
10076 5678
10076 1459
10076 6049
10076 14480
10076 218
10076 10671
10076 1179
10077 17141
10077 6213
10077 6581
10077 10085
10078 4690
10078 3117
10078 9378
10078 18215
10078 12231
10078 6325
10078 6965
10078 5010
10078 1070
10078 5692
10078 7133
10078 12220
10078 2701
10078 11309
10078 4456
10078 3734
10078 9674
10078 11935
10078 152
10078 748
10078 8934
10078 6940
10078 11342
10078 4606
10078 3666
10078 14759
10078 10006
10078 12602
10078 7626
10078 11057
10078 3176
10078 13986
10078 14129
10078 5402
10078 12241
10078 13340
10078 12777
10078 16689
10078 9868
10078 6294
10078 15122
10078 16890
10078 3821
10078 8415
10078 6208
10078 17645
10078 613
10078 8178
10078 7078
10078 16397
10078 11827
10078 2506
10078 7770
10078 9017
10078 5461
10078 11026
10078 3033
10078 16579
10078 8032
10078 7051
10078 8556
10078 502
10078 13814
10078 2367
10078 8377
10078 3234
10078 18210
10078 12339
10078 6224
10078 15069
10078 3168
10078 13014
10078 15975
10078 2468
10078 17638
10078 10184
10078 10200
10078 14311
10078 1679
10078 11215
10078 657
10078 8476
10078 2090
10078 5588
10078 17950
10078 7518
10078 1851
10078 10809
10078 9198
10078 12044
10078 12660
10078 4583
10078 17744
10078 17149
10078 7005
10078 5667
10078 11294
10078 9236
10078 14467
10081 2587
10081 16964
10081 10746
10083 7284
10083 5927
10085 12977
10085 5856
10085 14024
10085 7518
10085 13133
10085 1487
10085 12777
10085 15097
10086 13730
10089 4396
10089 7994
10089 555
10089 10498
10089 13456
10089 8447
10089 3520
10090 3666
10090 18306
10092 6710
10093 15966
10093 3176
10093 17206
10093 17149
10093 9198
10093 2779
10093 11110
10093 12351
10105 12930
10112 1151
10114 13180
10114 8472
10118 4974
10118 10554
10118 3337
10118 7968
10119 5754
10119 12973
10119 8499
10119 9153
10120 2538
10120 8011
10122 8796
10122 152
10124 15116
10126 3087
10126 12501
10128 16279
10131 6905
10132 6715
10132 13682
10132 9843
10144 5367
10144 9727
10144 17731
10144 3422
10144 4769
10144 15942
10144 15930
10144 8307
10144 11216
10144 12181
10144 10967
10144 8790
10144 199
10144 4906
10144 3908
10144 15775
10144 2023
10144 9636
10144 12249
10144 710
10144 14173
10144 12842
10144 5100
10144 17140
10144 586
10144 5673
10144 15638
10144 9754
10144 15901
10144 12277
10144 4266
10144 9039
10144 6711
10144 11210
10144 4668
10144 9071
10144 5292
10144 15418
10144 1317
10144 6330
10144 8660
10144 2418
10144 12016
10144 12288
10144 18413
10144 27
10144 16387
10144 3705
10144 17033
10144 6544
10144 606
10144 10827
10144 13275
10145 11309
10145 1070
10145 10389
10145 4866
10145 13165
10145 17283
10145 202
10145 3148
10147 10722
10148 9158
10149 12325
10149 1148
10149 12858
10149 13847
10149 5156
10149 7452
10149 16861
10149 17149
10149 15880
10149 7770
10149 5153
10149 5692
10149 7406
10151 17506
10151 6968
10151 11833
10151 7684
10151 7359
10151 15243
10151 15173
10151 15948
10153 12624
10153 5056
10154 12819
10158 6529
10158 4951
10158 16422
10160 7532
10160 18303
10160 16243
10160 12432
10160 2697
10160 13865
10160 4836
10160 709
10160 5162
10160 6768
10160 3630
10160 8834
10160 13775
10160 2268
10160 1687
10160 5341
10160 3228
10160 6232
10160 9896
10160 12812
10162 3059
10162 4612
10162 2630
10172 18306
10175 1596
10175 12285
10175 1790
10175 14510
10178 16424
10181 6473
10183 15210
10184 4601
10184 30
10184 17445
10184 7223
10184 6875
10184 5910
10189 3140
10191 5509
10192 940
10199 4926
10200 17926
10201 7055
10205 12040
10207 3737
10209 16348
10210 18339
10213 1295
10213 4140
10214 4818
10214 16143
10214 6049
10214 16123
10214 701
10214 9811
10214 5242
10214 2496
10214 10790
10214 15111
10214 13022
10214 836
10215 15855
10215 6049
10215 10833
10215 10944
10215 16565
10215 1457
10215 8691
10215 17937
10215 11162
10220 15940
10220 17553
10221 7642
10222 16419
10222 5194
10224 3313
10224 5057
10224 13149
10224 13737
10224 16032
10224 5781
10224 13775
10224 10612
10224 16055
10224 1011
10224 4701
10224 16618
10224 4115
10224 5343
10224 11346
10224 18416
10225 5461
10225 8796
10225 12241
10225 17322
10225 17395
10225 5866
10225 3120
10225 17979
10225 17111
10233 6158
10233 11833
10236 6641
10237 17124
10240 12469
10240 13367
10240 11805
10240 12901
10241 10526
10242 2701
10242 16136
10242 9152
10243 1388
10250 8010
10250 9843
10250 11361
10250 15783
10250 11235
10250 3281
10250 17521
10250 13989
10250 15879
10250 17111
10250 10722
10250 5010
10250 13868
10250 11837
10250 15325
10250 6920
10250 10452
10250 3650
10250 9017
10250 16738
10251 10337
10251 6022
10251 7271
10251 1473
10251 18198
10251 16792
10253 8345
10254 5957
10255 7017
10255 13256
10255 3117
10255 6520
10255 3648
10255 6514
10255 10483
10255 9463
10255 3666
10255 3484
10255 8343
10255 9868
10255 15886
10255 14729
10255 9511
10255 885
10255 4481
10255 8907
10255 2587
10255 17963
10255 13947
10255 7994
10255 10184
10255 3687
10255 7408
10255 16614
10255 8936
10255 13603
10255 10340
10255 5629
10255 14467
10255 18306
10255 17687
10255 12777
10255 14848
10255 4696
10255 6072
10255 14253
10255 433
10255 7747
10255 239
10255 15054
10255 35
10255 3521
10255 13468
10255 4056
10255 6645
10255 13661
10255 4867
10255 13685
10255 1126
10255 9996
10255 12020
10255 14880
10255 5046
10255 14009
10255 15749
10255 1674
10255 17502
10255 11309
10255 7430
10255 14338
10255 3165
10255 9198
10255 8861
10255 11852
10255 9936
10255 668
10255 15771
10255 12659
10255 8025
10255 18244
10255 4583
10255 3731
10255 5239
10255 12977
10255 14145
10255 1185
10255 10089
10255 11132
10255 3677
10255 3033
10255 16493
10255 15500
10255 12339
10255 18269
10255 7720
10255 13014
10255 5427
10255 75
10255 1217
10255 5461
10255 13290
10255 5129
10255 14569
10255 16682
10255 3114
10255 6940
10255 16126
10255 3717
10255 12176
10255 3730
10255 2759
10255 9753
10255 13814
10255 7810
10255 11046
10255 5669
10255 5153
10255 2522
10255 14817
10255 585
10255 5825
10255 6573
10255 18136
10255 16498
10255 8413
10255 7519
10255 10400
10255 6482
10255 14358
10255 7472
10255 17521
10255 14688
10255 2196
10255 14678
10255 14308
10255 18109
10255 503
10255 17775
10255 3076
10255 3398
10255 12105
10255 2888
10255 2931
10255 4334
10255 16281
10255 4490
10255 7811
10255 3422
10255 17149
10255 14382
10255 4339
10255 13887
10255 15075
10255 9897
10255 1363
10255 17319
10255 7445
10255 14005
10255 18232
10255 4369
10255 13340
10255 7055
10255 1393
10255 9027
10255 9392
10255 14632
10255 12471
10255 7058
10255 14208
10255 5010
10255 7291
10255 17770
10255 12383
10255 3176
10255 16292
10255 6534
10255 8873
10255 2970
10255 14492
10255 4865
10255 11918
10255 4609
10255 3542
10255 10729
10255 18215
10255 14898
10255 17744
10255 17193
10255 571
10255 7866
10255 11927
10255 365
10255 5623
10255 8463
10255 13794
10255 10256
10255 18336
10255 1782
10255 11156
10255 15366
10255 14924
10255 11170
10255 8996
10255 13901
10255 8362
10255 8988
10255 4141
10255 17501
10255 6799
10255 16276
10255 2468
10255 9038
10255 14749
10255 8710
10255 17598
10255 16387
10255 13332
10255 10479
10255 12157
10255 2487
10255 11109
10255 2859
10255 14743
10255 378
10255 17236
10255 11465
10255 9843
10255 14663
10255 8556
10255 4521
10255 16702
10255 9911
10255 12566
10255 12351
10255 12858
10255 6643
10255 5282
10255 6818
10255 2591
10255 2945
10255 4459
10255 7271
10255 12531
10255 17385
10255 14243
10255 16984
10255 13456
10255 12051
10255 6830
10255 6213
10255 2041
10255 8885
10255 4390
10255 2819
10255 7791
10255 18132
10255 7680
10255 912
10255 2187
10255 15033
10255 10486
10255 13245
10255 15674
10255 2770
10255 16663
10255 12596
10255 5329
10255 10200
10255 2233
10255 12148
10255 15356
10255 8073
10255 14885
10255 6694
10255 994
10255 9021
10255 11375
10255 18351
10255 5240
10255 17712
10255 10659
10255 13095
10255 14671
10255 15585
10255 940
10255 17861
10255 7013
10255 17099
10261 14930
10261 16899
10261 7620
10261 11702
10261 17506
10261 15513
10261 13823
10261 4649
10261 179
10261 18125
10263 823
10264 9897
10264 8556
10264 7578
10267 6365
10267 16727
10267 18387
10267 18296
10267 2395
10267 1951
10267 7781
10267 187
10267 8647
10267 15173
10267 9050
10267 2106
10267 568
10267 7827
10267 9518
10267 9191
10267 7836
10267 8521
10267 6121
10267 3978
10267 3059
10267 15073
10268 2549
10268 10655
10268 15692
10268 7505
10268 10953
10268 18327
10268 10885
10268 16288
10268 4305
10268 18213
10268 2111
10268 1126
10268 6724
10269 12713
10269 716
10274 2494
10275 8499
10275 8
10275 2188
10275 11805
10275 6338
10278 12538
10278 7729
10278 7747
10278 7287
10278 1141
10278 716
10278 4758
10278 13545
10278 14338
10278 7005
10278 12220
10278 17206
10278 6549
10278 11927
10278 3708
10278 17149
10278 234
10278 12937
10278 5667
10278 4583
10278 3521
10278 15978
10278 1059
10278 14749
10278 6022
10278 4336
10278 8852
10278 8563
10278 16578
10278 13053
10278 13505
10278 2928
10278 17247
10278 8133
10278 12341
10280 9864
10280 6240
10280 16374
10280 16977
10280 16292
10280 9742
10280 17206
10280 5776
10280 8735
10280 12710
10280 4179
10280 1499
10280 866
10280 9659
10280 14556
10280 2037
10280 8539
10280 4390
10280 7720
10280 12514
10281 3176
10284 3281
10288 3242
10288 3762
10288 2443
10288 6026
10288 14680
10288 6143
10288 12459
10288 12198
10288 8082
10288 2362
10288 10331
10288 13542
10288 6848
10288 17937
10288 5531
10288 10495
10288 17909
10288 10990
10288 10835
10288 4256
10288 3059
10288 14807
10288 9207
10289 17687
10289 15880
10289 16374
10289 4601
10289 18306
10289 4062
10289 15964
10289 18092
10289 14553
10290 1936
10295 4480
10297 257
10297 15739
10297 12533
10297 8851
10298 1141
10298 5046
10303 8936
10304 10389
10304 12533
10305 1394
10305 10944
10306 13995
10307 4949
10307 8212
10307 13522
10311 10722
10311 4601
10316 12445
10316 15589
10316 6921
10316 10571
10317 5500
10318 9893
10320 7449
10320 11444
10324 940
10324 10670
10324 14804
10336 6306
10339 2154
10341 12189
10341 7040
10346 7827
10346 92
10346 11548
10346 7533
10346 12815
10346 7836
10349 2031
10349 11805
10349 13643
10349 2589
10349 15896
10349 3313
10349 982
10349 9811
10349 6194
10349 17468
10349 12115
10349 11622
10349 8037
10349 5765
10349 12919
10349 14807
10349 14813
10349 9419
10349 4924
10349 218
10349 2402
10349 9603
10349 8322
10349 5425
10349 17696
10349 16509
10349 14480
10349 305
10349 8691
10349 13006
10349 9648
10349 8882
10349 1061
10349 10561
10349 8499
10349 10249
10349 7336
10349 7535
10349 3490
10349 15867
10349 16152
10349 15655
10349 518
10349 13916
10349 1404
10349 17390
10349 4311
10349 10186
10349 15243
10349 10939
10349 9653
10349 3059
10349 4949
10349 7431
10349 12586
10349 6964
10349 16260
10349 1488
10349 16214
10349 17937
10349 14537
10349 5176
10349 11865
10349 2002
10349 3364
10349 15779
10349 4085
10349 7827
10349 17506
10349 1761
10349 9942
10349 14692
10349 8190
10349 7193
10349 701
10349 17043
10349 11833
10349 1936
10349 3073
10352 5437
10352 17050
10352 14278
10352 11739
10352 10282
10352 13920
10352 8565
10352 4096
10352 15965
10352 2811
10352 12877
10352 11833
10352 13926
10352 4949
10352 3832
10355 4190
10355 14814
10355 1026
10359 13300
10362 11498
10362 4539
10363 7349
10363 2902
10363 14253
10363 5010
10363 14856
10363 12306
10363 13143
10363 9017
10363 4661
10363 13077
10363 18215
10363 14164
10363 6325
10363 15966
10363 13689
10363 4172
10363 5669
10363 5365
10363 8440
10363 10582
10363 7747
10366 1653
10366 10722
10370 11081
10370 15988
10372 13363
10372 4738
10372 12703
10372 17521
10373 11352
10374 2215
10374 2919
10374 3667
10375 6863
10375 11265
10375 4835
10375 15730
10375 16456
10375 15988
10375 15720
10375 1496
10375 1420
10375 13318
10375 13300
10375 9789
10375 1789
10375 9670
10375 15358
10375 4365
10380 17855
10380 12708
10380 10389
10383 15578
10383 121
10383 6584
10384 9392
10384 12533
10384 17687
10384 2864
10386 492
10386 7633
10386 9789
10386 4031
10386 10189
10389 9392
10389 14793
10389 1694
10389 17855
10389 17629
10389 12533
10389 17618
10389 9502
10389 14164
10389 11007
10390 2034
10391 10150
10391 5771
10391 4306
10391 11538
10391 3630
10391 5430
10391 11021
10391 13516
10391 17374
10391 864
10391 11609
10391 16260
10391 6742
10391 4949
10391 12306
10391 10370
10391 3313
10391 12086
10391 7839
10391 18391
10391 3574
10391 4026
10391 15068
10391 15189
10391 6339
10391 9223
10391 13300
10391 7499
10391 2058
10391 16643
10391 12002
10391 2589
10391 3448
10391 17316
10391 5418
10391 7239
10391 10612
10391 13019
10391 15988
10391 13660
10391 14398
10391 8164
10391 9517
10391 16014
10391 6473
10391 8120
10391 11833
10391 5114
10391 10788
10391 936
10391 2072
10391 5400
10391 3230
10391 14545
10391 10985
10391 12786
10391 16433
10391 16551
10391 14673
10391 11548
10391 1504
10391 14967
10391 12137
10391 13599
10391 11312
10391 3968
10391 7040
10391 1893
10391 15426
10391 14839
10391 6748
10391 13421
10391 17859
10391 12189
10391 2044
10391 6049
10391 1739
10391 12973
10391 14022
10391 14200
10391 7431
10391 9334
10391 15896
10391 4575
10391 7102
10391 2285
10391 14692
10391 4314
10391 14435
10391 7767
10391 14791
10391 17820
10391 4548
10391 3406
10391 11527
10391 13872
10391 17604
10391 4516
10391 5931
10391 4392
10391 334
10391 16359
10391 12147
10391 7842
10391 14156
10391 11804
10391 12730
10391 3661
10391 12236
10391 9419
10391 12214
10391 10561
10391 3825
10391 14153
10391 4020
10391 3696
10391 10184
10391 17184
10391 8797
10391 16434
10391 15051
10391 7500
10391 278
10391 3396
10391 1806
10391 2737
10391 8882
10391 16772
10391 16123
10391 3432
10391 4744
10391 790
10391 18416
10391 15466
10391 3963
10391 3929
10391 6586
10391 7079
10391 7739
10391 768
10391 11378
10391 1324
10391 12983
10391 17866
10391 7621
10391 5992
10391 3140
10391 14027
10391 11765
10391 15717
10391 5573
10391 8511
10391 3223
10391 9784
10391 4298
10391 15779
10391 16559
10391 4722
10391 12258
10391 6955
10391 16596
10391 6347
10391 701
10391 16027
10391 17880
10391 5116
10391 10588
10391 11835
10391 7292
10391 15003
10391 12039
10391 4506
10391 4687
10391 8295
10391 3433
10391 2333
10391 12624
10391 6953
10391 12331
10391 7150
10391 1268
10391 15922
10391 2848
10391 7543
10391 16555
10391 15182
10391 3716
10391 5525
10391 7985
10391 9647
10391 1219
10391 13430
10391 3562
10391 6253
10391 13229
10391 6599
10391 17361
10391 9881
10391 11306
10391 6317
10391 2262
10391 15198
10391 11936
10391 11832
10391 2744
10391 8360
10391 11735
10391 17905
10391 16231
10391 5072
10391 18326
10391 5871
10391 12400
10391 12870
10391 3872
10391 1258
10391 5343
10391 18171
10391 4440
10391 7352
10391 4574
10391 4917
10391 15720
10391 13037
10391 3711
10391 678
10391 10898
10391 124
10391 5506
10391 14554
10391 15316
10391 14097
10391 9942
10391 3720
10391 13775
10391 8265
10391 105
10391 7173
10391 7932
10391 15898
10391 16160
10391 18151
10391 13152
10391 14863
10391 16995
10391 7847
10391 10642
10391 15781
10391 2306
10391 3391
10391 8589
10391 11142
10391 16900
10391 9086
10391 8037
10391 6841
10391 15690
10391 16712
10391 12798
10391 16998
10391 8327
10391 7463
10391 9821
10391 14995
10391 16820
10391 3437
10391 2811
10391 1966
10391 8852
10391 13819
10391 1612
10391 17776
10391 5231
10391 13086
10391 13745
10391 1069
10391 9323
10391 460
10391 18158
10391 13006
10391 6783
10391 15752
10391 11719
10391 16379
10391 2052
10391 1984
10391 12759
10391 1493
10391 12382
10391 5978
10391 16530
10391 6992
10391 6387
10391 12251
10391 17966
10391 14495
10391 18177
10391 9512
10391 16656
10391 16465
10391 16297
10391 14302
10391 8499
10391 10697
10391 5598
10391 6797
10391 18353
10391 650
10391 11792
10391 17811
10391 15609
10391 450
10391 1853
10391 17507
10391 2624
10391 9573
10391 12046
10391 15555
10391 3213
10391 11564
10391 4319
10396 485
10396 12484
10396 4917
10396 12392
10396 11787
10396 486
10396 17748
10396 14863
10396 10628
10396 331
10396 7150
10397 5081
10397 6788
10400 3520
10400 17666
10400 15879
10400 9198
10400 6213
10400 4845
10400 17608
10400 10114
10400 17206
10400 14788
10400 7271
10400 14096
10400 12162
10400 1141
10401 6520
10402 9659
10407 4846
10407 15184
10408 7239
10411 6426
10413 2575
10416 5132
10416 16618
10417 8407
10417 701
10417 16571
10426 14246
10426 8907
10426 8774
10426 5329
10426 13682
10426 6755
10426 13278
10426 2801
10426 6840
10426 16774
10426 13567
10426 15822
10426 16281
10426 5410
10426 4860
10426 6102
10426 4260
10426 1393
10426 4869
10426 15749
10426 1631
10426 10580
10426 7821
10426 14127
10426 10125
10426 5578
10426 8018
10426 11445
10426 1857
10426 234
10426 17380
10426 14885
10426 7588
10426 7538
10426 14118
10426 8996
10426 15603
10426 1141
10426 15565
10426 9843
10426 11465
10426 17940
10426 13814
10426 14490
10426 14130
10426 10631
10426 6687
10426 14096
10426 14419
10426 9742
10426 17537
10426 15732
10426 15345
10426 17775
10430 8516
10432 1901
10432 10335
10432 18451
10432 13178
10436 12765
10436 8344
10437 16281
10437 10746
10441 10893
10441 1156
10441 2188
10444 11621
10444 18416
10450 17410
10450 4232
10450 4102
10450 3033
10450 12602
10450 8435
10450 11837
10450 16642
10450 17527
10450 11141
10450 1070
10450 3048
10450 2243
10450 8795
10450 15786
10450 3117
10450 9635
10451 9370
10451 15882
10451 3610
10455 9789
10455 3313
10455 15036
10455 11586
10458 3096
10458 7327
10458 11422
10458 17937
10458 4183
10458 4876
10458 8525
10458 9811
10458 8102
10458 8960
10461 8882
10466 6963
10470 1842
10472 5829
10481 9530
10481 4040
10481 10143
10481 10490
10481 7054
10481 6196
10481 4465
10481 15239
10481 7720
10481 3934
10481 2568
10481 1971
10481 377
10481 13366
10481 11677
10481 7780
10481 16442
10481 14441
10481 8731
10481 18215
10481 13031
10481 13986
10481 2016
10481 14001
10481 1934
10481 10522
10481 12378
10481 8710
10481 14759
10481 9145
10481 6706
10481 18198
10481 18015
10481 12020
10481 2469
10481 5129
10481 5514
10481 9085
10481 12051
10481 11284
10481 17462
10481 17895
10481 8195
10481 3325
10481 1923
10481 17065
10481 8706
10481 2117
10481 668
10481 14459
10482 1977
10483 3132
10483 8556
10483 16922
10483 6775
10483 18244
10483 6000
10483 9059
10483 3170
10483 7939
10483 12181
10483 13445
10483 18074
10483 17634
10483 14145
10483 11046
10483 9085
10483 10311
10483 10078
10483 15585
10483 6213
10483 18198
10483 13794
10483 7460
10483 18215
10483 8025
10483 5776
10483 17537
10483 2187
10483 9017
10485 1179
10485 2997
10485 8219
10486 12012
10487 14004
10487 14786
10487 12861
10487 12545
10487 9624
10487 3520
10488 12201
10488 18215
10488 10670
10488 18336
10488 11945
10488 6130
10488 7720
10488 13540
10488 17652
10488 15967
10488 8667
10488 12566
10488 1155
10488 3520
10488 7406
10488 8761
10488 3990
10488 67
10488 13278
10489 18011
10489 11629
10490 18322
10490 13943
10491 4865
10491 8852
10491 14073
10491 12176
10491 10935
10491 14396
10491 5438
10491 9750
10491 18215
10491 3456
10491 10582
10491 7770
10491 15270
10491 3176
10491 15210
10491 2759
10491 14786
10491 7708
10491 9984
10491 7603
10491 17634
10491 11273
10491 4602
10491 16758
10491 10006
10491 10670
10494 11805
10494 5911
10494 15059
10494 1263
10494 18179
10494 15129
10494 10990
10494 9
10494 9417
10494 1219
10494 2066
10509 17505
10512 2461
10512 11833
10512 16430
10512 7233
10512 17870
10512 3233
10512 2589
10512 3367
10512 10841
10512 3242
10512 15712
10512 8499
10512 7684
10512 1179
10512 8102
10512 6369
10512 7827
10512 6270
10523 7828
10523 8811
10523 1886
10524 17626
10528 4949
10528 13775
10528 1225
10528 5081
10528 12129
10528 10891
10528 9500
10528 13542
10528 7276
10528 16530
10528 10769
10528 13899
10528 7327
10528 9893
10528 4780
10528 8190
10528 15020
10528 4629
10528 4778
10528 14419
10528 16359
10528 14547
10528 1289
10528 12330
10528 16015
10528 8483
10528 13659
10528 1263
10528 15798
10528 8102
10528 9789
10528 15696
10528 12536
10528 4837
10528 9213
10528 12973
10528 14724
10528 9942
10528 790
10528 7542
10528 3313
10528 13178
10528 15080
10529 17433
10533 3432
10544 2101
10544 1551
10544 17357
10544 2459
10546 14438
10546 14268
10547 7150
10547 5525
10552 18338
10552 11215
10552 9779
10552 2597
10552 17137
10552 12725
10552 17111
10552 13340
10554 6558
10554 10379
10554 17445
10554 1472
10554 1126
10554 13256
10554 14137
10555 8563
10556 14786
10572 15617
10575 5347
10575 4220
10575 4128
10575 9947
10577 3682
10577 6877
10577 4027
10577 8406
10578 14931
10580 7945
10582 9017
10582 10491
10582 1735
10582 18064
10582 12576
10584 8429
10586 1141
10590 11926
10590 10862
10590 2813
10592 12051
10592 14350
10592 11249
10592 8013
10594 11308
10596 16776
10606 14593
10606 15505
10606 11232
10610 16800
10616 3267
10616 492
10619 11047
10619 10544
10621 11922
10625 8391
10625 8713
10625 5080
10628 14659
10628 10854
10628 12030
10629 18215
10631 17775
10631 12729
10631 5667
10632 3117
10635 17514
10635 9417
10635 11833
10635 1476
10635 11865
10635 5754
10635 8164
10635 16448
10635 16294
10635 11702
10635 15301
10635 16260
10635 8469
10635 15948
10635 679
10635 5832
10635 3059
10635 5425
10635 4949
10635 6087
10635 14659
10635 7724
10635 3313
10635 3742
10635 13963
10635 10797
10635 17178
10635 14415
10635 9455
10635 12197
10635 10189
10635 5057
10641 11055
10641 2153
10641 15749
10641 4153
10641 4134
10643 9942
10643 18151
10643 11833
10643 7454
10645 18390
10645 12899
10649 11182
10653 3520
10653 8504
10653 17521
10653 4663
10653 11033
10653 8707
10653 17861
10653 6847
10653 10066
10653 8983
10653 4159
10653 2521
10653 13794
10653 1333
10653 14729
10653 9169
10653 3183
10653 10737
10653 5200
10653 4788
10653 446
10653 11674
10653 8792
10653 15578
10653 17114
10653 11957
10653 16856
10653 634
10653 3903
10653 8394
10653 5687
10653 7746
10653 6378
10653 11210
10653 13851
10653 18215
10653 15772
10653 16664
10653 13262
10653 407
10653 16678
10653 15126
10653 2064
10653 18048
10653 8795
10653 4665
10653 7593
10653 5241
10653 17994
10653 14989
10653 4396
10653 14419
10653 15404
10653 15436
10653 11840
10653 1393
10655 12602
10655 7424
10655 2549
10655 1361
10655 10953
10655 4305
10658 6081
10658 13661
10664 7664
10664 5525
10664 8456
10666 12269
10668 3337
10670 7406
10670 1126
10673 4949
10674 6811
10676 9448
10683 3051
10685 5943
10685 7920
10685 14320
10685 5214
10685 1807
10685 6360
10685 18143
10685 15432
10685 11706
10685 17264
10685 18131
10690 15556
10691 10923
10692 8435
10693 4738
10696 5525
10698 3159
10698 15395
10698 7720
10698 17088
10698 2509
10701 1464
10701 10240
10701 3175
10701 13298
10701 412
10701 4336
10701 4131
10701 11800
10701 7439
10701 2360
10701 16287
10701 14360
10701 11713
10701 2367
10701 4769
10701 10490
10701 14001
10701 3306
10701 10831
10701 17322
10701 12764
10701 7720
10701 4557
10701 17142
10702 1263
10702 11805
10702 11340
10702 4085
10702 9419
10702 5377
10702 7761
10703 374
10703 2052
10703 3364
10703 11631
10703 17718
10707 1946
10710 2052
10710 999
10710 14271
10711 14127
10711 11342
10711 10729
10711 5168
10714 14146
10714 5461
10714 2264
10714 3731
10715 5803
10717 5010
10717 4865
10717 12511
10717 4141
10717 3890
10717 3863
10717 4315
10717 11827
10717 8556
10717 17610
10717 4211
10719 17149
10719 13512
10720 11805
10720 7541
10722 3117
10722 10078
10722 13267
10722 12566
10722 1126
10722 13482
10722 12044
10722 14005
10722 2474
10722 9691
10722 1371
10722 10090
10722 7349
10722 8318
10722 12162
10722 754
10722 344
10722 234
10722 4056
10722 3047
10722 6072
10722 1934
10722 514
10722 2153
10722 2154
10722 9198
10722 12937
10722 17395
10722 1340
10722 15547
10722 5046
10722 18215
10722 10085
10722 17801
10722 6208
10722 494
10722 13014
10722 17936
10722 10068
10722 14566
10722 17666
10722 5020
10722 15941
10722 4141
10722 15688
10722 4665
10722 1490
10722 12172
10722 17521
10722 3379
10722 14467
10722 14817
10722 9742
10722 12201
10722 9105
10722 13986
10722 3992
10722 13794
10722 8500
10722 2187
10722 14358
10722 4060
10722 321
10722 1812
10727 12072
10731 13814
10731 9479
10731 15971
10733 1905
10737 14120
10737 7139
10737 13910
10737 8739
10744 5509
10744 8335
10744 3520
10744 2902
10744 14220
10744 234
10744 14358
10746 2587
10749 1492
10749 13161
10754 15914
10754 13815
10764 4690
10764 14916
10764 5559
10764 952
10764 95
10764 3204
10766 14680
10768 8327
10769 2306
10773 14376
10775 15505
10775 847
10775 13794
10775 3637
10775 1971
10775 236
10775 13847
10775 13986
10775 17687
10776 15578
10782 14263
10782 8541
10782 11635
10782 7621
10782 2980
10782 18313
10782 5531
10782 4708
10782 16830
10782 13906
10785 13716
10786 8683
10786 15347
10786 12866
10786 17708
10790 9714
10790 886
10790 3313
10790 16618
10790 11833
10790 4949
10790 5420
10790 14537
10790 15068
10790 16767
10790 10515
10790 1283
10790 13308
10790 7473
10790 5109
10790 6888
10790 11825
10790 7431
10790 3289
10790 16515
10790 2536
10790 17184
10790 8282
10790 13673
10790 7456
10790 758
10790 5214
10790 11536
10790 8567
10790 12239
10790 13300
10790 1548
10790 7542
10790 640
10790 2775
10790 15171
10790 5486
10790 16014
10790 12973
10790 12116
10790 16106
10790 4085
10790 11999
10790 5754
10790 8322
10790 13643
10790 3361
10790 16359
10790 9368
10790 13808
10790 1772
10790 11783
10790 3383
10790 17278
10790 262
10790 15079
10790 2245
10790 16914
10790 12561
10790 8579
10790 3059
10790 12043
10790 2188
10790 701
10790 9552
10790 4688
10790 9942
10790 11670
10790 1254
10790 532
10790 15830
10790 8054
10790 5116
10790 4546
10790 12801
10790 1263
10790 6476
10790 8841
10790 10783
10790 149
10790 3777
10790 12306
10791 15260
10791 18215
10791 2987
10791 5825
10791 16894
10791 15315
10791 1325
10791 3650
10791 8356
10791 136
10791 17851
10791 11296
10791 10670
10791 7271
10791 6928
10791 4172
10791 6694
10792 8518
10793 277
10793 17096
10793 18438
10793 13794
10796 16937
10797 10854
10797 18451
10797 8058
10797 13542
10797 11865
10800 14147
10800 18159
10800 15714
10804 10212
10807 14146
10807 247
10808 13689
10810 17756
10810 11833
10810 8208
10810 12116
10810 2402
10815 9590
10817 9821
10817 548
10821 8988
10823 3060
10823 9828
10823 16260
10826 7578
10826 13014
10826 12844
10829 16907
10829 17865
10829 6415
10832 15078
10832 262
10833 12911
10833 13891
10833 262
10833 13494
10833 15506
10833 9802
10833 12
10833 8248
10835 7990
10835 9942
10835 2496
10835 12918
10835 9689
10838 2402
10838 15039
10841 12129
10845 12249
10847 11492
10854 2125
10854 7456
10854 17468
10854 13775
10854 13486
10854 2052
10854 12377
10854 247
10854 1459
10854 5684
10854 11346
10854 8190
10854 14537
10854 9419
10854 4701
10854 17020
10854 3364
10854 15736
10854 13163
10854 5612
10854 6848
10854 14807
10854 5269
10854 7431
10854 836
10854 9603
10854 7827
10854 7086
10854 11805
10854 10990
10854 16654
10854 9942
10854 13792
10854 8123
10854 15127
10854 4949
10854 6049
10854 17330
10854 13643
10854 15243
10854 4574
10854 5057
10854 1761
10854 15769
10854 11447
10854 16701
10854 6788
10854 8499
10854 11508
10854 70
10854 4345
10854 14041
10854 1577
10854 4085
10854 5627
10854 14813
10854 12011
10854 15953
10854 9905
10854 18416
10854 1888
10854 9582
10854 10797
10854 5425
10854 15755
10854 2306
10854 8993
10854 8551
10854 3124
10854 2188
10854 8208
10854 7425
10854 4826
10854 2955
10854 12965
10854 13389
10854 13613
10854 8322
10854 16260
10854 8164
10854 7917
10854 124
10854 13146
10854 6338
10854 10875
10854 6111
10854 14014
10854 11548
10854 3073
10854 12586
10854 8339
10854 15830
10854 18034
10854 4381
10854 17937
10854 18467
10854 17205
10854 7026
10854 3487
10854 12964
10854 14455
10854 1819
10854 15816
10854 107
10854 7969
10854 16555
10854 5081
10854 4142
10854 7775
10854 6720
10854 132
10854 9821
10855 17936
10855 3146
10855 6580
10855 5010
10855 4601
10855 3459
10856 9942
10856 10601
10856 14631
10858 6213
10860 2115
10860 10117
10860 1040
10860 2039
10860 7539
10860 13640
10860 6832
10860 7601
10860 1778
10860 12193
10860 12675
10860 6545
10860 11454
10860 1993
10860 8349
10860 13197
10860 8606
10860 329
10860 244
10860 1263
10861 11351
10861 3981
10861 17127
10861 12819
10862 7939
10863 2201
10867 17278
10869 5678
10869 9419
10869 16576
10869 14592
10869 9269
10869 9384
10871 861
10871 3176
10871 12351
10871 17149
10871 2187
10871 4738
10871 3275
10871 10110
10871 3648
10871 9465
10871 8710
10871 14729
10871 13689
10871 11499
10871 9511
10871 18300
10871 2902
10871 5244
10871 17521
10871 3731
10871 7127
10871 5010
10871 12865
10871 11687
10871 6297
10871 6580
10871 4601
10871 395
10871 13014
10871 11837
10871 10722
10871 5461
10871 4056
10871 15500
10871 4977
10871 17738
10871 6940
10871 7124
10871 14005
10871 18062
10871 2586
10871 1126
10871 13612
10871 12937
10871 7340
10875 4949
10878 9756
10878 13719
10879 2536
10879 11965
10879 12324
10880 15273
10881 8074
10881 9763
10883 5415
10883 17962
10889 7055
10890 14884
10892 5071
10892 14786
10892 17584
10892 17551
10892 18198
10892 5277
10892 16702
10892 6167
10892 3755
10892 6213
10892 17834
10893 4167
10893 6100
10893 17506
10893 5160
10893 11805
10893 13798
10893 16895
10893 12129
10893 8392
10893 6317
10895 17738
10895 5586
10899 9217
10899 465
10899 18272
10906 11548
10913 10078
10913 6294
10913 10546
10913 7714
10913 15880
10913 12977
10913 6443
10913 5461
10913 2945
10913 16348
10913 14440
10913 5153
10913 18073
10913 17149
10913 3731
10913 12665
10913 14885
10913 13077
10913 6356
10913 9209
10913 5667
10913 18198
10913 13211
10913 4939
10922 959
10922 15646
10931 1589
10932 17023
10933 10612
10938 1148
10938 1126
10941 6917
10941 15696
10941 16716
10941 10206
10941 9824
10941 5793
10941 12984
10941 18038
10942 7519
10942 446
10942 10938
10942 7994
10942 9511
10942 8876
10942 3621
10942 8527
10942 11423
10942 1126
10942 9310
10942 3306
10942 17504
10942 3120
10942 2916
10942 16326
10942 17149
10944 9942
10944 6788
10944 5400
10944 9417
10944 120
10944 18391
10944 11340
10944 3059
10944 18348
10944 11805
10944 17468
10944 15044
10944 15948
10944 16555
10944 2188
10944 5531
10949 2660
10953 588
10953 6314
10953 7424
10960 1272
10961 8332
10961 6940
10961 1710
10961 10188
10969 10876
10969 16931
10971 2706
10971 11833
10971 6049
10971 13195
10975 12053
10978 15377
10978 11805
10978 14807
10978 1181
10978 13016
10979 6974
10988 4984
10990 14659
10990 15588
10990 8191
10990 12150
10990 9942
10990 5338
10990 4817
10990 9419
10990 6709
10990 8843
10990 3059
10990 9811
10990 2997
10990 701
10990 928
10990 10331
10990 11805
10990 8965
10990 17330
10990 7141
10990 6964
10990 6884
10990 11865
10990 802
10990 4949
10990 5057
10990 14592
10990 18061
10990 3242
10990 5501
10990 776
10990 5911
10990 13157
10990 13775
10990 17226
10990 13379
10990 6791
10990 5678
10990 16123
10990 6140
10990 1658
10990 2306
10990 13022
10990 10382
10990 3341
10990 7621
10990 12871
10990 14680
10990 7827
10990 9158
10990 16555
10990 12828
10993 13006
10996 1894
10996 2945
10996 13011
10996 239
10996 17936
10996 12952
10996 15075
10996 3521
10998 14801
10998 15073
11008 16067
11010 13053
11016 14222
11016 6328
11016 12995
11016 3129
11016 12876
11016 16398
11016 4127
11016 4949
11016 18327
11018 18257
11027 12992
11027 3379
11027 4614
11029 10480
11034 472
11037 9828
11037 12011
11037 16150
11037 7564
11037 5245
11038 8054
11038 16683
11042 17521
11046 6024
11051 10361
11052 10384
11059 11833
11059 4949
11059 6140
11064 7939
11066 2618
11066 11045
11066 7866
11069 15903
11069 9198
11069 10888
11069 1126
11069 9826
11069 6940
11069 15315
11069 16216
11071 16872
11071 1763
11071 1353
11071 6358
11071 17446
11071 857
11071 13455
11071 5229
11071 979
11071 7720
11071 12762
11071 14812
11071 3130
11071 8718
11071 3337
11071 7406
11071 11268
11071 15887
11071 9868
11071 1971
11071 17275
11071 18250
11071 13340
11071 3745
11071 18182
11073 10078
11073 6208
11075 4860
11076 10141
11076 885
11076 7747
11076 7510
11076 17960
11076 5664
11076 13682
11076 1713
11076 14993
11076 14817
11076 13794
11076 17141
11076 12777
11076 3221
11076 94
11076 17888
11076 11837
11076 5010
11076 17963
11076 812
11076 8309
11076 18327
11076 9392
11077 4583
11088 8733
11088 11774
11090 4869
11090 17370
11090 4622
11090 8790
11090 716
11090 10184
11090 13794
11090 1070
11090 17141
11090 75
11090 11955
11090 16089
11090 13730
11090 10475
11090 11247
11090 12118
11092 9229
11092 18469
11094 11418
11105 3992
11105 6022
11105 17215
11105 14058
11105 6213
11105 10483
11105 18073
11105 1092
11105 7850
11105 13185
11105 15887
11105 12339
11105 7578
11105 4184
11105 14729
11105 8013
11105 5776
11105 16679
11105 5667
11105 17133
11105 3078
11105 10895
11105 13780
11105 5629
11106 6497
11107 1327
11107 10389
11107 1126
11107 7349
11107 10663
11107 14396
11107 6024
11107 1735
11107 5010
11107 9519
11107 17006
11107 12241
11107 14576
11107 121
11107 15264
11107 15714
11107 14565
11107 861
11107 17521
11110 17736
11111 3342
11111 18331
11111 14467
11111 13617
11111 226
11111 17392
11111 7994
11112 18451
11112 5425
11112 18027
11112 4949
11115 16895
11117 14025
11117 17032
11117 3009
11119 18447
11121 5829
11122 6558
11122 4396
11122 9826
11122 7036
11122 17936
11122 9511
11126 367
11128 16455
11129 701
11131 10104
11131 15646
11133 8164
11133 11312
11133 7166
11135 17947
11135 11837
11135 2153
11135 4939
11135 11827
11135 8095
11135 668
11135 14804
11135 5129
11135 17687
11135 17834
11136 5081
11137 1490
11139 17744
11139 10501
11140 7827
11140 6284
11141 6606
11141 1148
11141 17958
11143 18403
11143 15948
11146 13922
11146 13367
11146 4949
11146 13643
11148 10854
11148 3313
11148 430
11148 18055
11148 3059
11148 15173
11148 2851
11148 16555
11149 2060
11150 3073
11150 11833
11150 14664
11150 9419
11150 9893
11150 8540
11150 14424
11150 864
11150 2589
11150 16176
11150 5081
11150 13300
11150 6156
11150 8736
11150 8623
11150 1604
11150 9942
11150 2980
11150 6841
11150 13163
11150 17181
11150 17018
11150 11959
11150 13591
11150 16618
11150 12306
11150 16620
11150 14863
11150 1404
11150 7839
11150 4381
11150 5525
11150 17264
11150 7327
11150 2811
11150 5183
11150 15896
11150 4949
11150 6270
11150 14692
11150 4970
11150 1609
11150 12079
11150 3364
11150 14027
11150 9158
11150 11160
11150 18181
11150 13055
11150 13643
11150 6788
11150 6100
11150 10788
11150 8235
11150 16491
11150 1508
11150 3059
11150 10769
11150 6031
11150 11422
11150 3630
11150 1149
11150 17341
11150 17260
11150 6848
11150 331
11150 4672
11150 3562
11150 10612
11150 10827
11150 12230
11156 3117
11156 365
11156 6408
11156 10068
11156 12108
11156 6297
11156 1141
11156 13262
11156 10663
11156 14005
11156 3520
11156 17051
11156 17325
11156 13014
11156 15975
11156 12195
11156 13868
11156 4601
11156 13185
11156 6649
11156 17275
11156 2367
11156 11987
11156 5129
11156 4396
11156 16281
11156 18215
11156 446
11156 15264
11156 3165
11156 1070
11156 12201
11156 10078
11157 15399
11158 15513
11163 6140
11163 17425
11163 16375
11163 16268
11171 4085
11172 861
11172 6243
11175 2110
11175 13178
11175 13667
11175 7583
11175 9952
11180 17550
11180 7621
11180 15989
11180 9861
11180 12072
11181 16342
11184 8323
11184 6799
11184 5647
11184 18
11184 13682
11184 2154
11184 4583
11184 12948
11184 12381
11184 15246
11184 3731
11184 7144
11184 9868
11184 12710
11184 6022
11184 3117
11184 16348
11184 562
11184 6356
11184 11837
11184 10250
11184 10825
11184 9166
11184 8382
11184 4446
11184 18215
11184 1371
11184 13014
11184 16281
11184 7340
11184 7313
11184 12937
11184 9742
11184 14729
11184 12217
11184 14595
11184 5667
11184 12444
11184 946
11184 1627
11184 7995
11184 15966
11184 3307
11184 15270
11184 6573
11185 5793
11187 2568
11190 8517
11190 14664
11190 5515
11190 15876
11190 10854
11190 12630
11190 10944
11190 8159
11190 15080
11190 17390
11190 11833
11190 8990
11190 9985
11190 13178
11193 5425
11196 5851
11199 17361
11201 4408
11202 10020
11204 2506
11206 8891
11211 11833
11211 6821
11211 15867
11211 262
11211 14222
11211 15357
11211 14537
11211 13015
11211 17558
11211 12919
11211 2997
11211 8322
11211 16260
11211 7095
11211 3071
11211 4949
11211 5521
11211 8499
11211 3742
11211 5843
11211 1671
11211 15080
11211 4085
11211 12377
11211 5425
11211 16297
11211 6317
11211 1888
11211 331
11211 3364
11211 7449
11211 2137
11211 14444
11211 8271
11211 13643
11211 7141
11211 1011
11211 15460
11211 8799
11211 18416
11211 14813
11211 9419
11211 14360
11211 8691
11211 17173
11211 2496
11211 11805
11211 12331
11211 4345
11211 5023
11211 7456
11211 6788
11211 14415
11211 7233
11211 1696
11211 5160
11211 3692
11211 13516
11211 7827
11211 16576
11211 16014
11211 9942
11211 10769
11211 13933
11211 8611
11211 2916
11211 107
11211 9952
11211 9811
11211 12828
11211 16150
11211 13549
11211 18151
11211 5886
11211 17937
11211 4167
11211 15781
11211 867
11213 15073
11215 11342
11220 10331
11220 6173
11220 17602
11220 11548
11222 14491
11222 10330
11222 16656
11222 16680
11222 12633
11222 12895
11222 11951
11222 2347
11222 6587
11222 16698
11222 347
11223 6890
11224 13159
11224 2587
11224 16872
11224 4396
11224 10596
11224 4713
11224 6558
11224 4696
11224 446
11224 8952
11226 5423
11230 12268
11232 15438
11235 1263
11235 10078
11235 3176
11235 9038
11235 6594
11235 9281
11235 12249
11239 2086
11239 14110
11239 14595
11241 6022
11247 7578
11247 8116
11247 3117
11248 15397
11256 861
11262 3313
11262 18182
11262 5027
11262 3987
11263 4730
11264 8658
11264 3607
11264 9392
11267 14146
11268 8454
11270 5010
11275 11823
11279 6216
11280 4788
11280 1126
11280 1010
11280 12707
11280 15213
11280 6388
11280 10644
11283 4949
11286 12459
11290 3737
11291 8182
11292 514
11293 10389
11293 13406
11295 4736
11295 13470
11299 16123
11300 7431
11300 8190
11300 9811
11300 7827
11300 1733
11300 8141
11300 16555
11301 12777
11302 6049
11302 16428
11303 7233
11303 13347
11303 5684
11305 5525
11311 8267
11311 17679
11311 17814
11314 5776
11315 6461
11315 12206
11315 5813
11315 12141
11315 12864
11315 7111
11315 13044
11317 8613
11320 11606
11320 13473
11321 273
11322 5160
11322 8182
11322 17097
11322 4146
11322 10788
11322 11401
11322 6888
11322 11548
11322 13792
11322 8691
11322 5678
11322 4949
11322 15720
11322 9942
11322 8164
11322 11798
11322 10802
11322 4534
11322 265
11322 16114
11322 13300
11322 1254
11322 6624
11322 15552
11322 1653
11322 17184
11322 5829
11322 7261
11322 11346
11322 16576
11322 7839
11322 14825
11322 18243
11322 5338
11322 7233
11322 3242
11322 14692
11322 3728
11322 6788
11322 3486
11322 12331
11322 8799
11322 18376
11322 6104
11322 2589
11322 14984
11322 3364
11322 12687
11322 13532
11323 15916
11323 1053
11323 7621
11323 4744
11323 14376
11323 11805
11323 8327
11323 10854
11323 701
11323 1404
11323 18416
11323 2563
11323 146
11323 4115
11323 8037
11323 11804
11323 13040
11323 5425
11326 10959
11326 7829
11326 12479
11326 13663
11326 15966
11326 3520
11326 7650
11326 3731
11326 18062
11326 10663
11326 10184
11326 13340
11326 13512
11327 9523
11327 18256
11330 11716
11330 17141
11330 4390
11330 9756
11330 6375
11330 16444
11330 4056
11330 5618
11330 11643
11330 15971
11330 12710
11330 6890
11330 4622
11330 1490
11330 3058
11330 14597
11330 5244
11330 12994
11330 6493
11330 1602
11330 8761
11330 8438
11330 6196
11330 17277
11330 8912
11330 10747
11330 16172
11330 16531
11330 6024
11330 4343
11330 13746
11330 14473
11330 6406
11330 11004
11330 5461
11330 14217
11330 6482
11330 2088
11330 13338
11330 7754
11330 9004
11330 4665
11330 9179
11330 16965
11330 9085
11330 16115
11330 9198
11330 3235
11330 13847
11330 8755
11330 14351
11330 8690
11330 3217
11330 18334
11330 5998
11330 3521
11330 15966
11330 12005
11330 3557
11330 17603
11330 8727
11330 17687
11330 8419
11330 1631
11330 13501
11330 9968
11330 17983
11330 1911
11330 8718
11330 10962
11330 18096
11330 3120
11330 3887
11330 6529
11330 14690
11330 8150
11330 467
11330 13390
11332 17584
11332 3337
11332 6177
11332 4620
11332 3165
11332 2813
11332 5631
11338 7055
11338 15713
11338 11465
11338 6297
11341 17713
11341 5829
11341 12306
11342 16578
11342 4040
11342 3165
11342 8719
11342 17701
11342 10663
11342 12220
11342 398
11342 9085
11342 27
11342 15743
11342 12579
11342 9826
11342 17521
11342 10483
11342 6534
11342 240
11342 4778
11342 12732
11342 17537
11342 14264
11342 4601
11342 2348
11342 9442
11342 18109
11342 6865
11342 3176
11342 13044
11342 11517
11342 15911
11342 9865
11342 13052
11342 2506
11342 7456
11342 953
11342 13847
11342 2102
11342 8096
11342 7747
11342 8060
11342 8478
11342 16861
11342 234
11342 14597
11342 5851
11342 17141
11342 10927
11342 11215
11342 2902
11342 2154
11342 15992
11342 926
11342 10085
11342 2508
11342 1121
11342 16764
11342 11955
11342 2358
11342 4211
11342 17021
11342 4972
11345 17889
11345 9860
11346 15377
11346 17184
11346 11833
11346 11631
11346 9955
11346 2012
11346 487
11346 10625
11346 13486
11346 7806
11350 465
11350 4949
11350 7047
11350 11805
11350 9153
11350 7524
11350 6338
11350 53
11350 9942
11350 11443
11350 8208
11350 5832
11350 11798
11350 8258
11354 15966
11354 6383
11354 15967
11354 1490
11354 15333
11354 15389
11356 14769
11356 1171
11359 16067
11360 6792
11360 5828
11360 16814
11360 8374
11360 12622
11360 8060
11360 395
11360 9848
11360 2668
11360 6356
11360 17021
11368 9824
11373 12657
11375 2932
11375 172
11376 9633
11384 16070
11384 6213
11384 7058
11384 12948
11384 3903
11384 11200
11388 6364
11391 9017
11391 7005
11391 40
11391 15966
11394 12011
11397 12977
11403 8556
11403 861
11403 4601
11403 13989
11403 15576
11403 17268
11403 11837
11403 14556
11403 11674
11403 3520
11406 3194
11406 4880
11406 7055
11409 5276
11418 6968
11418 11127
11425 15047
11426 7621
11426 14028
11426 1676
11426 4949
11426 2980
11427 8359
11427 11394
11427 4949
11427 13473
11427 11600
11427 6049
11427 7542
11427 8799
11427 13796
11428 17141
11431 18143
11431 3574
11433 7150
11438 18111
11438 16463
11438 4949
11438 10561
11440 6479
11440 15465
11440 3191
11440 8524
11441 1657
11441 2154
11441 1981
11447 8102
11448 2258
11448 8758
11453 10778
11453 17730
11455 16669
11455 9101
11456 5860
11458 4248
11458 4584
11460 6597
11460 1053
11460 8429
11460 13643
11460 16975
11461 8322
11463 4148
11463 7621
11463 3528
11464 9511
11465 13880
11465 13887
11467 9437
11467 7975
11467 2174
11467 9311
11467 16267
11467 4598
11467 5855
11470 11797
11471 17520
11473 13512
11473 7436
11478 4869
11478 3342
11478 3673
11478 6422
11478 8709
11478 15107
11478 15214
11480 13486
11482 16862
11482 4672
11482 14537
11482 1212
11483 6240
11487 12553
11487 8556
11488 13814
11488 10862
11488 15749
11488 5153
11488 5416
11488 367
11488 13782
11488 10981
11488 14846
11488 13340
11488 17149
11490 492
11495 16823
11497 17747
11498 6022
11498 7720
11499 4690
11499 16251
11499 15778
11499 5215
11499 18448
11499 5776
11499 3836
11499 9427
11499 5461
11499 3648
11499 7124
11499 9548
11499 10942
11499 14485
11499 668
11499 14145
11499 8447
11499 12948
11499 9868
11499 15150
11499 4601
11499 9523
11499 12339
11499 6024
11499 16292
11499 12514
11500 7519
11500 877
11500 18281
11500 8796
11500 16387
11500 14338
11500 12051
11500 14556
11500 7005
11500 17141
11500 10670
11500 17960
11500 12344
11500 217
11500 15880
11500 5461
11500 1631
11504 4644
11504 1694
11504 12948
11508 831
11508 218
11508 2295
11508 10854
11508 11833
11526 8907
11530 16931
11532 7958
11532 10078
11532 6616
11532 1735
11532 18334
11534 16433
11539 12106
11539 17184
11539 947
11539 10898
11539 5063
11539 16821
11539 5425
11541 2190
11543 12339
11544 16123
11547 13814
11548 11312
11548 11833
11551 9179
11551 1367
11551 15106
11551 1126
11551 5046
11551 14428
11551 6887
11551 16163
11551 15085
11551 8710
11551 16345
11551 17936
11551 11226
11551 7747
11551 13340
11551 4601
11551 1533
11551 4090
11551 5057
11551 2921
11551 8382
11551 6247
11551 12339
11551 784
11551 766
11551 17043
11551 11073
11551 1393
11551 16056
11551 6477
11551 9198
11554 4601
11554 9281
11554 12622
11554 6920
11554 16890
11554 14340
11554 3648
11554 7770
11554 3734
11554 10722
11554 14786
11554 9750
11554 1490
11554 7074
11554 5239
11554 14467
11554 11153
11554 8556
11554 13847
11554 11020
11554 10078
11554 13014
11554 17936
11554 16805
11554 12479
11554 1371
11554 4661
11558 247
11560 4709
11560 12667
11561 13053
11561 15828
11561 1380
11561 8548
11561 10030
11561 12797
11563 6140
11565 18104
11565 3300
11565 16804
11565 6184
11565 6761
11565 1985
11565 6172
11566 17506
11566 18179
11566 6158
11566 17043
11567 4939
11567 5010
11567 6208
11567 7994
11567 2210
11568 4041
11568 15278
11568 1599
11568 11871
11568 11005
11568 7731
11568 3331
11568 11805
11568 4841
11568 17904
11568 12965
11568 13824
11568 10612
11568 12394
11568 1928
11568 1062
11568 8193
11568 5531
11568 10126
11568 8090
11569 11804
11572 14993
11575 3589
11575 9231
11575 2287
11575 18218
11580 16262
11580 4784
11581 5389
11581 9893
11581 8804
11589 10422
11589 279
11593 1156
11593 2188
11593 9450
11593 1263
11593 8164
11593 9884
11593 5161
11593 13040
11593 638
11594 2362
11594 4836
11594 13273
11594 12536
11594 11548
11594 2378
11594 9771
11594 4949
11594 12377
11594 2448
11594 4698
11594 969
11594 12586
11594 782
11594 14255
11594 16837
11594 16143
11594 8322
11594 709
11594 13899
11594 4792
11594 3736
11594 10301
11594 11642
11594 9419
11594 11252
11594 10643
11594 16856
11594 5566
11594 2417
11594 14762
11594 13242
11594 16497
11594 14963
11594 4943
11594 10421
11594 2188
11594 6106
11594 16425
11594 3242
11594 8391
11594 15129
11594 4243
11594 17875
11594 4493
11594 16841
11594 15000
11594 8255
11594 6360
11594 17947
11594 11734
11594 5159
11594 13367
11594 10612
11594 5829
11594 11469
11594 10305
11594 13769
11594 8668
11594 14331
11594 7497
11594 16159
11594 7259
11594 13839
11594 11833
11594 2036
11594 95
11594 10249
11594 5214
11594 2106
11594 2983
11594 4950
11594 16047
11594 8076
11594 11805
11594 7071
11594 18202
11594 1093
11594 9952
11594 11477
11594 6747
11594 2081
11594 1892
11594 9942
11594 3302
11594 8676
11594 7327
11594 14952
11594 1725
11594 361
11594 13960
11594 3261
11594 17281
11594 15290
11594 16802
11594 7489
11594 265
11594 15337
11594 12706
11594 9850
11594 14611
11594 15159
11594 7329
11594 891
11594 16262
11594 2280
11594 1853
11594 5343
11594 18391
11594 15344
11594 369
11594 15422
11594 15175
11597 8335
11597 4040
11597 7801
11597 8955
11597 8556
11597 14662
11597 1250
11597 12461
11597 4652
11597 1178
11597 9179
11597 13011
11601 15610
11601 9310
11601 4601
11601 4620
11601 12948
11602 9025
11603 2854
11605 3158
11605 7289
11608 13300
11608 15184
11626 14196
11630 7939
11630 7708
11630 1706
11630 15992
11631 4642
11633 8346
11633 10953
11633 17862
11633 11725
11635 14263
11637 4562
11638 15633
11638 4117
11638 16281
11638 17187
11641 17114
11644 6140
11649 2916
11656 6494
11656 16555
11656 439
11656 7909
11656 15055
11656 16207
11656 2568
11656 9304
11656 5732
11656 478
11656 17910
11656 701
11656 10833
11656 11418
11656 11865
11656 331
11656 17506
11656 5425
11656 14680
11656 15102
11656 1492
11656 14407
11656 1394
11656 10998
11656 726
11656 13775
11656 8691
11656 18451
11656 15468
11656 8962
11656 7391
11656 17390
11656 1219
11657 6046
11657 7273
11657 11878
11657 14976
11657 8783
11657 5515
11657 2742
11657 4281
11657 10463
11657 15034
11657 3276
11657 7869
11657 3038
11658 5046
11658 14556
11658 6687
11658 1126
11658 6649
11658 8804
11658 7213
11660 9659
11661 10014
11666 10554
11666 11590
11669 4949
11670 16060
11670 8819
11670 17141
11670 864
11670 1888
11670 12578
11670 8685
11670 5081
11670 2052
11670 14547
11670 5700
11670 7559
11670 15326
11670 12331
11670 4085
11670 9419
11670 15779
11670 15046
11670 1263
11670 13668
11670 8443
11670 1887
11670 5501
11670 16828
11670 16014
11670 982
11670 179
11670 15552
11670 13643
11670 12011
11670 8235
11670 4556
11670 14041
11670 6280
11670 6047
11670 2461
11670 11865
11670 18046
11670 3341
11670 11258
11670 5139
11670 305
11670 16393
11670 9385
11670 7519
11670 9778
11670 17390
11670 9869
11670 11805
11670 4345
11670 13163
11670 10854
11670 1011
11670 10898
11670 7536
11670 2368
11670 10643
11670 4146
11673 8556
11673 1070
11674 3422
11674 277
11674 5692
11674 7472
11674 1371
11674 3165
11674 10322
11674 4644
11674 8710
11674 12930
11674 17445
11674 10184
11674 16233
11674 18198
11674 6182
11674 13432
11674 1146
11674 4390
11674 9234
11674 13031
11674 9038
11674 17673
11674 4544
11674 17141
11674 3815
11674 15743
11674 11170
11674 10706
11674 15630
11674 6887
11674 4690
11674 17343
11674 13256
11674 16578
11674 16539
11674 4865
11674 6801
11674 9568
11674 13794
11674 13664
11674 11097
11674 11678
11674 10670
11674 14396
11674 3148
11674 9383
11674 18300
11674 10402
11674 12565
11674 2187
11674 17395
11674 17960
11674 3903
11674 8337
11674 4601
11674 755
11674 13566
11674 9826
11674 8556
11674 2448
11674 16387
11674 5010
11674 8013
11674 16938
11674 16348
11674 13340
11674 8530
11674 14671
11674 3603
11674 9017
11674 784
11674 1787
11674 14137
11674 15966
11674 1788
11674 239
11674 10086
11674 18062
11674 885
11674 16609
11674 8018
11674 15333
11674 17099
11674 6580
11674 14118
11674 7680
11674 6022
11674 12220
11674 17353
11674 6799
11674 1092
11674 1885
11674 912
11674 4583
11674 13445
11674 9474
11674 6024
11674 15756
11674 10114
11674 9868
11674 1084
11674 3458
11674 16366
11674 17625
11674 1631
11674 6325
11674 6920
11674 9310
11674 18087
11674 4682
11674 11837
11674 9392
11674 3553
11675 9826
11675 13989
11675 14915
11675 15246
11675 14419
11675 13014
11675 16578
11675 5717
11675 12314
11675 1070
11675 5046
11683 18190
11687 12108
11687 18300
11687 7626
11687 9132
11687 17149
11687 1145
11687 15978
11687 17775
11687 3862
11687 13814
11687 11955
11687 668
11687 15345
11687 9038
11687 7513
11687 10670
11687 17521
11687 14358
11687 14885
11687 5240
11687 3982
11687 9310
11687 5699
11687 15642
11687 6204
11687 5461
11687 502
11687 514
11687 13467
11687 7747
11687 4056
11687 17141
11687 3564
11687 2153
11687 877
11687 9990
11687 14145
11687 5410
11687 4806
11687 17206
11687 16281
11687 6580
11687 1520
11687 6957
11687 7720
11687 121
11687 5348
11687 10483
11688 2440
11690 1289
11693 18373
11704 5873
11705 6049
11707 17361
11713 7958
11713 15892
11729 281
11729 16257
11729 4755
11729 13320
11729 3056
11729 1146
11729 8588
11729 17521
11729 14419
11729 17764
11729 10340
11729 14553
11729 912
11729 2506
11729 16348
11729 17963
11729 234
11729 16493
11729 8556
11729 4690
11729 12249
11729 13234
11729 13014
11729 12566
11729 14388
11730 7556
11730 15080
11731 13569
11741 9952
11741 15431
11747 5450
11750 123
11750 12184
11750 7825
11750 6360
11755 3677
11755 446
11755 1465
11755 5329
11755 2587
11755 16861
11755 14561
11755 277
11755 13244
11755 2837
11755 3731
11755 7635
11755 5010
11755 4620
11755 7519
11755 17134
11755 12515
11755 15783
11755 12602
11755 11224
11758 12162
11758 17521
11760 4544
11760 1141
11760 3731
11760 15713
11760 15366
11772 15449
11772 3728
11772 2
11772 13300
11772 3059
11772 12261
11772 8957
11772 12452
11772 1888
11772 8075
11774 17149
11774 7518
11774 3731
11776 8526
11776 13427
11776 2550
11776 1385
11776 15063
11776 3976
11776 5300
11776 16647
11776 11466
11776 13775
11776 9124
11776 9664
11776 1914
11776 16763
11776 1007
11776 136
11776 16828
11776 16618
11776 6676
11776 11336
11776 16860
11776 14975
11776 6047
11776 5425
11776 9837
11776 915
11776 17960
11776 16221
11776 8882
11776 14537
11776 2485
11776 1042
11776 11408
11776 15896
11776 14480
11776 16014
11776 9419
11776 7620
11776 9228
11776 4894
11776 5357
11776 7388
11776 2563
11776 9626
11776 13561
11776 1268
11776 8071
11776 8190
11776 6583
11776 15867
11776 1011
11776 1458
11776 16576
11776 556
11776 11109
11776 2084
11776 4314
11776 4081
11776 5723
11776 12182
11776 8322
11776 1744
11776 10529
11776 4884
11776 4464
11776 12063
11776 7891
11776 11366
11776 8034
11776 2815
11776 5630
11776 4818
11776 14528
11776 16555
11776 5123
11776 13178
11776 13866
11776 3353
11776 4643
11776 14222
11776 6052
11776 17395
11776 5081
11776 11548
11776 7756
11776 8799
11776 1437
11776 5400
11776 15156
11776 8691
11776 8881
11776 4488
11776 991
11776 11346
11776 9745
11776 10178
11776 10171
11776 8978
11776 5868
11776 8732
11776 17205
11776 8819
11776 2770
11776 4949
11776 5754
11776 2579
11776 9942
11776 14019
11776 6578
11776 105
11776 11805
11776 16646
11776 10670
11776 11865
11776 11686
11776 16393
11776 12973
11776 12706
11776 3743
11776 247
11776 2916
11776 7814
11776 9726
11776 8633
11776 13591
11776 7658
11776 17097
11776 11477
11776 3987
11776 8037
11776 5255
11776 7327
11776 6786
11776 15769
11776 325
11776 18387
11776 5525
11776 262
11776 9282
11776 4778
11776 12433
11776 14715
11776 3538
11776 18306
11776 11287
11776 15096
11776 11025
11776 14358
11776 12605
11776 18355
11776 1696
11776 12374
11776 3182
11776 15429
11776 9936
11776 14211
11776 8327
11776 11606
11776 3348
11776 16624
11776 17937
11776 10612
11776 6719
11776 4029
11776 6240
11776 10540
11776 17482
11776 13514
11776 7137
11776 8
11776 2280
11776 12331
11776 15506
11776 5334
11776 8976
11776 11585
11782 12339
11782 13342
11787 1819
11788 14553
11790 3762
11795 1554
11797 5072
11798 7233
11798 16123
11798 16014
11798 18391
11802 277
11803 7030
11803 17521
11803 8406
11804 1272
11804 16393
11804 18416
11804 4949
11804 9953
11804 4744
11804 12033
11804 16701
11804 7633
11804 5501
11804 7239
11804 14110
11804 17506
11804 3987
11804 17184
11804 9952
11804 7621
11804 1263
11804 16160
11804 3872
11804 5072
11804 8882
11804 2980
11804 8106
11804 7471
11804 3886
11804 14537
11804 11805
11804 3728
11804 16576
11804 12586
11804 7839
11804 4068
11804 9419
11804 12973
11804 15204
11804 17310
11804 17468
11804 13798
11804 6270
11804 938
11804 9158
11804 3630
11804 8799
11804 8525
11804 15078
11804 7499
11804 10545
11804 823
11804 15306
11804 12331
11804 17092
11804 1011
11804 5066
11804 18034
11804 16252
11804 11833
11804 4672
11804 16555
11804 11798
11804 2997
11804 959
11804 5425
11804 11600
11804 2190
11804 355
11804 4818
11804 5055
11804 11418
11804 6676
11804 9942
11804 6533
11804 357
11804 16055
11804 13643
11804 1032
11804 9811
11804 6049
11804 15755
11804 10064
11804 11924
11804 5550
11804 13242
11804 2052
11804 331
11804 14807
11804 508
11804 15696
11804 13775
11804 6333
11804 5155
11804 9120
11804 13300
11804 4924
11804 701
11804 11548
11804 16923
11804 11312
11804 4146
11804 1129
11804 5525
11804 5400
11804 126
11804 15470
11804 9598
11804 9893
11804 17361
11804 1058
11805 15433
11805 13643
11805 15896
11805 15080
11805 17260
11805 10944
11805 3341
11805 17506
11805 7827
11805 8819
11805 9417
11805 6888
11805 14855
11805 13006
11805 9942
11805 12687
11805 15059
11805 18348
11805 17278
11805 10612
11805 1888
11805 12973
11805 465
11805 2188
11805 5114
11805 17593
11805 12011
11805 15948
11805 14863
11805 2362
11805 7431
11805 9952
11805 8691
11805 10443
11805 18416
11805 8322
11805 11346
11805 8471
11805 124
11805 2814
11805 5525
11805 10601
11805 3489
11805 17555
11805 12586
11805 7425
11805 701
11805 12927
11805 6049
11805 9905
11805 12972
11805 7583
11805 17682
11805 11741
11805 14858
11805 10076
11805 9933
11805 8526
11805 9419
11805 12044
11805 9664
11805 8579
11805 4578
11805 2524
11805 3313
11805 3364
11805 3059
11805 17043
11805 12295
11805 8217
11805 790
11805 7142
11805 17339
11805 13775
11805 18111
11805 11833
11805 6554
11805 15855
11805 5531
11805 3736
11805 6111
11805 6165
11805 10797
11805 3686
11805 14712
11805 4838
11805 3346
11805 12374
11805 10854
11805 1011
11805 18179
11805 13040
11805 8123
11805 8208
11805 12495
11805 8799
11805 2589
11805 1451
11805 16393
11805 14807
11805 3051
11805 5213
11805 867
11805 11418
11805 18391
11805 6848
11805 1458
11805 7327
11805 17184
11805 12331
11805 4154
11805 4345
11805 1915
11805 13367
11805 17489
11805 11865
11805 5214
11805 11787
11805 5501
11805 10835
11805 16496
11805 2496
11805 16262
11805 4170
11805 7839
11805 1459
11805 4709
11805 8190
11805 6513
11805 15781
11805 15696
11805 5139
11805 12624
11805 16160
11805 9220
11805 262
11805 12951
11805 10545
11805 7990
11805 1053
11805 12290
11805 12526
11805 11447
11805 2568
11805 9238
11805 17468
11805 450
11808 10612
11808 16496
11808 6049
11808 2461
11808 10854
11808 3059
11808 11747
11808 17278
11808 5260
11808 6075
11808 6848
11808 16393
11808 1869
11808 16243
11808 16745
11808 1123
11808 17335
11808 9419
11808 8
11808 14692
11808 262
11808 8691
11808 6140
11808 4345
11808 8799
11808 4146
11811 18270
11813 8195
11824 13340
11827 13794
11827 3117
11827 14137
11827 9873
11827 15333
11827 4056
11827 6482
11827 8435
11827 11955
11827 18215
11827 4644
11827 5010
11827 15549
11827 15966
11827 18198
11827 4620
11827 2614
11827 2506
11827 9629
11827 5717
11827 9868
11827 14993
11827 10623
11827 12566
11827 10936
11827 8439
11827 13288
11827 14341
11827 8747
11827 6159
11827 17380
11827 27
11827 1764
11827 3731
11827 7165
11827 9279
11827 4396
11827 2449
11827 8556
11827 7891
11827 7124
11827 15585
11827 8774
11827 15869
11827 12108
11827 10670
11827 1070
11827 2941
11827 6325
11827 15315
11827 222
11827 3815
11827 9198
11827 14723
11827 15500
11827 5756
11827 2468
11827 130
11827 9209
11827 16678
11827 4403
11827 4601
11827 1535
11827 7287
11827 12201
11827 18372
11827 17627
11827 5776
11827 8447
11827 1141
11827 14164
11827 13553
11827 11156
11827 277
11827 18344
11827 7635
11827 16847
11827 1605
11827 7129
11827 16929
11827 15631
11827 16029
11827 3281
11827 1763
11827 12660
11827 12051
11827 10057
11827 13014
11827 12671
11827 4172
11827 2701
11827 17114
11827 7686
11827 6694
11827 1092
11827 11885
11827 2533
11827 9826
11827 15848
11827 3422
11827 3176
11827 15584
11827 4296
11827 16911
11827 7998
11827 13603
11827 2903
11827 14817
11827 6419
11829 13014
11829 11097
11829 16699
11831 7216
11831 9807
11831 10776
11833 4949
11833 9811
11833 183
11836 2468
11836 9523
11836 5239
11837 9017
11852 18114
11852 701
11852 11138
11853 11805
11853 2560
11853 15681
11853 6451
11853 8465
11853 5337
11864 7271
11864 11170
11866 772
11874 128
11875 4573
11877 5669
11877 8719
11877 7550
11877 10405
11877 9511
11877 9995
11879 3982
11884 13540
11884 16348
11887 18199
11887 7316
11894 1419
11894 1126
11894 7578
11894 1694
11894 2733
11899 12703
11900 11312
11903 5461
11903 3136
11903 10942
11903 8005
11903 3126
11903 5015
11903 9511
11903 2883
11904 5366
11904 18391
11904 13591
11904 11833
11904 17184
11904 10222
11904 10875
11904 338
11904 8327
11904 2108
11904 5641
11904 16778
11904 7702
11904 11548
11904 3059
11904 10180
11904 16898
11904 9306
11904 11355
11904 8681
11904 4567
11904 13643
11904 10302
11904 492
11904 10984
11904 6049
11904 6360
11904 15449
11907 2909
11907 13643
11907 5139
11907 14407
11907 11346
11907 18293
11907 13157
11907 15080
11907 8609
11907 6095
11907 16555
11907 2002
11907 5385
11907 4949
11907 7449
11907 10790
11907 2714
11907 9158
11907 6562
11907 7431
11909 15439
11910 3176
11910 17772
11910 11271
11920 18100
11922 3666
11924 2188
11924 11182
11924 5683
11924 9598
11924 9845
11932 2874
11933 4337
11937 10098
11941 771
11942 7178
11943 12438
11943 1443
11946 1126
11949 12162
11953 16195
11954 14692
11956 10001
11956 6788
11958 13651
11958 18416
11970 13643
11970 18391
11970 12261
11970 8104
11970 16123
11970 422
11970 2188
11970 17339
11970 8530
11970 9452
11970 6947
11970 12586
11970 178
11970 11805
11970 628
11970 17637
11970 6049
11971 4469
11976 15024
11976 9198
11976 13340
11976 13662
11976 13170
11976 7271
11976 4105
11976 18244
11976 13720
11976 9161
11976 17206
11976 6890
11976 8435
11979 6213
11981 6300
11981 7970
11983 17380
11983 6024
11983 1145
11983 17006
11985 14807
11985 13775
11985 1053
11985 15324
11985 10790
11985 4705
11985 14415
11985 12377
11985 9811
11985 14028
11987 13868
11990 17514
11990 17807
11990 6788
11990 10560
11992 16828
11992 4319
11993 8691
11993 16260
11993 6841
11993 15719
11993 4510
11993 355
11993 36
11993 2882
11993 13138
11993 11805
11993 7514
11993 13459
11993 11741
11993 10396
11993 7431
11993 1042
11993 2589
11993 4205
11993 9952
11993 4138
11993 18286
11994 15713
11994 6186
11994 15800
11995 3520
11996 11404
12000 3197
12019 15039
12025 8796
12028 11814
12028 8208
12028 9789
12030 17468
12030 16923
12031 6425
12032 9966
12032 15389
12032 14369
12032 8530
12032 11837
12032 5498
12032 1631
12032 13794
12032 6325
12032 7729
12032 12566
12032 18347
12032 7291
12032 67
12032 1224
12032 8790
12032 7895
12032 10663
12032 1962
12032 6651
12032 7720
12032 10862
12032 2034
12032 6294
12032 7839
12032 8627
12032 13482
12032 12461
12032 4172
12032 10405
12032 10209
12032 1393
12032 13782
12032 12937
12032 12858
12032 12172
12032 5920
12032 12865
12032 6801
12032 4471
12032 14729
12032 7998
12032 17537
12032 6224
12032 15966
12032 15975
12032 18410
12032 13730
12032 17834
12032 5228
12032 5461
12032 3734
12032 3804
12032 2613
12032 13728
12032 1857
12032 13044
12032 3521
12032 9049
12032 17149
12032 14411
12032 18192
12032 9198
12032 18300
12032 12729
12032 14358
12033 3596
12033 6287
12033 10335
12033 7917
12033 4085
12033 15130
12033 9344
12033 16197
12033 14449
12033 16207
12033 18451
12033 3223
12033 15696
12033 3059
12033 11312
12033 14038
12033 11833
12033 9417
12033 11418
12033 10545
12033 18014
12033 16828
12033 18391
12033 664
12033 8268
12033 16317
12033 8190
12033 518
12033 12374
12033 4286
12033 7262
12033 10944
12033 794
12033 7367
12033 4949
12033 8882
12033 3015
12033 3051
12033 149
12033 6788
12033 1406
12033 5791
12033 15173
12033 3874
12033 17184
12033 3895
12033 5081
12033 12011
12033 3341
12033 12043
12033 1219
12033 1732
12033 5214
12033 18182
12033 12068
12033 8327
12033 8896
12033 7440
12033 10151
12033 6278
12033 5188
12033 12837
12033 9811
12033 10037
12033 1125
12033 5176
12033 8865
12033 2098
12033 262
12033 1888
12033 10898
12033 15769
12033 17139
12033 737
12033 7827
12033 17509
12033 17506
12033 16987
12033 12489
12033 12058
12033 8600
12033 16716
12033 14941
12033 10721
12033 336
12033 12556
12033 10640
12033 3364
12033 3361
12033 12377
12033 5831
12033 18167
12033 12687
12033 3313
12033 6639
12033 5700
12033 4167
12033 16515
12033 4950
12033 9952
12033 17107
12033 1862
12033 18239
12033 2280
12033 5954
12033 17937
12033 10305
12033 15867
12033 11851
12033 5500
12033 14415
12033 13729
12033 16131
12033 10912
12033 4856
12033 11422
12033 9991
12033 7516
12033 3969
12033 1819
12033 13486
12033 5425
12033 3741
12033 14984
12033 16160
12033 16510
12033 12845
12033 4987
12033 2681
12033 6317
12033 15781
12033 6341
12033 14547
12033 5260
12033 13542
12033 16777
12033 15635
12033 12911
12033 16125
12033 9893
12033 16032
12033 5944
12033 5624
12033 8119
12033 1134
12033 15969
12033 5531
12033 3630
12033 12380
12033 271
12033 4143
12033 9282
12033 8645
12033 7425
12033 9587
12033 15133
12033 16662
12033 6888
12033 5796
12033 8266
12033 3713
12033 6443
12033 8649
12033 2405
12033 17060
12033 10854
12033 7582
12033 17291
12033 3370
12033 16290
12033 12919
12033 1254
12033 3936
12033 11806
12033 595
12033 802
12033 7382
12033 12265
12033 1871
12033 9104
12033 16153
12033 4399
12033 12605
12033 18441
12033 1936
12033 2465
12033 337
12033 16530
12033 9923
12033 5911
12033 2399
12033 658
12033 638
12033 13415
12033 7261
12033 7990
12033 12621
12033 2585
12033 15416
12033 4418
12033 15779
12033 11651
12033 12331
12033 1470
12033 4893
12033 507
12033 3900
12033 12254
12033 14537
12033 9298
12033 15182
12033 6338
12033 8054
12033 8346
12033 3242
12033 18070
12033 17390
12033 13163
12033 17170
12033 10599
12033 15738
12033 11548
12033 6875
12033 4766
12033 16618
12033 10595
12033 2862
12033 11805
12033 7839
12033 10353
12033 16463
12033 13999
12033 15829
12033 5068
12033 15094
12033 5400
12033 18100
12033 16260
12033 13643
12033 242
12033 15896
12033 11958
12033 1683
12033 6087
12033 12913
12033 18179
12033 11691
12033 5306
12033 4847
12033 11303
12033 15243
12033 9898
12033 18156
12033 17796
12033 13308
12033 2271
12033 265
12033 2188
12033 8754
12033 5832
12033 5787
12033 11408
12033 8799
12033 1760
12033 2821
12033 10990
12033 14934
12033 10328
12033 10092
12033 357
12033 5940
12033 18161
12033 3009
12033 9153
12033 5594
12033 6949
12033 16488
12033 331
12033 2871
12033 2511
12033 14854
12033 5490
12033 10074
12033 2052
12033 5852
12033 3449
12033 17365
12033 5155
12033 15948
12033 15080
12033 16685
12033 155
12033 11741
12033 6401
12033 16426
12033 4900
12033 4941
12033 12554
12033 13213
12033 9770
12033 11865
12033 15039
12033 13035
12033 7063
12033 1154
12033 12466
12033 11773
12033 14893
12033 5709
12033 15078
12033 1839
12033 1220
12033 13300
12033 4311
12033 13006
12033 10805
12033 1717
12033 9942
12033 6777
12033 6159
12033 17612
12033 13759
12033 7166
12033 9255
12033 2362
12033 3847
12033 7388
12033 16821
12033 6368
12033 11542
12033 11243
12033 12526
12033 5750
12033 17572
12033 12328
12033 18026
12033 10295
12033 6221
12033 2126
12033 16735
12033 12586
12033 6371
12033 1392
12033 4617
12033 18151
12033 6455
12033 6270
12033 1915
12033 2234
12033 13494
12033 9665
12033 7233
12033 14478
12033 4597
12033 1994
12033 15443
12033 14239
12033 1404
12033 8490
12033 4935
12033 361
12033 4978
12033 9747
12033 1368
12033 4073
12033 8156
12033 1420
12033 7061
12033 17788
12033 8322
12033 17818
12033 4582
12033 16576
12033 9593
12033 8023
12033 12028
12033 9419
12033 16147
12033 9371
12033 10797
12033 2773
12033 7094
12033 227
12033 701
12033 16014
12033 17270
12041 1986
12041 12875
12041 18151
12043 17937
12043 7990
12043 5832
12043 16160
12044 790
12044 701
12044 7562
12044 6043
12044 7969
12044 2461
12044 10914
12044 12624
12044 3378
12044 7456
12045 7939
12045 9848
12049 7839
12053 6414
12053 7958
12053 13814
12053 16415
12053 1425
12066 7839
12066 2713
12066 12963
12072 11363
12072 1062
12073 2055
12077 17649
12081 1106
12082 1763
12082 3176
12082 17673
12082 7578
12082 18306
12082 17485
12082 12172
12082 2069
12082 4690
12082 4747
12082 15239
12082 4939
12082 6213
12082 17141
12082 9038
12082 4056
12082 12937
12082 7519
12084 5425
12084 14731
12084 3073
12084 265
12084 1888
12084 2188
12087 13468
12087 3731
12087 239
12090 15339
12092 5589
12093 6427
12094 5927
12094 15749
12094 12937
12094 5825
12094 7005
12094 4197
12094 18300
12094 14556
12094 7635
12094 3815
12094 9198
12094 3176
12094 16391
12094 743
12094 10337
12094 18281
12094 1885
12094 4481
12094 15714
12094 12514
12094 10638
12094 11827
12094 9152
12094 15335
12094 5046
12094 2301
12094 16099
12094 12660
12094 4974
12094 11057
12094 67
12094 17114
12094 6208
12094 16563
12094 10184
12094 11339
12094 8013
12094 2813
12094 17353
12094 5010
12094 4056
12094 12053
12094 2312
12094 17627
12094 18318
12094 14358
12094 1363
12094 8029
12094 2905
12094 12267
12094 12277
12094 6294
12094 17206
12094 5797
12094 11802
12094 10663
12094 16281
12094 9649
12095 8464
12095 3552
12095 14529
12095 1080
12095 8016
12098 13470
12101 15036
12105 17954
12105 10068
12105 17687
12105 16374
12105 1885
12105 9198
12105 6905
12105 15559
12105 11674
12105 6775
12105 12659
12105 14750
12105 4406
12105 6406
12105 398
12105 15264
12105 4769
12105 5046
12105 4481
12105 7460
12105 12274
12105 17236
12105 16578
12105 6024
12105 15333
12105 309
12105 17521
12105 3120
12105 2831
12105 10826
12105 13445
12105 4544
12105 14856
12105 3176
12105 9843
12105 13868
12105 13887
12105 13014
12105 4139
12105 8761
12105 9166
12105 1070
12105 8812
12105 6196
12105 14898
12105 1810
12105 12162
12105 7406
12105 12020
12105 18443
12105 10722
12105 1311
12105 13746
12105 6641
12105 5667
12105 1126
12105 12602
12105 1141
12105 17338
12105 6801
12105 17673
12105 13095
12108 8556
12108 5046
12108 613
12108 10022
12108 15054
12111 5516
12111 5862
12111 4709
12111 5377
12111 10854
12111 8525
12111 13963
12111 5534
12111 10198
12111 17593
12111 7773
12111 7914
12112 16123
12113 14236
12113 14998
12116 10788
12116 2177
12116 1760
12116 11804
12116 11427
12116 17728
12116 14237
12116 6561
12116 6968
12116 2110
12116 3051
12116 11548
12116 7401
12116 12145
12116 8023
12116 14692
12116 7180
12116 14801
12116 5425
12116 8357
12116 10612
12116 13972
12116 6473
12116 12912
12116 11477
12116 1881
12116 7375
12116 16670
12116 13890
12128 8740
12128 11865
12128 4500
12128 3987
12128 3341
12128 5944
12128 8156
12128 16076
12128 10854
12128 10898
12128 5401
12129 11503
12129 10841
12129 6338
12129 11093
12130 16382
12131 18215
12131 5797
12131 17834
12131 10384
12131 18279
12131 14747
12131 4696
12131 12176
12131 5031
12131 16034
12131 6460
12131 6208
12131 7058
12131 7729
12131 10122
12131 16758
12131 7720
12131 7519
12131 3648
12131 6580
12131 9559
12131 17780
12131 5410
12131 8556
12131 8440
12131 14908
12131 15771
12131 8765
12131 2166
12131 5549
12131 308
12131 6905
12131 12162
12131 7973
12131 15978
12131 12139
12131 13573
12131 6920
12131 9632
12138 13671
12138 15265
12138 3064
12143 6044
12154 8527
12154 11423
12154 4665
12154 16702
12155 16620
12155 16618
12155 7239
12156 6720
12158 3737
12160 5683
12162 16682
12162 12108
12162 6309
12162 3750
12162 11856
12162 10737
12162 1070
12162 7853
12162 15561
12164 15699
12164 4676
12164 5989
12164 2597
12164 10491
12164 11278
12168 1492
12170 12473
12171 5635
12173 15696
12173 1980
12175 18061
12177 16411
12177 15278
12177 417
12177 16823
12177 11728
12178 2350
12178 14376
12178 533
12178 5893
12178 15181
12179 13211
12179 17687
12179 3132
12179 13794
12179 239
12179 15966
12179 16099
12179 395
12179 3033
12179 4197
12179 378
12179 13340
12179 14478
12179 12631
12179 1923
12179 14759
12179 1360
12179 2312
12179 3677
12179 1885
12179 18336
12179 16391
12179 5020
12179 1092
12179 16635
12179 12162
12179 1393
12179 6415
12179 3440
12179 1148
12179 4865
12179 5717
12179 9131
12179 3278
12179 7603
12179 6297
12179 3731
12179 4110
12179 14137
12179 4977
12179 1985
12179 5416
12179 7146
12179 12659
12179 10020
12179 8158
12179 16759
12179 3176
12179 10659
12179 16599
12179 12783
12179 4806
12179 1707
12179 8009
12179 9511
12179 12602
12179 2674
12179 17096
12179 6520
12179 10663
12179 2653
12179 12241
12179 7217
12179 9038
12179 9807
12179 17744
12179 11674
12179 13388
12179 3568
12179 10379
12183 759
12187 2306
12195 15315
12195 11955
12196 2153
12196 9046
12196 17619
12196 16154
12199 12605
12200 8021
12201 7578
12201 14605
12201 2025
12220 5215
12220 14747
12220 8556
12220 1393
12220 9843
12220 1923
12220 13340
12220 18448
12220 8291
12220 13887
12220 6687
12220 7406
12220 14993
12220 1782
12220 7680
12220 15162
12220 12858
12220 17739
12220 14169
12220 14566
12220 2815
12220 16281
12220 5776
12221 9489
12223 5348
12223 15219
12223 118
12223 9753
12223 9548
12223 14993
12224 10604
12224 1040
12224 3692
12224 3223
12224 12951
12224 5066
12224 13163
12224 8235
12224 12919
12224 4639
12224 6104
12224 4085
12227 12485
12227 5590
12227 2595
12227 2927
12228 4957
12228 751
12228 2874
12228 4782
12231 13814
12231 7945
12240 9198
12240 10028
12240 16233
12240 10554
12240 7578
12241 3165
12241 1923
12241 9776
12241 9091
12241 7349
12242 14189
12242 2356
12242 16754
12242 11981
12242 452
12242 428
12242 3867
12242 9332
12242 15098
12242 12597
12242 16137
12242 15909
12249 7224
12249 9904
12249 14750
12249 4181
12249 16223
12250 14537
12250 10622
12252 9965
12252 7349
12253 7990
12254 15313
12254 16555
12255 18072
12255 7729
12255 18374
12255 9209
12255 1490
12255 10582
12255 3176
12255 13139
12255 9152
12255 10483
12255 8694
12257 7715
12257 10962
12257 16233
12257 14749
12257 4092
12257 11587
12257 16834
12257 8048
12257 4601
12257 14364
12257 1771
12257 1126
12257 14786
12257 3440
12257 83
12262 4510
12263 4836
12263 9846
12263 17213
12263 10974
12263 11823
12263 18147
12263 2804
12263 4299
12263 5444
12263 16701
12263 3343
12263 3371
12263 10215
12263 5551
12263 12715
12263 13178
12263 3144
12263 16996
12263 16014
12263 8252
12263 15026
12263 3059
12263 4372
12263 18341
12263 773
12263 6001
12263 5091
12263 6909
12263 14113
12263 13673
12263 657
12263 18270
12263 12689
12263 5555
12268 16224
12268 17662
12268 4977
12269 4583
12269 4601
12269 8796
12269 12201
12269 16095
12269 1401
12269 18351
12269 11335
12269 8735
12269 6517
12269 13989
12269 12351
12269 6294
12269 15246
12269 1070
12269 3120
12269 5461
12269 6443
12269 6356
12269 7588
12269 17236
12269 17738
12269 8504
12269 13234
12269 1503
12269 7578
12270 3964
12271 2154
12271 15157
12271 3755
12271 644
12271 18300
12271 11579
12271 9426
12272 2522
12272 7650
12272 13794
12272 5422
12272 1126
12272 7978
12272 5797
12272 3206
12272 17111
12275 13376
12278 13549
12278 1263
12278 1156
12278 2052
12279 16475
12279 10232
12279 8166
12279 13652
12279 13947
12279 11339
12279 13901
12279 1393
12279 16609
12279 1371
12279 12220
12279 1343
12279 7133
12279 6022
12279 6663
12279 234
12279 8264
12279 3176
12279 1517
12279 7362
12279 880
12279 17677
12279 12952
12279 613
12279 11586
12279 7626
12279 10078
12279 13267
12279 8164
12279 14334
12279 14382
12279 13491
12279 11027
12279 4651
12279 12566
12279 9540
12280 17521
12280 815
12280 17687
12280 17338
12280 121
12280 16440
12280 940
12280 11498
12280 18329
12280 9868
12280 10004
12280 12439
12280 1811
12280 3136
12280 1185
12280 3048
12280 12602
12280 962
12280 446
12280 11515
12280 16142
12280 884
12280 5461
12280 10482
12280 15707
12280 9691
12280 4102
12280 6415
12280 13607
12280 2587
12280 1010
12280 11903
12280 5020
12280 6976
12280 13880
12280 4738
12280 6161
12280 9847
12280 17414
12280 1126
12280 5153
12280 3587
12280 14214
12280 4696
12280 2959
12280 5631
12280 1490
12280 2383
12280 13087
12280 5118
12280 5857
12280 15216
12280 1151
12280 8912
12280 13730
12280 8614
12280 4601
12280 17149
12280 12339
12280 9310
12280 5460
12280 2056
12280 1669
12280 716
12280 1340
12280 9209
12280 11118
12280 2767
12280 10139
12280 13896
12280 7786
12280 14284
12280 2034
12280 14569
12280 11822
12280 9511
12280 10638
12280 8185
12280 2154
12280 8772
12280 11294
12280 11796
12280 10241
12280 5604
12280 7251
12280 4972
12286 1325
12286 17395
12286 14764
12286 7943
12286 5460
12286 7711
12286 6918
12286 2950
12286 8988
12299 5425
12300 18169
12302 1594
12302 1185
12302 121
12305 16975
12305 12818
12305 8208
12306 14692
12318 9942
12320 14702
12322 14957
12326 14155
12326 17955
12326 7385
12326 8075
12326 3506
12326 12826
12326 12627
12326 2641
12326 18425
12326 11173
12326 16597
12326 98
12326 16140
12326 18418
12326 16067
12326 6250
12326 12688
12326 9430
12326 11756
12326 225
12326 8946
12326 3453
12326 4551
12326 5294
12326 6829
12326 15442
12326 5882
12326 426
12326 10308
12326 9328
12326 6556
12326 4797
12326 2647
12326 8691
12326 5139
12326 15515
12326 10532
12326 12716
12326 8634
12326 7023
12326 9707
12328 2188
12328 18293
12328 2002
12328 5832
12328 8896
12328 17390
12328 13643
12328 16511
12328 6049
12328 7380
12328 4157
12328 12004
12328 590
12328 11805
12328 12526
12328 449
12328 7456
12328 6218
12328 9338
12328 13368
12328 10076
12331 9828
12331 7150
12331 5081
12331 16576
12331 2093
12335 307
12335 12794
12335 2999
12335 11686
12336 2558
12337 12660
12338 13910
12338 15771
12338 6395
12338 15778
12338 16558
12338 328
12338 8614
12338 3117
12338 13095
12338 8291
12338 3520
12338 13643
12338 6568
12338 6557
12338 13014
12338 2448
12338 15749
12338 529
12338 5955
12338 9540
12338 13901
12338 11919
12338 12339
12338 18373
12338 1456
12338 9198
12338 18268
12338 9127
12338 18104
12338 15202
12338 9383
12338 3603
12339 12566
12339 14264
12339 18215
12339 3677
12339 9346
12339 13847
12339 5952
12339 9198
12339 1070
12339 8264
12339 5667
12339 766
12339 15264
12339 18448
12339 885
12339 14419
12339 13095
12339 536
12339 11403
12339 13340
12339 5071
12339 15975
12339 13662
12339 8890
12339 9963
12339 9432
12339 5153
12339 1393
12339 14914
12339 8447
12339 12575
12339 16360
12339 13445
12339 14841
12339 18336
12339 16721
12339 18136
12339 9660
12339 7720
12339 6905
12339 18242
12339 7770
12339 1975
12339 14024
12339 15878
12339 13943
12339 4907
12339 27
12339 10280
12339 5647
12339 5866
12339 15887
12339 4396
12339 4990
12339 3734
12339 8556
12339 7626
12339 6294
12339 7519
12339 4939
12339 16281
12339 4644
12339 13547
12339 12977
12339 12959
12339 14005
12339 15374
12339 5461
12339 3422
12339 13256
12339 18327
12339 15714
12339 12757
12339 12948
12339 8297
12339 13211
12339 12069
12339 234
12339 15085
12339 1856
12339 8796
12339 17319
12339 3520
12339 4869
12339 14759
12339 8135
12339 15963
12339 15512
12339 14885
12339 9166
12339 3386
12339 16100
12339 7460
12339 3337
12339 9085
12339 13540
12339 15966
12339 8528
12339 18306
12339 613
12339 8798
12339 3033
12339 1371
12339 13090
12339 11763
12342 8757
12342 11216
12349 6550
12349 8658
12349 23
12349 2038
12349 550
12349 8796
12349 14060
12349 13847
12349 7670
12349 12273
12349 10439
12349 4544
12349 10089
12349 372
12349 13340
12349 3197
12349 15500
12349 13014
12349 14308
12349 14908
12349 12865
12349 4601
12349 10177
12349 18215
12349 8719
12349 10554
12349 5461
12349 15452
12349 15966
12349 5277
12349 1070
12349 16991
12349 9996
12349 3521
12349 600
12350 8711
12350 3562
12351 29
12351 8085
12351 9310
12353 4664
12356 3941
12356 16884
12356 3806
12356 11272
12356 1580
12356 15346
12356 4684
12356 4244
12356 11001
12356 11227
12356 4783
12356 10326
12356 17066
12356 1708
12356 3994
12356 6168
12356 12562
12356 7832
12356 2429
12356 2451
12356 9292
12356 12936
12356 3597
12356 10323
12356 11265
12356 18357
12356 11752
12356 2502
12356 3463
12356 5737
12356 4751
12356 6416
12356 13232
12356 14117
12356 4395
12356 2933
12356 17433
12356 17196
12356 8436
12356 1495
12356 9994
12356 15673
12356 17399
12356 1341
12356 14628
12356 14519
12356 1457
12356 16587
12356 7749
12356 11588
12356 3116
12356 4864
12356 10038
12356 7375
12356 17471
12356 1935
12356 4937
12356 16598
12356 17128
12356 17640
12356 7083
12356 14524
12356 12694
12356 16355
12356 2182
12356 14065
12356 10987
12356 7716
12356 14656
12356 16919
12356 4076
12356 14085
12356 7191
12356 6175
12356 9291
12356 11289
12356 3444
12356 8922
12356 10579
12356 1199
12356 2415
12356 5861
12356 1543
12356 133
12356 1532
12356 8180
12356 14542
12356 13314
12356 11367
12356 15421
12356 12343
12356 7964
12356 16645
12356 14607
12356 4936
12356 15348
12356 5766
12356 2832
12356 853
12356 290
12356 10559
12356 2958
12356 15398
12356 11598
12358 5678
12358 12736
12358 3432
12358 11452
12358 12687
12358 11536
12358 10430
12358 6872
12358 15284
12358 10178
12358 13035
12358 15059
12358 10055
12358 6104
12358 2052
12358 6473
12358 13006
12358 14801
12358 10854
12358 9952
12358 4085
12358 18182
12358 11805
12358 10305
12358 15696
12358 13591
12358 7839
12358 12860
12358 15668
12358 1622
12358 3382
12358 8221
12358 10710
12361 13084
12362 10348
12365 3590
12367 10407
12368 446
12368 5461
12368 8530
12368 8873
12368 9310
12368 14759
12368 9511
12368 18073
12368 15356
12368 8772
12369 17614
12370 6811
12372 1619
12373 9664
12374 12159
12374 2093
12376 1141
12377 5755
12377 14813
12384 17514
12385 4731
12385 9519
12388 6049
12388 9111
12388 15090
12388 7812
12388 10417
12391 13006
12393 16393
12395 3649
12395 17670
12395 5361
12395 7018
12395 1880
12395 15320
12395 7561
12395 6457
12395 14623
12395 666
12395 15406
12395 8965
12395 844
12395 4913
12395 10970
12395 17250
12395 4132
12395 8768
12395 15947
12395 11769
12395 14000
12395 4888
12395 14477
12395 2592
12395 13958
12395 8453
12395 17444
12395 9711
12395 12605
12395 5395
12395 3019
12395 12394
12395 16091
12395 6964
12395 24
12395 10851
12395 15393
12395 8066
12395 10100
12395 6473
12395 4929
12395 17468
12395 7356
12395 17476
12395 6075
12395 12283
12395 18030
12398 11833
12398 6848
12398 8691
12398 11865
12402 4056
12406 10880
12407 13794
12407 16759
12407 11423
12407 1857
12407 16588
12407 4827
12407 5461
12407 3827
12407 3165
12407 15532
12407 3510
12407 5946
12407 14943
12407 13485
12407 4860
12414 1598
12414 17433
12415 15789
12419 6666
12419 11681
12419 9883
12419 17141
12419 15535
12419 6154
12419 13662
12419 16619
12419 9826
12419 10722
12419 5734
12419 1141
12419 11170
12419 18136
12419 15124
12419 8719
12424 2153
12429 3519
12429 4699
12435 11805
12447 11516
12450 14344
12450 17537
12457 2536
12460 1735
12464 7349
12464 5776
12464 8096
12464 7340
12464 3648
12464 8719
12464 13445
12464 13780
12464 3348
12464 9742
12464 2103
12464 16723
12464 1616
12464 15289
12464 12108
12464 9279
12464 12149
12464 6412
12464 11590
12464 5641
12464 3278
12464 14108
12464 12710
12464 3033
12464 6940
12464 17586
12464 17527
12464 1544
12464 4682
12464 9891
12464 11837
12464 1857
12464 17319
12464 14396
12464 15966
12464 7720
12464 14759
12464 14636
12464 13053
12464 11488
12464 6289
12464 5010
12464 5416
12464 7287
12464 6514
12464 6072
12464 17799
12464 2196
12464 13794
12464 4899
12464 16281
12464 17504
12464 15389
12464 12051
12464 15407
12464 4644
12464 9659
12464 17338
12464 10216
12464 10488
12464 16738
12464 12749
12464 8614
12464 15315
12464 6920
12464 4141
12464 7871
12464 8936
12464 4696
12464 3137
12464 716
12464 17206
12464 16890
12464 18062
12464 9017
12464 18466
12464 17861
12464 1363
12464 3247
12464 17744
12464 7994
12464 15714
12464 4481
12464 16010
12464 6865
12464 17960
12464 152
12464 14619
12464 17738
12464 8873
12464 5825
12464 17865
12464 7305
12464 7691
12464 15743
12464 8213
12464 10292
12464 10522
12464 8710
12464 13544
12464 5100
12464 6294
12464 7770
12464 2886
12464 15865
12464 10663
12464 11678
12464 12531
12464 17149
12464 14556
12464 6755
12464 9133
12464 17895
12464 885
12464 8569
12464 18198
12464 14358
12464 13014
12464 4245
12464 6558
12464 14978
12464 13730
12464 13159
12464 2449
12464 16310
12464 10167
12464 7811
12464 10490
12464 10234
12464 11528
12464 3078
12464 15394
12464 17407
12464 4566
12464 2476
12464 16791
12464 8538
12464 4211
12464 3731
12464 13368
12464 5329
12464 14419
12464 2187
12464 2782
12464 17380
12464 1309
12464 476
12464 6801
12464 13925
12464 17687
12464 7207
12464 17521
12464 14749
12464 5057
12464 10284
12464 1748
12464 7708
12464 8770
12464 3483
12464 3422
12464 931
12464 7119
12464 2464
12464 17395
12464 27
12464 12090
12464 2902
12464 16498
12464 6271
12464 13985
12464 5631
12464 14721
12464 14595
12464 12977
12464 8515
12464 2526
12464 17650
12464 15500
12464 2779
12464 12865
12464 3337
12464 15356
12464 10554
12464 5866
12464 8888
12464 16861
12464 8345
12464 4690
12464 1694
12464 1653
12464 13432
12464 1266
12464 7136
12464 15141
12464 12172
12468 2154
12470 10396
12476 8530
12478 15630
12478 9135
12479 16348
12479 13014
12479 395
12479 234
12480 15283
12483 8996
12483 16539
12483 16223
12497 13300
12497 18181
12497 3240
12497 14931
12499 4984
12499 940
12499 5461
12499 12602
12499 962
12499 9333
12499 11674
12499 3979
12499 5629
12499 3731
12499 9511
12499 10892
12499 15488
12499 10554
12499 6641
12499 277
12499 6940
12499 11257
12499 9847
12499 5097
12499 6282
12499 15452
12499 13363
12500 17834
12500 3307
12500 1273
12500 10663
12500 7729
12500 14924
12500 282
12500 9843
12500 5776
12505 3146
12505 7271
12505 3903
12505 9776
12510 3000
12518 17521
12520 12127
12520 15739
12522 918
12525 239
12526 15073
12526 11907
12526 11715
12526 8495
12526 6165
12526 12306
12526 17941
12526 17593
12526 10944
12530 13590
12532 17128
12532 4949
12532 11833
12532 11427
12532 13300
12533 17271
12533 9502
12533 12937
12533 17855
12533 14164
12533 1694
12533 3057
12533 4193
12534 18029
12534 9705
12534 16600
12534 124
12534 11865
12534 701
12534 17173
12534 790
12534 16067
12534 18451
12537 17380
12537 16724
12537 16614
12537 3002
12537 446
12537 16579
12537 17736
12538 1141
12538 784
12538 3117
12538 14475
12539 17361
12543 17043
12543 18128
12549 11526
12549 2996
12549 12149
12549 18347
12549 15908
12549 11678
12549 16287
12549 940
12549 11674
12549 5728
12549 2237
12549 9899
12549 17271
12549 18245
12549 16142
12549 7432
12549 11397
12550 3313
12550 10092
12550 8322
12550 5057
12550 13643
12550 3059
12558 2315
12571 12217
12571 18336
12572 12339
12580 8499
12580 794
12580 262
12580 16359
12580 17514
12580 8819
12580 2052
12580 2589
12580 4617
12580 13157
12580 15192
12580 5091
12580 8164
12580 9942
12580 6810
12580 16448
12581 8096
12581 2188
12581 12331
12581 2496
12581 11631
12581 7331
12581 11805
12581 13775
12581 16576
12581 18166
12581 13069
12581 5456
12581 17141
12581 259
12581 15513
12581 9601
12581 265
12581 4949
12581 2916
12582 15783
12586 15896
12586 17620
12586 9828
12586 5525
12586 11805
12589 1308
12589 7827
12589 10528
12589 701
12589 304
12591 3520
12591 8326
12591 14169
12591 15743
12591 2916
12591 1126
12591 5010
12591 17521
12591 6024
12591 861
12591 1735
12591 372
12601 5395
12602 17521
12602 6297
12602 8324
12602 6817
12602 6450
12602 9310
12602 9691
12604 4900
12608 10494
12613 6140
12614 6688
12614 13945
12615 2771
12617 2506
12617 12051
12618 11403
12618 10389
12619 13531
12619 18387
12619 14061
12619 9334
12619 8037
12619 5176
12619 11833
12619 10111
12619 16351
12619 17589
12619 10396
12619 14692
12619 6336
12619 7468
12619 17620
12619 6947
12619 11697
12619 10331
12619 3313
12619 8841
12619 7233
12619 10425
12619 8299
12619 4834
12619 981
12619 12767
12619 4922
12619 14987
12619 11418
12619 7870
12619 8459
12619 15174
12619 14164
12619 16449
12619 3570
12619 10601
12619 11209
12619 5738
12619 8499
12619 3630
12619 9982
12619 4642
12619 12063
12619 11420
12619 5135
12619 7800
12619 18217
12619 16647
12619 5525
12619 16469
12619 1381
12619 9670
12619 331
12619 15249
12619 7841
12619 9175
12619 585
12619 15419
12619 1263
12619 9662
12619 6753
12619 796
12619 10092
12619 17390
12619 18179
12619 9942
12619 1963
12619 17796
12619 4063
12619 10561
12619 13415
12619 13710
12619 15920
12619 4085
12619 8862
12619 16250
12619 3059
12619 10898
12619 8716
12619 9419
12619 4089
12619 15974
12619 294
12619 5214
12619 16934
12619 15948
12619 95
12619 763
12619 6676
12619 11013
12619 3853
12619 6100
12619 17506
12619 891
12619 7169
12619 11501
12619 10618
12619 16014
12619 15133
12619 10214
12619 3692
12619 14986
12619 6426
12619 9158
12619 4378
12619 1606
12619 11507
12619 6825
12619 12802
12619 15316
12619 7153
12619 3364
12619 17528
12619 2346
12619 9527
12619 1268
12619 17361
12619 13178
12619 9114
12619 10543
12619 6740
12619 16143
12619 5776
12619 1819
12619 17092
12619 6916
12619 1768
12619 14415
12619 7542
12619 7746
12619 12669
12619 14238
12619 6760
12619 703
12619 18239
12619 16691
12619 9381
12619 16821
12619 16420
12619 6734
12619 9568
12619 10788
12619 3253
12619 732
12619 17120
12619 2306
12619 11246
12619 15998
12620 446
12620 7786
12620 6294
12620 18329
12620 13964
12620 11837
12620 17521
12620 13225
12620 8796
12620 13860
12620 12351
12620 3014
12620 15966
12620 3909
12620 12148
12620 12172
12620 3176
12620 12201
12620 13985
12620 7908
12620 2841
12620 9392
12620 18306
12620 2945
12620 4232
12620 7994
12620 8013
12620 9350
12621 6338
12624 1888
12624 12912
12624 4319
12624 17506
12625 13340
12625 7592
12625 7192
12626 11535
12626 13300
12626 4949
12626 11833
12626 2177
12626 15092
12626 5612
12626 7692
12626 9942
12626 6572
12626 2052
12626 3556
12626 3059
12626 6843
12626 11370
12626 18414
12626 16225
12626 8863
12626 11522
12626 126
12626 15257
12626 13771
12626 8235
12626 7431
12626 13883
12626 10622
12626 13368
12626 9789
12626 13507
12626 16821
12626 17295
12632 7851
12632 4846
12637 5032
12637 12992
12639 1126
12642 12693
12649 6301
12649 17521
12650 9349
12652 11479
12655 15696
12660 11170
12660 5509
12660 9279
12660 17812
12660 13986
12660 4601
12660 7578
12660 234
12660 14556
12660 8996
12660 15660
12660 4644
12660 5144
12660 14492
12660 2096
12660 5776
12660 10322
12660 1215
12660 7406
12660 17936
12660 4738
12660 277
12660 15585
12660 17149
12660 16904
12661 11058
12663 1857
12664 1888
12664 16225
12664 9448
12664 10854
12664 5944
12664 7388
12664 13695
12664 6672
12664 16975
12664 5705
12664 6049
12664 14680
12664 11297
12664 5580
12664 10770
12664 7033
12664 5754
12664 7431
12664 947
12664 6087
12664 2516
12664 18034
12664 11548
12664 3692
12664 16601
12664 18239
12664 13591
12664 18179
12664 5531
12664 12377
12664 5400
12664 8441
12664 13300
12664 5401
12664 10512
12664 6165
12665 5010
12665 1148
12665 17775
12669 6049
12669 14807
12669 120
12670 16579
12670 16997
12671 7811
12671 14236
12671 14566
12671 10553
12671 13175
12671 4869
12671 5225
12671 10926
12671 13993
12671 17834
12671 15452
12671 9944
12671 1325
12671 16348
12671 7043
12671 13278
12671 8362
12671 1994
12671 14358
12671 12051
12671 11273
12671 9753
12671 11955
12671 13031
12671 6053
12671 10641
12671 4622
12671 15966
12671 6282
12671 1187
12671 10400
12671 1940
12671 6799
12671 7457
12673 7282
12676 16744
12678 15703
12681 13591
12681 14196
12681 11833
12681 14222
12681 8896
12681 8082
12681 8645
12681 11993
12681 4949
12681 7839
12681 8799
12681 4846
12681 14801
12681 4912
12681 8653
12681 18467
12681 7827
12681 4223
12681 790
12681 12933
12681 124
12681 3886
12681 17291
12681 11865
12681 5400
12681 8499
12681 10343
12681 2306
12681 14537
12681 18179
12681 1156
12681 9213
12681 13389
12681 11600
12681 6174
12681 18182
12681 10561
12681 11418
12681 1458
12681 1263
12681 8322
12681 16014
12681 357
12681 9419
12681 3240
12681 247
12681 7514
12681 10025
12681 17620
12681 6255
12681 17937
12681 69
12681 7502
12681 294
12681 2909
12681 455
12681 7431
12687 18451
12687 9942
12687 16013
12687 1819
12687 15914
12687 10568
12687 14415
12690 16433
12690 14553
12691 1404
12691 242
12691 1909
12691 657
12697 9310
12701 6679
12701 16510
12709 1923
12714 12072
12720 654
12720 8322
12720 11805
12720 5525
12720 15080
12720 11447
12720 18030
12720 11770
12720 7327
12720 1699
12729 15706
12729 14005
12729 5129
12729 5848
12729 11215
12729 1631
12729 1653
12729 12274
12729 6558
12729 7821
12729 12858
12729 8667
12729 15869
12729 8561
12729 13881
12729 15879
12732 13564
12743 5367
12743 16567
12747 3337
12748 14692
12748 7133
12748 7827
12748 928
12748 8580
12748 14991
12748 4408
12748 6473
12750 2461
12750 5377
12750 7239
12750 18451
12750 5931
12750 15761
12750 5094
12750 7542
12750 8818
12750 8289
12750 12642
12750 3728
12750 2063
12750 5056
12750 10331
12750 2908
12750 17746
12750 14222
12750 4998
12750 7963
12750 12738
12750 5652
12750 3627
12750 9670
12750 3059
12750 890
12750 14531
12750 4709
12750 329
12750 2976
12750 16737
12750 11833
12750 12264
12750 17278
12750 6473
12750 18391
12750 10884
12750 11912
12750 15182
12750 17986
12750 16273
12750 12317
12750 3736
12750 16359
12750 10898
12750 6520
12750 4238
12750 10301
12750 2280
12750 11536
12750 12765
12750 5081
12750 18416
12750 11814
12750 1420
12750 16969
12750 8921
12750 13160
12750 15243
12750 7839
12750 14537
12750 15449
12750 10990
12750 13242
12750 13643
12750 12900
12750 6398
12750 5055
12750 12973
12750 1079
12750 17565
12750 11432
12750 16235
12750 2780
12750 13550
12750 4949
12750 15476
12750 13072
12750 16989
12750 1263
12750 11377
12750 7623
12750 8049
12750 13412
12750 8799
12750 3692
12750 15780
12750 3534
12750 3361
12750 938
12750 6676
12750 17339
12750 16463
12750 14424
12750 8270
12750 1695
12750 9419
12750 5607
12750 2052
12750 10432
12750 6270
12750 17537
12750 2234
12750 1671
12750 5198
12750 7532
12750 1642
12750 14801
12750 16576
12750 11754
12750 6971
12750 10570
12750 9113
12750 12605
12750 7827
12750 10529
12750 9942
12750 17043
12750 15715
12750 8987
12750 8242
12750 6017
12750 18239
12750 17484
12750 3073
12750 4208
12750 10516
12750 12512
12750 12854
12750 18017
12750 701
12750 13542
12750 7831
12750 4043
12750 7917
12750 12011
12750 9892
12750 11484
12750 9334
12750 4063
12750 13726
12750 14376
12750 7535
12750 11408
12750 13069
12750 11651
12750 3431
12750 2212
12750 15755
12750 2589
12750 9822
12750 6788
12750 15724
12750 10643
12750 6360
12750 4701
12750 6561
12750 16770
12750 18418
12750 8429
12750 6895
12750 9202
12750 17937
12750 14927
12750 8980
12750 16393
12750 2362
12750 5343
12750 1540
12750 13427
12750 409
12750 5678
12750 465
12750 5914
12750 8611
12750 11971
12750 10652
12750 11726
12750 12401
12750 9164
12750 11564
12750 10214
12750 5637
12750 369
12750 13912
12750 15059
12750 5159
12750 5781
12750 9657
12750 9217
12750 9482
12750 12390
12750 13878
12750 1774
12750 16243
12750 14742
12750 11411
12750 4240
12750 6968
12750 7941
12750 8037
12750 16150
12750 8896
12750 14470
12750 18346
12750 17248
12750 12008
12750 8123
12750 2110
12750 3630
12750 16496
12750 15174
12750 4966
12750 17261
12750 6412
12750 18120
12750 11477
12750 14876
12750 16252
12750 8182
12750 18002
12750 15696
12750 11865
12750 13048
12750 16262
12750 6602
12750 15606
12750 2909
12750 17439
12750 8190
12750 3001
12750 6086
12750 4672
12750 14457
12750 16618
12750 14464
12750 5948
12750 7113
12750 15653
12750 12007
12750 16307
12750 1233
12750 15326
12750 9282
12750 7425
12750 17396
12750 9574
12750 14858
12750 10398
12750 16934
12750 16864
12750 6888
12750 4192
12750 1888
12750 6741
12750 10603
12750 8273
12750 8838
12750 10982
12750 4604
12750 16515
12750 3787
12750 16299
12750 12398
12750 15504
12750 15781
12750 3341
12750 7806
12750 11960
12750 8512
12750 10686
12750 17460
12750 8691
12750 13613
12750 6702
12750 1765
12750 105
12750 5639
12750 8141
12750 4409
12750 6248
12750 1331
12750 2306
12750 7935
12750 5666
12750 3253
12750 6937
12750 1391
12750 1986
12750 14795
12750 11759
12750 18100
12750 12687
12750 2855
12750 8591
12750 12979
12750 3526
12750 16855
12750 4336
12750 3513
12750 13557
12750 3724
12750 1057
12750 1447
12750 2514
12750 17506
12750 16701
12750 823
12750 4437
12750 8932
12750 6811
12750 7270
12750 6260
12750 13961
12750 188
12751 6028
12754 1767
12754 6318
12756 5665
12756 8675
12756 7747
12756 17652
12757 6580
12757 14005
12762 15966
12762 10729
12762 885
12762 13014
12762 7406
12762 17141
12764 12162
12770 12072
12770 13479
12770 6139
12771 7318
12773 2902
12773 321
12773 1141
12773 11296
12773 4758
12773 2887
12773 9751
12773 17687
12773 562
12773 18380
12773 7082
12773 15966
12773 6443
12774 16081
12774 13814
12774 234
12775 15534
12779 121
12779 4738
12780 2871
12780 4998
12781 15577
12781 17469
12781 5014
12781 995
12785 823
12786 16983
12786 15073
12786 7495
12786 17113
12786 15066
12786 7198
12786 9102
12786 8456
12786 12226
12786 17719
12786 11044
12786 13640
12786 6360
12786 6036
12786 9042
12786 4122
12786 14373
12786 14407
12786 4942
12786 2876
12786 13102
12786 109
12786 12699
12786 10682
12786 18181
12786 2791
12786 105
12786 4777
12789 7621
12790 13866
12792 2464
12792 15764
12792 5629
12792 5589
12792 6338
12792 11852
12792 3885
12792 11335
12792 1311
12792 10677
12792 9883
12792 6830
12792 1473
12792 17236
12792 5010
12792 17953
12792 6801
12792 1934
12792 446
12792 11532
12792 9179
12792 6482
12792 7332
12792 2476
12792 7291
12792 7055
12792 11097
12792 18279
12792 10818
12792 4869
12792 1932
12792 4769
12792 15547
12792 514
12792 7742
12792 17141
12792 16298
12792 18347
12792 2034
12792 12201
12792 16834
12792 5985
12792 2740
12795 15548
12795 11242
12795 18180
12795 15624
12795 15148
12795 3047
12795 15281
12795 12023
12795 14805
12795 4037
12795 4913
12795 14800
12795 17301
12795 9504
12795 771
12795 3059
12795 15440
12795 17332
12795 15186
12795 6934
12795 10840
12795 2827
12795 3466
12795 16862
12795 14695
12795 4465
12795 2441
12795 4522
12795 2637
12795 710
12795 15294
12795 1042
12795 9510
12795 15720
12795 17555
12795 12256
12795 1573
12795 12209
12795 6676
12795 13643
12795 12080
12795 2040
12795 15531
12797 8527
12799 11821
12800 17936
12800 18215
12800 10666
12800 6524
12800 14885
12800 17141
12800 6267
12800 14556
12800 7987
12800 1490
12800 14817
12800 16233
12800 12051
12800 13014
12800 8839
12800 10389
12800 2916
12800 9017
12800 10546
12800 4141
12800 11296
12800 7406
12800 10078
12800 6828
12800 4714
12800 5010
12800 16931
12800 5113
12800 16223
12800 13166
12800 6208
12800 15246
12800 7770
12800 7271
12800 15264
12800 372
12800 17333
12800 7133
12800 5866
12800 12865
12800 18300
12800 13887
12800 6688
12800 14474
12800 8859
12800 15315
12800 1145
12800 4738
12800 2477
12800 13153
12800 7720
12800 6443
12800 8719
12800 11674
12800 18448
12800 14382
12800 5797
12800 7708
12800 2813
12800 738
12800 1084
12800 5776
12800 18231
12800 3176
12800 8060
12800 14729
12800 1101
12800 15756
12800 13794
12800 15975
12800 15966
12800 5153
12800 4247
12800 10200
12800 14856
12800 4842
12800 12937
12800 12636
12800 15356
12800 16610
12800 13943
12800 15778
12800 16387
12800 17149
12800 12711
12800 432
12800 398
12800 234
12800 15374
12800 3422
12800 11761
12800 3148
12800 15366
12800 6887
12800 13340
12800 6297
12800 14356
12800 14564
12800 3337
12800 4262
12800 1885
12800 16292
12800 18242
12800 4373
12800 8936
12800 12948
12800 1694
12800 9234
12800 1141
12800 15073
12800 13826
12800 14392
12800 2945
12800 5240
12800 1861
12800 10299
12800 17343
12800 13445
12800 7635
12800 14358
12800 10670
12800 189
12800 6580
12800 8460
12800 15202
12800 15333
12800 10722
12800 12176
12801 10790
12801 6511
12807 5940
12807 2814
12809 3569
12809 11823
12809 12925
12809 6788
12809 13673
12809 5209
12811 11548
12811 11600
12811 6194
12811 6360
12811 15182
12821 11395
12821 15004
12821 732
12821 17184
12821 16705
12821 14661
12821 10561
12821 11398
12821 6360
12823 11375
12823 10078
12823 9868
12823 6694
12823 13918
12823 1393
12824 9246
12824 15876
12824 17637
12824 7774
12829 823
12832 2306
12832 8306
12834 6888
12834 2392
12834 14316
12839 5589
12839 17400
12839 1971
12839 7891
12839 7332
12839 8274
12839 15285
12839 10784
12839 2476
12839 8060
12839 2188
12839 18448
12839 9031
12839 4052
12839 17697
12845 10612
12845 4949
12845 18179
12845 8704
12845 8843
12845 17506
12845 13775
12845 5182
12848 12660
12848 14566
12848 3971
12850 6817
12850 6224
12851 16800
12851 5342
12851 6644
12851 11962
12851 7409
12855 15246
12855 7291
12856 17434
12856 8680
12856 8710
12857 4905
12858 8796
12858 13267
12868 7029
12875 4949
12875 14360
12875 3059
12875 8311
12885 5057
12886 446
12886 12001
12887 17662
12888 14358
12888 4057
12888 10826
12888 10962
12888 3950
12888 11237
12890 8794
12890 4396
12890 1416
12890 703
12890 12449
12890 7620
12890 749
12890 3454
12890 17561
12890 12235
12890 14629
12890 5909
12890 15588
12890 6225
12890 3367
12890 1701
12890 14919
12890 11062
12890 18365
12890 17732
12890 3223
12890 12490
12890 15410
12890 10531
12890 5625
12890 13209
12890 16934
12893 4891
12897 1268
12897 12865
12897 16119
12897 16281
12897 9868
12902 622
12905 5851
12905 4056
12905 3904
12905 14419
12905 14005
12905 8790
12905 17268
12905 10226
12905 6443
12905 4713
12905 7680
12905 1674
12905 5240
12905 13014
12905 4769
12905 2899
12905 2617
12905 5866
12905 1070
12905 69
12905 1446
12905 10722
12905 12514
12905 6687
12905 9198
12905 6294
12905 3120
12905 7133
12905 12201
12905 16233
12905 17141
12905 4544
12905 5776
12905 3176
12905 885
12905 1962
12905 3783
12905 6801
12905 14147
12905 14939
12905 1838
12905 1126
12905 5797
12905 14759
12905 1861
12905 6213
12905 11674
12905 2945
12906 3627
12911 11583
12914 13775
12915 514
12915 12439
12918 10643
12918 15268
12918 9999
12918 7456
12918 14028
12918 11865
12918 3073
12918 7827
12918 16301
12918 2753
12918 13775
12918 3013
12918 247
12918 17966
12918 11833
12918 5525
12918 13006
12918 9942
12918 13296
12918 11697
12918 16737
12920 11833
12922 11833
12924 3071
12924 14062
12924 3507
12924 1482
12924 2949
12924 4308
12924 5679
12924 13026
12924 1541
12924 9153
12924 8389
12924 4660
12924 4902
12924 8604
12924 4001
12924 16828
12924 124
12924 14471
12924 1432
12924 3468
12924 10651
12924 16328
12924 11353
12924 17911
12924 14787
12924 3660
12924 4112
12926 7468
12926 14831
12926 16888
12926 16376
12926 15851
12926 13413
12926 17919
12926 230
12926 1939
12926 8530
12926 11882
12926 10781
12926 15580
12926 7258
12926 6652
12926 12881
12926 16344
12926 1998
12926 11056
12926 882
12926 17413
12926 12488
12926 9910
12926 5558
12926 2052
12926 8174
12926 17108
12926 6811
12926 9084
12926 10748
12926 2976
12926 11553
12926 17506
12926 12621
12926 6049
12926 1328
12926 15951
12930 8675
12937 8912
12937 18448
12937 9017
12937 9198
12937 14750
12937 11885
12937 11532
12937 16233
12937 17521
12937 8613
12937 12314
12937 5215
12937 9392
12937 7720
12937 4939
12938 5382
12939 10437
12939 1829
12941 14100
12942 1813
12942 13946
12942 9722
12942 2661
12942 1154
12942 4816
12942 3271
12942 9296
12942 297
12942 17263
12942 13373
12942 7063
12942 456
12942 5786
12942 14888
12942 15467
12942 17792
12942 2872
12942 18194
12942 17825
12944 13652
12944 9166
12944 4690
12944 13340
12945 12944
12945 1371
12945 8556
12945 13225
12945 1126
12945 16853
12945 3422
12945 15345
12945 1473
12945 17789
12945 6506
12945 17960
12945 17673
12945 3455
12945 10389
12945 18242
12945 6887
12945 6558
12945 8719
12945 15323
12945 15865
12945 1084
12945 15714
12945 16210
12945 7992
12945 10670
12945 16366
12945 5631
12945 8435
12945 7891
12945 13985
12951 15244
12951 6888
12951 13643
12951 3140
12951 15068
12951 11182
12951 5755
12951 10790
12951 9117
12951 1846
12951 9434
12951 1809
12954 4841
12954 11728
12954 18007
12955 10340
12961 12687
12962 10953
12962 2111
12964 4909
12964 8217
12964 13449
12964 13508
12964 12717
12968 4750
12968 7709
12968 13995
12969 9868
12976 13011
12976 9826
12976 1857
12976 15246
12976 9038
12976 16348
12976 10384
12977 7720
12977 17673
12977 766
12985 4949
12987 1850
12989 9933
12989 17305
12992 17666
12992 17744
12992 11617
12992 13887
12992 4676
12992 4261
12992 17537
12992 14993
12992 3666
12992 13952
12992 10498
12992 15889
12992 11403
12992 18153
12993 2720
12993 6594
12993 8912
12993 11837
12993 12937
12993 15264
12993 4665
12993 6817
12993 208
12993 8620
12993 16034
12993 14729
12993 5776
12993 1490
12993 1735
12993 8667
12993 5938
12993 2154
12993 15389
12993 10996
12993 446
12993 6887
12993 8013
12993 17538
12993 12162
12993 4947
12996 6360
12999 9220
12999 15243
13003 5161
13004 11968
13004 12377
13004 11346
13006 11865
13006 1219
13006 11833
13006 12586
13007 9539
13010 5682
13010 2250
13010 6469
13010 9524
13010 16296
13010 5803
13010 1840
13010 13446
13010 9115
13010 16221
13012 1781
13012 13445
13012 3117
13012 10089
13014 17666
13014 10826
13014 15966
13014 17688
13014 17275
13014 16911
13014 2484
13014 15810
13014 12905
13014 10085
13014 7519
13014 3117
13014 6580
13014 10329
13014 12566
13014 3296
13014 9964
13014 5010
13014 9868
13014 277
13014 2474
13014 5955
13014 1995
13014 16592
13014 5776
13014 15150
13014 1490
13014 3520
13014 2324
13014 13887
13014 1923
13014 4905
13014 18336
13014 6573
13014 6297
13014 17337
13014 8491
13014 4061
13014 13456
13014 14350
13014 16891
13014 8029
13014 14005
13014 16305
13014 17770
13014 11465
13014 2887
13014 5797
13014 5153
13014 5873
13014 6294
13014 3932
13014 6223
13014 1472
13014 6649
13014 17673
13014 10078
13014 12339
13014 17947
13014 9198
13014 1340
13014 17936
13014 3165
13014 12602
13014 3850
13014 15397
13014 1126
13014 16133
13014 10722
13014 7720
13014 16631
13014 14756
13014 6213
13014 3278
13014 3731
13014 11837
13014 14729
13014 3887
13014 3176
13014 9883
13014 13090
13014 16563
13014 6163
13014 2509
13016 13367
13018 15713
13021 11141
13021 7475
13021 12777
13021 6446
13021 8013
13026 8990
13026 14847
13026 652
13026 4265
13026 790
13031 18215
13031 14788
13031 10389
13033 6053
13033 15522
13033 1074
13033 6536
13033 17960
13036 6557
13038 395
13038 12032
13040 1179
13040 14406
13040 2188
13042 11851
13042 11833
13042 9153
13042 11447
13042 8023
13042 17339
13042 14882
13042 1219
13042 9702
13042 7327
13042 9952
13042 10331
13042 6368
13042 18387
13042 10612
13042 6848
13042 17684
13042 1888
13042 6026
13042 13542
13042 16351
13042 9204
13042 2391
13042 15078
13042 10854
13042 13308
13042 15470
13042 15855
13042 5108
13043 15389
13046 5277
13047 16329
13047 3975
13047 8736
13047 5139
13047 13862
13047 14680
13047 7702
13049 15713
13049 5560
13049 12602
13049 12249
13049 1126
13051 7541
13062 6734
13062 10092
13064 16954
13064 4601
13064 1490
13064 9877
13064 15333
13064 10554
13065 6766
13066 7871
13066 12602
13066 16614
13066 4690
13066 784
13066 11089
13066 9019
13066 9378
13066 13077
13066 9543
13066 7578
13066 18300
13066 13730
13066 14749
13066 13964
13066 12176
13066 1490
13066 6370
13067 8697
13069 69
13070 14230
13070 3242
13070 11746
13074 18306
13074 1070
13074 7720
13074 387
13074 18215
13074 6940
13076 3117
13076 9568
13076 16538
13076 12950
13076 4601
13076 5651
13076 14749
13076 11837
13076 8876
13077 14005
13077 6942
13078 4031
13078 11805
13078 2577
13078 3313
13078 10343
13078 8217
13078 10509
13078 12392
13078 1268
13078 823
13078 13330
13078 16351
13078 6484
13078 9158
13078 11865
13078 1189
13081 772
13081 1503
13082 2188
13082 10331
13082 5832
13082 3716
13082 6360
13084 9804
13087 5461
13087 7260
13087 11141
13087 14817
13088 5509
13088 17149
13088 3899
13090 2476
13090 15966
13090 17687
13090 15880
13090 14924
13090 9763
13094 13880
13094 14749
13094 16562
13096 17521
13096 5239
13096 5461
13096 2587
13096 11663
13096 3337
13096 15452
13096 12602
13096 13566
13096 9279
13096 12609
13096 6079
13096 12611
13096 8912
13096 1090
13096 2916
13096 4002
13096 877
13096 10918
13096 3997
13096 1555
13096 1126
13096 11520
13096 2785
13096 11423
13096 13283
13096 17989
13096 17759
13096 3307
13096 14678
13096 446
13096 6920
13096 13794
13096 4665
13096 6616
13096 14819
13096 15659
13096 3520
13096 716
13096 3132
13096 8904
13096 2937
13096 3440
13096 6614
13102 5400
13105 390
13105 7786
13105 5742
13105 12241
13105 16585
13105 7144
13106 3756
13111 11818
13111 1915
13111 3216
13111 9491
13111 7923
13111 15237
13111 15400
13111 4569
13111 7395
13111 12369
13111 11493
13111 10467
13111 7545
13111 7557
13111 1863
13111 9459
13111 3864
13111 7796
13111 12974
13111 2756
13111 7167
13111 2708
13111 16626
13111 16532
13111 13480
13111 594
13111 101
13111 16468
13111 6984
13111 10548
13111 18221
13111 12014
13111 8800
13111 4100
13111 9958
13111 15100
13111 6959
13111 4487
13111 5076
13111 6445
13111 12559
13111 674
13111 7602
13111 10285
13111 14304
13111 5340
13111 12413
13111 2396
13111 13488
13111 15926
13111 6878
13111 11610
13111 10332
13111 6537
13111 17402
13111 17920
13111 7528
13111 838
13111 12644
13111 495
13111 14070
13111 13762
13111 291
13111 14540
13111 1603
13111 4028
13111 3068
13111 13886
13111 4624
13111 7281
13111 6533
13111 2873
13111 3288
13111 8674
13111 16819
13111 16318
13111 5034
13111 10502
13114 14533
13114 9505
13114 13603
13114 1222
13114 6920
13114 14024
13114 5386
13114 18372
13118 9714
13120 14865
13125 14678
13125 3025
13125 3684
13125 13495
13125 7036
13125 1576
13125 4725
13125 9523
13125 7720
13125 9290
13125 6976
13125 7126
13125 11400
13125 10177
13125 8827
13125 719
13125 7428
13125 6234
13125 6826
13126 17156
13126 6724
13127 4954
13131 12162
13142 14231
13142 6213
13142 12309
13147 9346
13147 11342
13147 12020
13147 4644
13147 12777
13147 3337
13147 10138
13147 13526
13147 14350
13147 12201
13147 8556
13147 5667
13147 17445
13147 18100
13147 12176
13147 14865
13147 6196
13147 8710
13147 17297
13147 10554
13147 12162
13147 10852
13147 7708
13147 9392
13147 12797
13147 10127
13147 6213
13147 12249
13147 1558
13147 12575
13147 10476
13147 8796
13147 10078
13147 10086
13147 6240
13147 470
13147 1393
13147 15966
13147 14334
13147 6022
13147 16233
13147 5153
13147 17865
13147 12742
13147 7994
13147 3731
13147 4336
13147 16942
13147 11465
13147 6687
13147 9179
13147 6962
13147 7578
13149 170
13149 69
13149 10897
13151 15562
13159 8710
13159 1070
13159 7943
13159 7519
13159 9310
13159 8739
13159 8796
13159 15966
13159 9826
13159 152
13159 17960
13159 3520
13159 6325
13159 1254
13159 11488
13159 16056
13159 1141
13159 8652
13159 11170
13159 8096
13159 11532
13159 1735
13159 13989
13159 2183
13159 7891
13159 18281
13159 8761
13159 7720
13159 1371
13159 5020
13159 912
13159 16022
13159 17353
13159 16578
13159 14169
13159 8755
13159 6013
13159 9085
13159 861
13159 13431
13159 7578
13159 10041
13159 6571
13159 14556
13159 16991
13159 12201
13159 12447
13159 4544
13159 7747
13159 12935
13159 14582
13161 12374
13163 9582
13166 6297
13168 514
13168 9477
13173 13358
13173 5455
13173 9105
13176 17768
13178 4818
13178 6676
13180 6528
13180 11170
13180 4149
13180 2153
13180 8719
13180 181
13180 16046
13180 3281
13181 13950
13181 16861
13181 18191
13182 12964
13184 5982
13184 17927
13184 17366
13184 9089
13184 10641
13184 8013
13184 4241
13184 6655
13184 9624
13184 4738
13184 6594
13184 10620
13184 3607
13184 7475
13184 8139
13184 15500
13184 14024
13184 4383
13186 5589
13189 6811
13189 12685
13189 5056
13189 12561
13189 8882
13189 3545
13189 5081
13189 18127
13189 15740
13189 14261
13189 3249
13189 14424
13189 3706
13189 14157
13189 10612
13189 3457
13189 3269
13189 4255
13189 10445
13189 18068
13189 16695
13189 3674
13189 11047
13189 6063
13189 12006
13189 8217
13189 7744
13189 18389
13189 7544
13189 3499
13189 12806
13189 18030
13189 9264
13189 8355
13189 1280
13189 6572
13189 45
13189 8606
13189 2206
13189 6553
13189 15218
13189 16074
13189 8442
13189 11742
13189 8152
13189 2954
13189 13885
13189 13109
13189 16703
13192 5683
13193 14875
13193 17960
13193 12937
13193 16964
13193 8362
13193 9868
13194 11215
13194 5129
13195 18414
13195 11833
13195 10971
13200 4085
13202 9023
13203 11852
13206 1070
13206 14566
13206 1605
13206 10209
13206 6580
13206 14145
13207 6082
13208 13340
13208 11675
13211 1885
13211 15054
13211 3120
13211 13868
13211 4465
13211 14005
13211 5240
13211 8907
13214 2657
13218 3054
13218 11052
13218 5631
13218 6364
13220 15168
13220 12050
13220 3344
13220 8190
13223 2575
13227 10286
13230 1695
13230 14203
13235 18416
13235 5400
13236 8471
13236 16509
13236 12957
13236 7990
13236 9647
13236 1833
13236 10497
13239 2932
13239 17088
13239 7519
13239 16563
13241 17534
13242 13775
13242 8763
13242 15193
13242 13389
13242 1370
13242 17296
13242 13542
13243 8311
13244 6415
13252 4949
13256 13661
13256 11837
13256 13071
13256 15978
13256 14556
13256 8739
13256 17799
13256 12456
13256 10078
13256 2468
13256 15714
13256 1141
13256 4071
13256 14582
13256 15866
13256 8796
13256 3666
13256 7680
13256 9198
13256 8556
13256 2916
13256 18382
13256 12777
13256 1143
13256 12710
13256 234
13256 2508
13256 16302
13256 10554
13256 7720
13256 1962
13256 17767
13256 11517
13256 11927
13256 12977
13256 18306
13256 14544
13256 17738
13256 9409
13256 17141
13256 9234
13256 5825
13256 16303
13256 12314
13256 7939
13256 14392
13256 9392
13256 7332
13256 13159
13256 8435
13256 13868
13256 3176
13256 17954
13256 2864
13256 7811
13256 9511
13256 1393
13256 11868
13256 15585
13256 2770
13256 17267
13256 15162
13256 2657
13256 13262
13256 4335
13256 3351
13256 14164
13256 17634
13256 17960
13256 17744
13256 10182
13256 12269
13256 6294
13256 1653
13256 12533
13256 5866
13268 7914
13268 10721
13268 7150
13268 12973
13268 13613
13268 3787
13268 10790
13268 13711
13268 5711
13269 1314
13269 873
13269 11739
13271 3628
13271 5667
13271 3064
13271 9519
13274 3078
13274 14396
13274 7626
13274 4601
13274 1141
13274 7635
13274 9511
13274 5631
13274 18099
13274 10209
13274 7598
13274 6294
13274 17947
13275 2476
13278 15150
13278 1419
13280 18100
13282 13268
13282 7827
13282 5711
13282 9338
13282 8579
13282 16557
13284 3855
13284 17995
13291 9502
13291 17527
13291 8739
13291 17767
13291 10490
13291 17960
13291 17738
13291 3992
13291 1128
13291 2506
13291 707
13291 4193
13291 8556
13291 7747
13291 13062
13291 9346
13291 9742
13291 11755
13291 1084
13291 529
13291 15534
13291 18215
13291 6093
13291 9750
13291 5239
13291 15246
13291 6818
13292 7456
13292 15210
13292 13591
13293 15713
13294 11833
13296 1955
13297 2078
13297 871
13299 15905
13299 17600
13299 112
13299 2424
13300 9298
13300 8691
13300 9719
13300 12306
13300 14931
13300 1770
13300 7827
13300 6841
13300 10738
13300 9811
13300 4554
13300 17506
13300 11865
13300 13643
13300 5343
13300 443
13300 2188
13300 5453
13300 1232
13300 3059
13300 1179
13300 3728
13300 13303
13300 14801
13300 5449
13300 5829
13300 8819
13300 8266
13300 1208
13300 14769
13300 10854
13300 1129
13300 9917
13300 15369
13300 10654
13300 10257
13300 16176
13300 7019
13300 11805
13300 16359
13300 15730
13300 13542
13300 17982
13300 7449
13300 8104
13300 867
13300 13775
13300 3824
13300 790
13300 11608
13300 10561
13300 8555
13300 14353
13300 2084
13300 7541
13300 14680
13300 12642
13300 2020
13300 11323
13300 2997
13300 10104
13300 3093
13300 7166
13300 8235
13300 15621
13300 7483
13300 7431
13300 11833
13300 16260
13300 9253
13300 7117
13300 17937
13300 4085
13300 5055
13300 3341
13300 17390
13300 6049
13300 17980
13300 17194
13300 124
13300 16123
13300 305
13300 2482
13300 5400
13300 17184
13300 701
13300 6210
13300 3073
13300 6100
13300 12624
13300 3432
13300 14360
13300 10643
13300 14692
13300 14537
13300 1492
13300 12605
13300 5214
13300 16014
13300 183
13300 7295
13300 11307
13300 8427
13300 10633
13300 4345
13300 9832
13300 10827
13300 16515
13300 6848
13300 11411
13300 10302
13300 10835
13300 331
13300 14025
13300 17108
13300 12928
13300 10343
13300 15862
13300 3313
13300 13402
13300 17138
13300 936
13300 15969
13300 9146
13300 8799
13300 3692
13300 1887
13300 8339
13300 3051
13300 1819
13300 9942
13300 13831
13300 2364
13300 16297
13300 18054
13300 6533
13300 11408
13300 15829
13300 2496
13300 16618
13300 5305
13300 14766
13300 15508
13300 15867
13300 4063
13300 14807
13300 16871
13300 3987
13300 11812
13300 7839
13300 16002
13300 1263
13300 15470
13300 5832
13300 15781
13300 17339
13300 3742
13300 11741
13300 8164
13300 5425
13300 13163
13300 15738
13300 15031
13300 15617
13300 4917
13300 4949
13300 9282
13300 14730
13300 17118
13300 14818
13300 8037
13300 3001
13300 16555
13300 15776
13300 17361
13300 8426
13300 2345
13300 1915
13300 9187
13300 8322
13300 11548
13300 5501
13300 5198
13300 3242
13300 7620
13300 1219
13300 9223
13300 2234
13300 12526
13300 9228
13300 16463
13300 17043
13300 8684
13300 14415
13300 14863
13300 5478
13300 2052
13300 12669
13300 7239
13300 2402
13300 823
13300 5525
13300 2461
13300 8469
13300 9804
13300 15332
13300 3736
13300 2190
13300 9876
13300 8913
13300 8545
13300 12129
13300 16746
13300 11219
13300 13228
13300 9747
13300 13963
13300 16259
13300 18450
13300 2728
13300 523
13300 16369
13300 12919
13300 15696
13300 518
13300 9381
13300 6964
13300 5520
13300 15460
13300 9789
13300 2714
13300 4150
13300 6872
13300 11312
13300 9893
13300 1011
13300 9934
13300 14067
13300 13276
13300 17181
13300 1952
13300 78
13300 9158
13300 18416
13300 383
13300 15896
13300 6679
13300 10850
13300 4924
13300 11736
13300 3737
13300 10990
13300 7806
13300 5658
13300 545
13300 12916
13300 13006
13300 18148
13300 15078
13300 13809
13300 16248
13300 5607
13300 1476
13300 13481
13300 5057
13300 7443
13300 15314
13300 12595
13300 5066
13300 5806
13300 2306
13300 4846
13300 8462
13300 13286
13300 8190
13300 1696
13300 15809
13300 1809
13300 1936
13300 5362
13300 9113
13300 5260
13300 10013
13300 6700
13300 15358
13300 17310
13300 8513
13300 6888
13300 10573
13300 16243
13300 1548
13300 13172
13300 9213
13300 1394
13300 9576
13300 17036
13300 134
13300 15359
13300 18111
13300 13466
13300 9066
13300 1994
13300 9504
13300 18387
13300 8870
13300 17164
13300 15046
13300 18371
13300 11418
13300 12973
13300 15815
13300 4744
13300 13494
13300 15437
13300 7362
13300 1888
13300 7684
13300 4818
13300 8525
13300 8443
13300 15746
13300 9417
13300 9419
13300 9676
13300 7841
13300 3233
13300 13157
13300 11246
13300 10430
13300 10457
13300 2292
13300 10612
13300 3912
13300 4928
13300 4167
13300 7367
13300 752
13300 17381
13300 8366
13300 10331
13300 5678
13300 15718
13300 5399
13300 12809
13300 3223
13300 9828
13300 14631
13300 5470
13300 7150
13300 7917
13300 5622
13300 15888
13300 3630
13300 15129
13300 12066
13300 18233
13300 10601
13300 8118
13300 12331
13300 2110
13300 11221
13300 18348
13300 10814
13300 7727
13300 16496
13300 18391
13300 9797
13300 4311
13300 6037
13300 5566
13300 6122
13300 9090
13300 8669
13300 16620
13300 6621
13300 415
13300 7835
13300 6725
13300 4938
13300 1137
13300 7322
13300 10749
13300 14376
13300 5446
13300 4979
13300 5987
13300 12852
13300 9834
13300 16923
13300 2222
13300 18151
13300 2010
13300 15207
13300 10417
13300 10833
13300 5377
13300 11380
13300 2177
13300 9242
13300 2593
13300 9441
13300 2523
13300 18043
13300 17637
13300 5724
13300 8499
13300 11932
13300 7276
13300 13846
13300 1315
13300 15872
13300 13379
13300 11798
13300 2989
13300 15646
13300 6786
13300 5531
13300 6338
13300 10734
13300 16013
13300 2498
13300 7722
13300 18451
13300 10098
13300 6318
13300 17291
13300 17278
13300 5288
13300 163
13303 9993
13303 2295
13305 9893
13306 5400
13306 10612
13306 16243
13306 11418
13307 7786
13307 11901
13307 4616
13307 3337
13307 17098
13308 9942
13308 11865
13308 107
13308 10835
13308 9896
13308 8841
13308 17397
13308 8799
13308 2716
13308 7827
13308 6104
13308 9269
13308 13796
13308 17468
13308 6338
13308 2052
13308 4949
13308 9078
13308 16143
13308 7233
13308 13389
13308 13646
13308 16737
13308 10893
13308 14801
13308 13415
13308 8514
13308 18391
13308 16055
13308 15470
13308 14028
13309 10041
13309 4984
13309 12777
13309 15869
13309 514
13309 12339
13309 14341
13309 6297
13317 13377
13319 9824
13319 4154
13322 13901
13322 10384
13322 14118
13322 5522
13322 14880
13322 2657
13324 5057
13325 13874
13325 16684
13325 16394
13325 18284
13325 8123
13325 4452
13328 10991
13329 5153
13329 8013
13329 5461
13329 9479
13329 14183
13329 7715
13331 18387
13336 13271
13336 3064
13336 13088
13336 5259
13336 13451
13336 4336
13339 6049
13339 13300
13339 17108
13339 11847
13339 13643
13339 14778
13339 4345
13339 17278
13339 1871
13339 7049
13339 1149
13339 396
13339 12261
13339 8123
13339 9946
13339 9013
13339 5439
13339 9562
13340 9179
13340 12162
13340 6213
13340 16015
13340 12533
13340 234
13340 11617
13340 8556
13340 3171
13340 4806
13340 8790
13340 12566
13340 3736
13340 6472
13340 14553
13340 2154
13340 8796
13340 9687
13340 1631
13340 8718
13340 701
13340 2657
13340 13031
13340 5010
13340 7010
13340 9017
13340 8719
13340 4583
13340 8710
13340 14193
13340 10826
13340 15452
13340 12339
13340 1393
13340 14334
13340 9826
13340 6375
13340 18242
13340 946
13340 4690
13340 15121
13340 14164
13340 784
13340 6412
13340 15385
13343 18259
13343 15265
13343 2069
13343 6715
13343 2455
13343 18073
13343 6297
13343 5647
13343 17960
13343 5683
13343 14341
13350 4676
13350 2468
13350 8010
13350 5797
13350 9659
13352 10842
13352 13417
13352 3122
13354 8327
13354 7735
13354 13729
13354 1888
13354 17397
13354 9342
13354 1268
13354 10331
13354 17642
13355 18327
13356 14025
13357 1393
13362 1365
13369 11595
13370 12624
13372 15992
13372 7720
13372 10497
13372 16671
13372 16834
13372 6072
13372 5272
13372 4852
13372 15392
13372 4056
13376 12275
13376 12162
13379 12388
13379 8484
13379 8469
13379 12374
13379 16269
13379 17194
13379 9621
13379 10643
13379 15646
13379 13775
13379 14668
13380 14714
13380 583
13380 9259
13380 4757
13380 13462
13380 5180
13380 14842
13380 5933
13380 2763
13380 2693
13380 12827
13380 15900
13380 6870
13380 18121
13380 17208
13384 16872
13385 16001
13386 11833
13386 4949
13386 11865
13387 8776
13387 7600
13387 14484
13387 15466
13387 7542
13387 5803
13387 6789
13387 15439
13387 8597
13388 9017
13388 13730
13388 2153
13388 7423
13390 4442
13392 15452
13394 13434
13394 4758
13394 9691
13394 4880
13394 2683
13394 2213
13394 13651
13394 2549
13394 7959
13394 3204
13394 4713
13394 16389
13394 1126
13394 5324
13394 14551
13394 7951
13394 2104
13394 1153
13394 14750
13394 8199
13394 7055
13394 11678
13394 6798
13394 1981
13400 15013
13400 12740
13402 3588
13402 1695
13402 8752
13402 5678
13402 12331
13402 13516
13403 5060
13403 16701
13403 14680
13403 13643
13403 5525
13403 517
13403 13613
13407 14467
13409 2255
13412 18323
13412 10990
13415 4167
13415 15896
13415 1819
13415 12568
13415 1377
13415 13643
13415 11418
13415 16260
13415 9158
13417 14727
13417 6558
13417 14358
13419 8772
13420 7321
13420 14622
13420 1857
13420 9523
13420 3520
13420 7648
13420 10184
13422 18327
13424 1980
13424 15439
13427 10460
13427 921
13427 7620
13427 14032
13427 5139
13427 1459
13427 823
13427 13149
13427 5026
13427 17339
13428 7786
13428 8575
13428 13794
13428 6774
13428 8710
13428 15714
13428 3324
13428 10918
13428 4247
13428 12861
13428 17521
13428 16559
13428 15978
13428 8010
13428 16077
13428 8563
13428 14729
13428 16241
13428 9783
13428 6722
13428 3544
13428 14105
13428 9911
13428 2518
13428 15966
13428 8115
13434 3204
13434 1490
13434 1148
13434 2619
13434 7519
13434 15713
13434 121
13434 12602
13434 13679
13434 11531
13434 7162
13434 8556
13436 9903
13436 10078
13437 3341
13437 4085
13440 121
13440 15767
13440 12637
13440 9198
13440 3024
13440 12375
13440 13993
13440 4258
13443 6238
13443 4607
13443 14982
13444 5328
13444 5469
13444 18073
13444 10068
13444 14804
13444 16392
13444 3875
13444 15451
13444 6240
13444 3010
13445 1084
13445 6443
13445 11156
13445 14358
13445 15892
13445 12241
13445 17380
13445 3132
13445 9826
13445 15333
13445 8719
13445 6940
13445 15430
13445 5215
13445 152
13445 9166
13445 99
13451 3628
13451 13671
13453 6625
13453 5377
13456 9198
13456 16397
13458 4097
13458 2833
13458 13959
13458 13328
13458 16638
13458 1200
13458 12072
13458 9756
13458 6128
13458 7068
13461 5754
13468 3440
13468 1126
13468 8073
13468 5984
13468 8447
13468 4860
13468 13031
13468 6282
13468 3120
13468 9209
13468 18136
13468 15551
13468 10066
13468 277
13468 7711
13468 13868
13468 17785
13468 9315
13468 5153
13472 16155
13472 14090
13473 2668
13477 5480
13478 6870
13478 18024
13486 6848
13486 9417
13486 17339
13486 3919
13489 16239
13489 14005
13489 7715
13489 16168
13489 10067
13489 13730
13489 16387
13489 9038
13489 6594
13489 10663
13489 11224
13489 4366
13489 13340
13489 12148
13489 13445
13489 4601
13489 12108
13489 15966
13489 1151
13489 14637
13489 13053
13489 5153
13493 2137
13493 5057
13493 17746
13504 13107
13504 8251
13504 3321
13504 8499
13504 10343
13504 3672
13504 17306
13504 18278
13504 3630
13504 13796
13504 3970
13504 1158
13504 6619
13504 56
13504 1190
13504 17932
13504 1888
13504 6077
13504 14573
13504 11724
13504 17339
13504 15304
13504 4728
13504 6346
13504 5950
13504 3059
13504 16657
13508 13516
13510 3758
13511 2021
13515 13882
13515 10991
13516 8093
13516 9952
13516 331
13516 14444
13516 891
13516 1418
13517 5377
13521 16375
13524 12710
13524 1537
13525 3136
13525 2037
13525 239
13525 6222
13525 8009
13525 2950
13525 3126
13529 3428
13529 8796
13529 12861
13529 2914
13529 13782
13529 17960
13529 13611
13529 16292
13529 13617
13529 9017
13529 3033
13529 10826
13529 14880
13529 11215
13529 3176
13534 17525
13534 10194
13537 17184
13540 15440
13540 6493
13540 15657
13540 6443
13540 2945
13540 5776
13540 8739
13540 12593
13540 8796
13543 6239
13545 15565
13545 18215
13545 13598
13545 6240
13545 15086
13545 3176
13545 10250
13545 2476
13545 14311
13545 1773
13545 529
13545 14908
13545 14788
13545 772
13545 13794
13545 6557
13545 13185
13545 6213
13545 18062
13545 15966
13545 7720
13545 12931
13551 14467
13552 12459
13552 3388
13554 4429
13562 8504
13562 4141
13562 13730
13563 10826
13563 13014
13565 1039
13565 4206
13565 2231
13565 4438
13565 13270
13565 5727
13565 13272
13565 6049
13565 298
13565 6353
13565 1617
13565 17568
13565 17510
13565 11245
13565 16958
13565 13641
13565 16577
13565 14124
13565 13593
13565 7842
13566 7147
13566 3136
13566 10184
13568 6520
13570 6473
13571 14003
13571 4898
13571 14100
13571 16007
13573 7720
13580 10218
13580 18183
13580 10593
13580 1705
13580 651
13580 8424
13580 10277
13582 18448
13584 17917
13584 17782
13587 95
13588 6720
13588 7200
13588 7336
13588 3819
13592 17011
13592 1206
13592 12196
13592 6411
13592 11619
13592 7125
13592 376
13592 12917
13592 17274
13592 14906
13592 8400
13592 11741
13592 10484
13592 1167
13592 11312
13592 6173
13592 15275
13592 446
13592 166
13592 7743
13592 9334
13592 13724
13592 7764
13592 4185
13592 9796
13593 3073
13593 12421
13593 4949
13593 9338
13593 10854
13596 11517
13596 13133
13597 3275
13601 13150
13601 5921
13601 9868
13602 6570
13602 6386
13602 13015
13604 3737
13604 9692
13606 11456
13606 13388
13606 6558
13607 18279
13608 13283
13608 14244
13608 5153
13608 14945
13608 2591
13608 17801
13608 12176
13608 16493
13608 12514
13608 13620
13608 9073
13608 3731
13608 10962
13608 13031
13608 12181
13608 13814
13608 7578
13608 10550
13608 9251
13608 401
13608 10012
13608 9166
13608 4481
13608 14729
13608 14150
13608 1934
13608 12471
13608 11674
13608 12241
13608 12162
13608 6213
13608 14467
13613 7724
13614 16595
13616 3104
13616 6636
13617 5995
13618 7328
13618 17056
13618 7464
13618 17678
13618 13598
13618 1526
13619 13960
13619 9020
13620 9825
13624 4051
13624 3004
13624 8823
13624 4401
13630 3120
13630 9753
13635 1397
13635 2864
13635 12705
13635 10200
13638 12220
13643 9419
13646 5501
13646 15243
13646 8799
13646 2322
13646 8190
13646 13296
13646 11865
13646 7761
13646 11833
13646 9893
13646 13389
13646 4949
13646 10612
13646 14415
13646 8843
13646 10990
13646 16055
13646 16737
13646 14631
13646 10396
13646 6848
13646 13308
13646 10331
13646 3073
13646 9942
13646 13006
13648 4841
13648 7055
13648 1694
13648 3450
13648 4713
13648 2798
13651 15937
13652 13250
13652 13814
13652 12523
13652 14504
13652 10078
13652 13340
13652 10596
13652 15966
13652 12710
13652 4544
13652 9826
13652 4139
13652 11215
13652 7671
13652 1490
13652 3603
13652 2779
13652 5667
13652 1393
13652 3814
13652 6755
13652 15452
13652 16056
13652 377
13652 3296
13652 7518
13652 3890
13652 4590
13652 9392
13652 13256
13652 12841
13652 13950
13652 17206
13652 11837
13652 3120
13652 6167
13652 5849
13652 5578
13652 4481
13652 14759
13652 8335
13652 17634
13652 17156
13652 15150
13652 4056
13652 12571
13652 17895
13652 9131
13652 5776
13652 13682
13652 372
13652 12108
13652 9331
13652 7798
13652 5665
13652 7578
13652 4869
13652 1934
13652 11342
13652 14553
13652 12172
13652 4907
13652 16904
13652 3914
13652 8796
13652 5240
13652 4169
13652 10039
13652 1787
13652 15714
13652 9674
13652 16233
13652 12220
13652 13526
13652 18244
13652 5579
13652 5866
13652 14169
13652 1885
13652 13632
13652 7994
13652 18215
13652 11076
13652 2468
13652 13095
13652 8096
13652 7680
13652 14885
13652 5239
13652 8719
13652 12944
13652 4062
13652 17537
13652 14419
13652 7751
13652 16387
13652 7708
13652 1046
13652 4320
13652 4865
13652 9100
13652 8678
13652 6213
13652 9742
13652 14145
13652 13901
13652 12660
13652 17644
13652 4601
13652 13357
13652 16579
13652 16360
13652 12157
13652 784
13652 12607
13652 10483
13652 18300
13652 15971
13652 9868
13652 3176
13652 8556
13652 7036
13652 8291
13652 14396
13652 11488
13652 3982
13652 12339
13652 16961
13652 2484
13652 14467
13652 766
13652 9511
13652 9540
13652 6799
13652 8667
13652 6443
13652 16374
13652 3677
13652 14005
13652 16938
13652 11296
13652 12053
13652 13985
13652 6208
13652 12217
13652 7146
13652 12977
13652 10729
13652 3234
13652 7271
13652 3861
13652 16787
13652 4242
13652 18281
13652 10550
13652 5402
13652 16058
13652 8561
13652 2100
13652 4668
13653 12261
13653 13643
13654 9397
13654 6314
13657 3913
13657 14813
13660 15197
13660 7839
13660 8265
13660 13516
13661 6297
13661 15977
13661 12176
13661 14582
13661 13814
13661 18215
13661 7406
13661 9691
13661 15966
13661 12220
13661 1876
13661 10722
13661 5461
13661 10068
13661 3117
13664 11293
13664 10389
13664 1896
13664 6330
13664 7720
13664 10546
13664 10722
13664 12241
13664 7955
13666 13730
13666 3491
13670 14618
13671 11837
13672 7542
13672 4874
13672 15697
13672 969
13672 2918
13672 17493
13672 1263
13672 15720
13672 4982
13672 12126
13672 6261
13672 8101
13672 5375
13672 695
13672 7106
13672 16467
13672 11553
13672 13302
13672 17102
13672 6338
13672 6720
13672 14792
13672 3434
13672 14648
13672 18454
13672 10745
13672 6030
13672 1117
13672 14152
13672 6530
13672 6778
13672 15198
13672 12972
13673 5566
13673 4949
13673 7276
13673 7300
13673 6192
13673 10790
13673 3059
13673 14682
13673 18391
13673 9942
13673 15068
13674 14844
13676 982
13676 13593
13676 4252
13678 6443
13678 10609
13678 8710
13683 7578
13688 15216
13688 4116
13688 1084
13689 11393
13689 634
13689 11837
13689 15713
13692 5474
13692 13300
13692 16820
13692 1149
13692 2994
13692 9959
13692 5439
13692 5550
13692 12588
13692 9562
13692 16369
13692 6815
13692 7156
13692 16106
13692 4132
13692 279
13692 7710
13692 6031
13692 7431
13692 11805
13692 2188
13692 12624
13692 18391
13694 9942
13694 15969
13694 2974
13694 8950
13694 7840
13694 3196
13694 14631
13694 2207
13694 14376
13694 6968
13694 5566
13694 4970
13694 11582
13694 247
13695 8429
13696 7823
13696 15771
13703 1694
13703 6143
13707 18244
13713 8287
13713 10286
13717 18297
13719 6758
13719 7226
13719 17960
13719 529
13731 14741
13731 5460
13731 3136
13731 18281
13731 16697
13731 14008
13731 14575
13731 9624
13731 12602
13731 7055
13731 12339
13731 7994
13733 1981
13733 2154
13733 1607
13733 7237
13733 1657
13736 3422
13736 3732
13736 6053
13736 4139
13736 17634
13736 10663
13736 5215
13736 10483
13736 398
13736 613
13736 7770
13736 7406
13736 9198
13736 13445
13736 653
13736 3117
13736 3191
13736 13847
13736 14553
13736 9234
13736 12742
13736 1631
13736 10670
13736 16249
13736 17651
13738 10790
13738 11281
13748 13351
13748 14582
13754 13617
13757 16014
13758 18300
13759 9148
13759 4562
13759 18348
13759 13861
13759 11805
13765 4911
13766 17323
13766 14283
13766 2625
13766 7509
13766 14933
13766 10096
13766 14394
13766 11475
13766 15263
13766 15730
13766 17730
13766 12246
13766 10989
13766 8909
13766 13205
13766 12266
13766 11346
13766 341
13766 6225
13766 14404
13766 8979
13766 351
13766 3972
13766 14274
13766 3643
13766 5059
13766 11767
13766 11070
13766 7283
13766 15343
13766 16300
13766 12144
13766 7839
13766 11893
13767 10389
13767 5605
13767 4974
13770 13006
13770 7456
13779 11312
13782 7476
13782 4977
13782 18257
13782 257
13782 529
13782 6196
13784 16839
13784 14082
13784 5010
13785 17941
13794 17845
13796 13775
13804 11751
13804 3114
13804 4752
13804 4632
13804 9971
13804 5329
13804 6549
13804 15713
13804 6325
13804 15246
13804 2348
13804 13943
13804 5578
13804 13682
13804 5285
13804 10816
13804 17320
13806 7488
13810 7839
13811 3982
13812 13359
13812 9392
13812 4815
13812 11327
13813 14052
13816 11312
13816 15125
13816 12043
13818 660
13818 4601
13818 16539
13818 8096
13818 239
13818 2467
13818 13982
13818 5387
13818 7036
13818 616
13818 12865
13818 7720
13818 14137
13821 7720
13821 14145
13821 11837
13821 122
13821 529
13821 6928
13821 10337
13821 6534
13821 7127
13821 18074
13821 5010
13821 11333
13821 10729
13826 4880
13828 4548
13828 8981
13828 523
13828 7703
13828 6473
13828 3071
13828 9419
13828 8583
13828 6554
13828 13123
13828 18391
13828 3239
13828 4562
13828 2471
13828 11548
13828 6026
13828 10790
13828 1404
13828 17390
13828 16196
13828 9942
13828 3987
13828 13775
13832 18328
13832 1419
13832 7715
13832 4620
13832 17454
13832 12836
13832 7635
13832 8457
13832 9193
13835 18029
13835 15914
13835 15173
13835 12411
13840 9550
13841 3731
13841 17214
13841 6161
13841 11437
13841 13566
13841 4217
13841 15616
13841 16410
13841 15633
13841 953
13841 6436
13841 946
13841 13349
13842 15726
13842 15199
13842 16938
13842 11674
13845 6049
13845 18396
13848 7715
13850 6179
13850 1203
13850 18104
13850 2841
13850 16034
13850 6755
13850 7407
13850 16539
13850 1894
13850 16861
13850 15188
13850 9010
13864 13995
13868 2631
13868 10366
13868 16481
13868 8548
13868 3146
13868 8060
13868 5240
13868 11384
13868 1126
13868 8796
13870 14686
13870 17338
13870 8659
13870 4620
13871 1490
13871 12602
13871 9691
13871 770
13875 17214
13887 6134
13887 13632
13889 18374
13890 17086
13890 1913
13890 14991
13892 16228
13893 6294
13893 3979
13893 15966
13893 18215
13893 8447
13893 13617
13893 5873
13894 11833
13894 5425
13896 11436
13900 14252
13900 17506
13900 1592
13900 2553
13900 12452
13900 2655
13900 1058
13900 6215
13900 8369
13900 5657
13900 17237
13900 961
13901 13482
13905 15036
13906 14263
13906 8799
13909 13610
13909 5343
13909 16262
13909 1263
13909 1219
13909 15867
13909 6533
13909 7233
13909 12427
13909 17784
13909 3647
13909 8166
13909 1058
13909 6473
13909 3313
13920 7150
13920 13006
13929 17883
13930 18215
13935 6274
13935 16618
13935 463
13935 3630
13935 12919
13935 15825
13935 855
13935 7239
13935 12103
13935 12605
13935 15182
13937 2743
13939 16146
13939 11426
13941 13542
13941 6026
13941 8136
13943 16281
13951 10961
13951 6788
13955 864
13955 13300
13955 15326
13962 15811
13962 18128
13962 15073
13962 16369
13964 7939
13964 494
13965 11865
13965 3073
13966 5010
13966 5329
13966 9133
13966 4860
13966 2375
13966 6920
13966 4104
13966 5776
13966 16834
13966 15992
13966 877
13966 4690
13966 8911
13966 11403
13966 15331
13966 11215
13966 9132
13966 15150
13966 5416
13966 8322
13966 4696
13966 9198
13966 13340
13966 720
13966 4056
13966 17960
13966 14750
13966 4601
13966 16010
13966 461
13966 15703
13966 13880
13966 12051
13966 15714
13968 4949
13968 518
13968 590
13968 6049
13968 15132
13969 4939
13971 9893
13974 1141
13974 16132
13974 2950
13978 11235
13978 1126
13978 6477
13978 200
13978 6213
13978 1694
13978 2187
13978 12833
13978 16374
13978 16281
13978 15649
13978 12514
13978 13794
13978 13275
13978 1393
13978 11170
13978 984
13978 9826
13980 16861
13980 14939
13980 17459
13980 9155
13980 2118
13980 8796
13980 6837
13981 8907
13981 7603
13981 17538
13981 395
13981 14364
13981 12051
13981 6024
13981 16249
13981 12566
13981 3393
13981 6163
13981 4396
13981 16281
13981 2701
13981 17521
13981 1070
13981 16051
13981 17454
13981 6580
13981 7635
13981 17236
13981 6297
13981 15565
13981 12753
13981 4644
13981 3257
13981 11423
13981 15389
13981 10389
13981 5461
13981 11837
13981 6571
13981 17723
13983 12881
13985 12964
13985 15966
13986 4676
13986 9330
13986 67
13986 10078
13988 16620
13989 4268
13990 8956
13991 15366
13991 14970
13991 3731
13991 4005
13991 5410
13991 14786
13991 3458
13991 18215
13991 772
13998 10991
13998 16569
13998 14462
13998 2115
13998 5806
13998 13473
13998 115
13998 2414
13998 16388
13998 14509
13998 18308
13998 17363
13998 16131
13998 8359
13998 11106
13998 13022
13998 82
14001 13847
14003 15073
14005 8675
14005 10078
14005 10826
14005 2945
14005 7947
14005 17537
14005 9166
14005 3932
14005 1126
14005 1068
14005 3278
14006 17982
14006 16359
14008 17673
14008 17380
14008 5629
14008 8556
14008 7661
14008 962
14008 12181
14008 12162
14008 5958
14008 12339
14008 12937
14008 10490
14008 3337
14008 8561
14008 16663
14008 14005
14008 6693
14008 3734
14008 1885
14008 18242
14014 14680
14014 10189
14014 2188
14014 16555
14014 14692
14014 405
14014 13643
14014 5832
14014 11865
14014 8037
14018 5500
14018 6338
14018 11447
14018 16123
14018 11865
14018 14680
14018 12330
14018 10788
14018 8778
14018 3736
14018 7923
14018 3522
14018 2948
14018 1696
14018 17937
14018 3577
14018 10478
14018 16393
14018 15593
14024 12732
14024 962
14024 9568
14024 14164
14025 11805
14025 13542
14025 14617
14025 5525
14025 10008
14025 11754
14025 18276
14025 701
14025 1583
14025 15080
14025 3679
14025 4709
14025 8676
14025 12033
14025 11591
14025 4804
14025 3059
14025 8102
14025 2874
14025 15316
14025 6473
14025 17339
14025 18179
14025 10612
14025 14680
14025 9789
14025 8819
14025 790
14025 2594
14025 13516
14025 7633
14025 8568
14025 4345
14025 4969
14025 15059
14025 9952
14025 7827
14025 4830
14025 15204
14025 2188
14025 7125
14025 9419
14025 9942
14025 16193
14025 9893
14025 265
14025 11741
14025 12398
14025 107
14025 1753
14025 776
14025 3692
14025 5425
14025 12642
14025 11870
14025 8691
14025 2110
14025 10898
14025 11312
14025 1888
14025 518
14025 1924
14025 11523
14025 16704
14025 3956
14025 6257
14025 7141
14025 11930
14029 16918
14030 154
14030 8710
14030 18212
14030 14137
14030 3731
14030 446
14030 9996
14030 4070
14030 12602
14031 13432
14035 15896
14035 5362
14037 17353
14037 12710
14037 11309
14037 4056
14037 7476
14037 14108
14037 11678
14037 8377
14037 5669
14037 5866
14037 16890
14037 4141
14037 12977
14037 10368
14037 10637
14037 13859
14037 14553
14037 13794
14037 9966
14037 1203
14037 3974
14037 16364
14037 9750
14037 16498
14037 15878
14037 8844
14037 3327
14037 15440
14037 13179
14037 17521
14037 11110
14037 14137
14037 5046
14037 14657
14037 14729
14037 18104
14037 13817
14037 2243
14037 4696
14037 13730
14037 4387
14037 5851
14038 14254
14042 4672
14042 3087
14047 10367
14047 15051
14048 18416
14049 13775
14049 4949
14049 2563
14049 10301
14049 6360
14049 13006
14049 780
14049 11833
14049 13242
14049 5425
14049 10367
14049 11541
14049 776
14049 2568
14049 2632
14049 714
14049 15051
14049 16515
14049 8525
14049 6034
14049 13836
14049 12486
14049 14768
14049 12687
14049 8819
14049 11805
14049 5017
14049 14497
14049 1971
14049 7097
14049 17291
14051 11631
14051 14742
14051 17390
14051 6769
14051 17433
14051 17089
14055 14869
14056 6986
14056 3424
14056 8230
14056 8639
14056 6049
14056 9890
14056 18144
14057 10405
14057 9868
14060 12242
14064 12948
14068 4070
14069 259
14071 6724
14077 17834
14077 5153
14077 880
14079 8504
14083 12247
14088 1304
14088 5176
14089 17149
14089 14222
14089 9664
14089 8912
14089 10492
14091 8141
14092 15079
14092 6452
14092 7946
14093 13169
14095 265
14098 17160
14098 3666
14098 12220
14098 4056
14099 6788
14099 16975
14103 15950
14103 16409
14103 14140
14104 5643
14105 5461
14105 16964
14105 1371
14105 13664
14105 3734
14105 4676
14105 14759
14105 17775
14105 5774
14107 3141
14107 13077
14107 14561
14107 15749
14119 6437
14124 6049
14125 4018
14129 6294
14129 10165
14129 2483
14129 17279
14129 16292
14129 12566
14129 7406
14129 15966
14129 6887
14129 16056
14129 13794
14129 5866
14129 4172
14129 5438
14129 13031
14129 13632
14129 14130
14129 16909
14129 12447
14129 18301
14129 12992
14129 18322
14129 10200
14129 10626
14129 1070
14129 17497
14129 446
14130 9776
14134 12598
14135 7422
14135 4213
14136 10384
14137 11802
14137 9017
14137 11674
14137 7770
14137 944
14137 9179
14137 7592
14137 3176
14137 2433
14137 13014
14137 18064
14137 7850
14137 17275
14137 14169
14151 17997
14151 12492
14158 6047
14158 18348
14158 14187
14158 2188
14158 1208
14162 11833
14162 17620
14162 4949
14163 17960
14165 9198
14165 5381
14167 18179
14169 13617
14171 12662
14171 14563
14171 11525
14171 13992
14171 10564
14171 7281
14171 12412
14171 4529
14171 1655
14171 10877
14171 12796
14171 11606
14171 8286
14171 8506
14171 13480
14171 15845
14171 7549
14171 4080
14171 7254
14171 15568
14171 2149
14171 11276
14171 13753
14171 402
14175 9849
14175 9636
14175 12215
14176 4170
14176 2997
14176 3341
14176 4643
14176 5081
14176 13257
14176 8645
14176 13643
14176 1819
14176 1897
14176 455
14176 10561
14177 4293
14178 5980
14178 13449
14178 15152
14181 5167
14182 2038
14184 7578
14184 4544
14184 716
14184 14551
14184 14341
14184 3731
14184 14169
14184 9961
14184 8614
14184 7603
14184 6624
14184 17864
14184 4583
14184 1340
14184 668
14184 5631
14184 372
14184 12201
14184 11674
14184 17960
14184 11678
14184 1141
14184 7708
14184 5629
14184 234
14184 8861
14184 2997
14184 6611
14184 17687
14184 4952
14184 18306
14186 3107
14190 10541
14192 4026
14197 17521
14198 10953
14199 10141
14202 13303
14204 4648
14204 9419
14204 5425
14204 1263
14204 14855
14204 7514
14205 95
14209 9943
14209 10300
14210 6049
14210 532
14214 5046
14214 1851
14214 13014
14214 3120
14214 18073
14214 6558
14214 8613
14214 10212
14214 7358
14214 9843
14214 13887
14214 5153
14214 11827
14214 1556
14220 18176
14221 3059
14221 3789
14221 11312
14221 5025
14221 8164
14221 10824
14221 11548
14221 15182
14221 590
14221 790
14221 17941
14221 10612
14221 12687
14221 10893
14221 6848
14221 15884
14221 313
14221 7546
14221 3987
14221 17116
14221 13508
14221 4949
14221 16193
14221 2604
14221 7500
14221 3375
14221 8332
14221 9942
14221 10497
14221 18017
14221 3630
14221 2391
14221 7071
14224 6994
14224 6049
14230 13070
14230 8940
14230 4167
14230 3341
14233 10955
14233 12786
14234 1605
14234 13256
14237 5414
14241 10246
14241 11833
14241 13643
14241 4949
14241 9648
14241 10409
14241 3470
14241 16359
14241 8447
14241 4125
14241 16014
14241 11634
14241 3192
14241 7398
14241 2973
14241 1577
14241 7969
14241 16975
14241 6099
14241 10029
14241 6788
14244 12339
14245 16263
14247 11833
14248 9234
14248 6213
14248 13388
14248 12341
14248 10507
14248 12439
14248 953
14248 3666
14248 9868
14248 6940
14248 5919
14248 6581
14248 11617
14248 17666
14248 9179
14248 8415
14248 8309
14248 13914
14248 5567
14248 5538
14248 9550
14248 14392
14248 14350
14248 14671
14248 13730
14248 10826
14248 3176
14248 13262
14248 17051
14248 14747
14248 2506
14248 1371
14248 531
14248 18372
14248 15966
14248 2476
14248 7358
14248 7720
14248 4309
14248 7585
14248 8082
14248 17206
14248 11532
14248 4056
14251 15992
14256 8707
14257 1126
14259 14350
14261 14025
14261 14258
14261 5880
14261 6321
14261 124
14261 7265
14261 13636
14263 10782
14263 11180
14266 11823
14266 5967
14266 12881
14266 11890
14266 5678
14266 3090
14266 18312
14267 1888
14267 14631
14267 12919
14267 15948
14267 10512
14270 12987
14270 14912
14270 18247
14272 2367
14272 2686
14272 4320
14285 9497
14285 13458
14286 13950
14287 15532
14287 10346
14287 7621
14288 3117
14288 15315
14288 7626
14288 7406
14288 18215
14288 5416
14288 13989
14288 7720
14288 12360
14288 2701
14288 634
14288 27
14288 15064
14288 10591
14288 9179
14288 3914
14288 15603
14288 17960
14288 10729
14288 17141
14288 9152
14288 13847
14288 2187
14288 5776
14288 2506
14288 6022
14288 15963
14288 14671
14288 4644
14289 10469
14289 17802
14293 14908
14293 5235
14293 9656
14293 3731
14293 15272
14293 9511
14293 12602
14293 17141
14293 3412
14293 4544
14293 4336
14293 18440
14293 15713
14293 4596
14293 16049
14293 6670
14293 8013
14293 9250
14293 4860
14293 12249
14293 8504
14293 16907
14293 17149
14293 10917
14293 11388
14293 15703
14293 362
14297 9048
14298 14748
14300 13014
14300 7720
14305 14680
14305 12194
14305 10835
14308 13782
14308 277
14308 16579
14310 11385
14311 14759
14314 4869
14314 17537
14314 1985
14314 4652
14314 15603
14315 5192
14315 8171
14317 4590
14318 11344
14318 18069
14324 1970
14324 6788
14324 14301
14324 4891
14324 17506
14324 7991
14325 10854
14325 1914
14325 12036
14325 2099
14325 17573
14325 4167
14325 16555
14325 3059
14326 6049
14326 9419
14326 4575
14326 4996
14326 12261
14326 7624
14327 16393
14327 11865
14329 6788
14329 6049
14329 2461
14329 5660
14329 16072
14330 10799
14330 13985
14330 18408
14330 9346
14332 2494
14332 4583
14334 9701
14341 3120
14341 7271
14347 8523
14347 13769
14347 2833
14350 12176
14352 10331
14352 16555
14356 11315
14356 4877
14356 1775
14356 15122
14356 6714
14356 7948
14356 10208
14356 9382
14356 7274
14358 6024
14358 3306
14358 5129
14358 13014
14358 8048
14358 12931
14358 15714
14358 9166
14358 7146
14358 13868
14358 17935
14358 9995
14358 2875
14358 3054
14358 17241
14358 12201
14361 13826
14363 8507
14364 7715
14364 3474
14364 14556
14364 14750
14364 3738
14364 9038
14364 6443
14364 7578
14364 10483
14364 3177
14364 14352
14365 14408
14368 6049
14377 12952
14377 10743
14379 6360
14379 4018
14379 11865
14379 16189
14379 2306
14379 8691
14379 11833
14379 12669
14379 6049
14379 16016
14379 1458
14379 17105
14379 12624
14379 3787
14379 7633
14379 14755
14379 2399
14379 14664
14379 1263
14390 14322
14390 11404
14390 17300
14390 9773
14392 1918
14392 4336
14392 9310
14392 15162
14392 5866
14392 3750
14392 9152
14392 17056
14392 11955
14392 17141
14392 7349
14393 3740
14393 5461
14393 8527
14393 16429
14393 2448
14393 7770
14393 6294
14393 9659
14393 48
14393 4583
14393 17803
14393 14342
14393 12602
14393 1141
14393 14885
14393 18282
14393 5326
14393 4972
14393 10742
14393 3521
14393 14579
14393 10965
14393 7798
14393 11465
14393 3690
14393 5631
14393 16678
14393 4549
14393 9420
14393 17149
14393 7229
14393 2852
14393 13716
14393 10722
14393 8091
14393 6035
14393 4390
14393 5153
14393 962
14393 9776
14393 9209
14393 13853
14393 17950
14393 150
14393 9041
14393 4758
14393 901
14393 2883
14393 6534
14393 7720
14393 2186
14393 5329
14393 12461
14393 8796
14393 514
14393 7729
14393 15674
14393 9198
14393 6940
14393 3126
14393 2103
14393 17260
14393 10942
14393 15633
14393 8500
14393 8185
14393 18124
14393 13456
14393 3136
14393 15303
14393 8873
14393 1861
14393 1133
14393 3846
14393 7626
14393 16089
14393 2104
14393 7362
14393 15771
14393 14005
14393 7665
14393 2547
14393 9199
14393 3337
14393 2945
14393 6830
14393 9243
14393 13088
14393 15505
14393 4606
14393 4984
14393 10216
14393 15029
14393 16135
14393 11423
14393 11270
14393 946
14393 8735
14393 18073
14393 2034
14393 6213
14393 17651
14393 9064
14393 7711
14393 13014
14393 1977
14393 7365
14393 3751
14393 4860
14393 13566
14393 3139
14393 11796
14393 13395
14393 8677
14393 10554
14393 3903
14393 3137
14393 17521
14393 4197
14393 16874
14393 308
14393 863
14393 7271
14393 11864
14393 12339
14393 446
14393 14806
14393 3076
14393 17960
14393 9224
14393 18244
14393 16805
14393 12176
14393 11498
14393 11545
14393 2779
14393 16701
14393 14243
14393 13868
14393 17908
14393 3176
14393 14374
14393 6240
14393 12048
14393 11215
14393 6281
14393 6676
14393 14632
14393 9017
14393 12351
14393 16522
14393 12360
14393 7127
14393 17834
14393 10550
14393 12631
14393 9378
14393 3731
14393 14724
14393 12051
14393 11595
14393 940
14393 1838
14393 15966
14393 15510
14393 7210
14393 11403
14393 16932
14393 136
14393 16682
14393 1627
14393 1126
14393 13278
14393 17236
14393 555
14393 6208
14393 4769
14393 11206
14393 7058
14393 6092
14393 5129
14393 10147
14393 17861
14393 8852
14393 13445
14393 15713
14393 12249
14393 4601
14393 6890
14393 15547
14393 15939
14393 6763
14393 13349
14393 12937
14393 10383
14393 9624
14393 2467
14393 4713
14393 15412
14393 835
14393 2920
14393 3455
14393 9868
14393 16578
14393 5611
14393 6415
14393 3262
14393 14137
14393 3440
14393 9449
14393 3464
14393 12566
14393 12162
14393 2570
14393 11829
14393 11517
14393 13851
14393 4106
14393 9532
14393 7714
14393 6466
14393 3307
14393 1017
14393 13340
14393 4806
14393 2065
14393 17037
14393 10102
14393 1787
14393 11680
14393 7681
14393 15978
14393 4137
14393 18192
14393 12773
14393 5804
14393 9550
14393 7406
14393 9143
14393 6799
14393 18336
14393 15371
14393 15402
14393 3117
14393 6179
14393 16627
14393 6042
14393 4682
14393 7962
14393 11827
14393 17155
14393 5549
14393 3306
14393 2765
14393 14372
14393 13032
14393 15289
14393 9152
14393 16738
14393 11138
14393 2587
14393 9899
14393 12241
14393 2243
14393 9155
14393 6891
14393 7452
14393 15967
14393 11837
14393 2824
14400 8556
14401 12687
14401 1349
14401 6888
14401 1272
14401 1011
14402 11732
14403 13211
14409 5377
14410 7519
14410 7340
14410 11948
14410 6940
14410 14169
14410 18306
14410 17960
14410 13052
14410 13326
14410 7005
14410 15771
14410 8570
14410 10486
14410 7287
14410 13340
14410 9179
14410 3176
14410 14908
14410 1631
14410 13794
14410 4714
14410 12566
14410 8530
14410 17586
14410 8556
14410 6580
14410 2813
14410 17744
14410 17206
14410 2648
14410 8936
14410 13468
14410 13985
14410 14396
14410 11944
14410 16070
14410 2950
14410 17021
14410 5010
14410 1203
14410 3982
14410 14428
14410 3992
14410 8563
14410 668
14414 15743
14415 331
14415 13308
14415 11612
14415 14530
14415 13796
14415 15316
14415 14028
14415 7839
14415 10092
14415 4526
14415 15243
14415 15059
14415 13775
14415 15326
14416 8988
14416 11156
14416 3117
14416 6196
14416 4442
14416 8415
14416 9068
14416 7519
14416 12602
14416 2813
14416 11403
14416 3120
14416 15771
14416 8013
14416 716
14416 13340
14416 8614
14416 5046
14416 2506
14416 1473
14416 7635
14416 13689
14416 6247
14416 11309
14416 17687
14416 15867
14416 1631
14416 8133
14416 16387
14416 8112
14416 16281
14416 2034
14416 11927
14417 2720
14418 2701
14418 3139
14418 8710
14420 14565
14420 17936
14420 12638
14420 14868
14421 2273
14421 12923
14421 7981
14421 3127
14421 9787
14421 14450
14421 17604
14421 12891
14422 6158
14423 1605
14423 15264
14423 10670
14423 4869
14423 17947
14423 7613
14423 17141
14423 8988
14423 445
14423 5240
14428 9893
14428 6137
14428 16794
14428 11351
14428 14235
14428 5348
14430 13300
14431 9327
14431 17294
14431 14515
14431 15942
14431 9478
14431 9333
14431 11426
14431 1601
14431 499
14431 16802
14431 5631
14431 11864
14432 11805
14433 459
14433 15608
14433 17694
14433 8302
14433 5854
14434 1915
14437 5239
14440 9198
14440 10147
14440 6196
14443 4744
14444 16014
14445 277
14447 9280
14451 11607
14452 15980
14452 2265
14452 4792
14452 6780
14452 16082
14452 7214
14452 17232
14452 3310
14454 10417
14456 3117
14463 5559
14465 7146
14465 14523
14465 10006
14465 8915
14465 7850
14467 6297
14467 11617
14467 3176
14467 13014
14467 5037
14467 9179
14467 5946
14467 9059
14467 3165
14467 9017
14481 17420
14481 14033
14481 14290
14481 1875
14481 11891
14481 16035
14481 3411
14481 11265
14481 5065
14481 14546
14481 18394
14481 18101
14481 2582
14487 13445
14487 14419
14487 6688
14487 4601
14487 12931
14487 27
14488 14670
14497 4527
14498 17521
14498 1126
14498 14759
14498 15389
14498 5417
14498 8710
14498 15963
14498 4544
14498 9105
14498 2945
14498 3159
14498 12162
14498 13234
14498 17111
14498 4644
14498 6940
14498 9432
14498 17947
14498 16563
14498 17431
14498 9826
14498 1215
14498 6325
14498 16493
14498 15378
14498 9995
14498 17206
14498 14108
14498 2367
14498 16281
14498 1934
14498 15573
14498 2187
14498 12579
14498 8317
14498 12566
14498 15633
14498 15264
14498 3753
14498 14005
14498 3504
14498 16010
14498 13281
14498 13468
14498 1419
14498 15966
14498 11247
14498 13450
14498 11751
14498 14144
14498 3176
14498 14555
14498 15866
14498 5020
14498 16578
14498 387
14498 2183
14498 14169
14498 17391
14498 13095
14498 10609
14498 885
14498 17527
14498 16883
14498 10732
14498 8009
14498 11883
14498 11555
14498 9547
14498 13256
14498 7720
14498 14257
14498 2483
14498 668
14498 10299
14498 4172
14498 14118
14498 5669
14498 10663
14498 18215
14498 15682
14498 9963
14498 11309
14498 7519
14498 12201
14498 3904
14498 12220
14498 4939
14498 5246
14498 12351
14498 613
14498 5651
14498 8975
14498 4090
14498 15481
14498 17673
14498 10591
14498 2813
14498 9741
14498 9000
14498 3054
14498 3992
14498 234
14498 13014
14498 16894
14498 15333
14498 2175
14498 8345
14498 9023
14498 2142
14498 10284
14498 16911
14498 18222
14498 17040
14498 4390
14498 7308
14498 14723
14498 977
14498 5422
14498 17895
14498 5667
14498 7452
14498 15345
14498 3410
14498 12679
14498 7994
14498 5217
14498 14671
14498 192
14498 5683
14498 6053
14498 13545
14498 8449
14498 14903
14498 13011
14498 6024
14498 13887
14498 9279
14498 1217
14498 9742
14498 8556
14498 6920
14498 181
14498 9479
14500 13098
14502 7720
14502 9753
14502 8556
14503 510
14503 17260
14505 2494
14505 5257
14505 1872
14506 4949
14506 9942
14508 14527
14508 3521
14508 13343
14512 12937
14517 12944
14517 16627
14517 7578
14517 1568
14517 14118
14517 586
14517 8710
14517 17317
14517 3677
14517 772
14517 1550
14517 8013
14517 7720
14518 16897
14518 14050
14518 6360
14518 8102
14518 14263
14518 13047
14518 7621
14522 5377
14534 4562
14534 124
14541 11234
14543 13040
14543 5081
14543 6964
14544 15778
14544 1367
14544 8812
14544 11351
14544 8092
14544 16794
14544 16539
14544 9893
14544 10389
14550 1141
14550 13940
14550 2921
14553 14419
14555 4860
14555 10554
14555 10842
14555 73
14555 15714
14555 17736
14555 2701
14555 8319
14555 17936
14555 11674
14555 9059
14555 11678
14555 4865
14555 3176
14555 14467
14555 13989
14555 16249
14555 15966
14555 4601
14555 9392
14555 7747
14555 3603
14555 2648
14555 4013
14555 16471
14555 17521
14555 12602
14555 277
14555 7129
14555 8614
14555 7770
14555 5836
14555 4335
14555 7720
14555 13445
14555 2468
14555 16233
14555 12944
14555 15749
14555 10483
14555 16579
14555 2034
14555 9843
14555 16539
14555 8815
14555 11837
14555 14885
14555 7452
14555 16655
14555 4583
14555 14749
14555 6024
14555 9378
14555 10733
14555 17673
14555 6546
14555 14005
14555 12162
14555 10670
14555 6558
14555 12051
14555 7635
14555 11675
14555 1070
14555 6940
14555 6325
14555 18306
14555 1644
14555 16387
14555 2187
14555 10089
14555 6436
14555 15452
14555 17229
14555 12108
14555 12948
14555 15500
14555 13794
14555 3165
14555 18300
14555 10184
14555 13573
14555 13024
14555 13256
14555 14145
14555 17504
14555 7451
14555 8447
14555 13868
14555 17322
14555 13345
14555 2449
14555 8548
14555 15887
14555 7136
14555 16663
14555 13340
14555 8613
14555 5422
14555 8835
14555 5668
14555 10078
14555 5589
14555 5461
14555 3815
14555 3693
14555 12201
14555 2267
14556 1578
14556 12865
14556 2286
14559 17160
14559 8796
14559 2902
14559 189
14559 10582
14559 4544
14559 10663
14559 1838
14560 2050
14560 16368
14560 13027
14560 6688
14560 12339
14560 15713
14564 4939
14567 2154
14567 12777
14567 16526
14567 8530
14567 13943
14567 9525
14567 15867
14567 13177
14567 2852
14567 3751
14569 10325
14569 5131
14569 6024
14569 4682
14569 17275
14569 4481
14569 912
14569 2189
14569 4813
14569 4713
14569 476
14569 3176
14569 2034
14569 1183
14569 1934
14569 8791
14569 4644
14569 6208
14569 10200
14569 4315
14569 15978
14571 8707
14574 15389
14574 9659
14576 11327
14576 4977
14577 15439
14579 8912
14579 4475
14579 15904
14579 9691
14579 6560
14579 2001
14581 2555
14583 12662
14584 15816
14584 6371
14584 13905
14584 11804
14584 15051
14584 17260
14584 5425
14584 15243
14584 6159
14584 10810
14584 1888
14584 1574
14584 14733
14584 15111
14584 10833
14584 15250
14584 17184
14584 8782
14584 8691
14584 12972
14584 9273
14584 7827
14584 11312
14584 13775
14584 8190
14584 7627
14584 9158
14584 9359
14584 15332
14584 701
14584 18239
14584 9942
14584 7268
14584 11805
14584 7331
14584 709
14584 15501
14584 16160
14584 15896
14584 5832
14584 2110
14584 7839
14584 14801
14584 13128
14584 4363
14584 10650
14584 3425
14584 3364
14584 14692
14584 10178
14584 15542
14584 796
14584 4949
14584 14807
14584 5550
14584 13040
14584 12044
14584 16260
14584 4356
14584 9423
14584 13555
14584 10720
14584 1873
14584 14545
14584 6908
14584 1134
14584 5176
14584 16243
14584 9419
14584 3059
14584 7425
14584 13006
14584 11833
14584 2177
14584 10827
14584 1181
14584 3196
14584 14196
14584 17980
14584 6788
14584 8398
14584 5377
14584 2093
14584 17173
14584 11770
14584 16571
14584 9893
14584 11477
14584 14195
14584 17339
14584 5107
14584 18348
14584 14851
14584 2980
14584 14002
14584 3630
14584 5400
14584 1615
14584 1671
14584 6964
14584 16590
14584 4672
14584 3946
14584 16028
14584 13300
14584 10320
14584 15586
14584 1377
14584 7575
14584 5501
14584 61
14584 15529
14584 6676
14584 18071
14584 11730
14584 7382
14584 124
14584 3736
14584 126
14584 4818
14584 790
14584 16496
14584 1477
14584 16752
14584 8106
14584 9952
14591 17468
14592 10601
14592 9811
14592 16670
14592 8443
14592 15722
14592 17468
14592 11805
14604 1459
14605 16644
14608 16271
14608 5389
14609 12051
14614 16463
14615 5123
14615 17813
14615 15305
14618 15184
14623 15073
14630 18277
14630 15605
14630 4242
14640 7708
14640 17521
14641 18215
14641 4056
14641 14118
14642 12660
14644 7871
14644 3117
14650 3313
14650 4115
14652 17537
14652 4601
14652 1230
14652 7017
14652 7994
14652 13044
14652 14559
14652 17521
14655 14061
14655 11382
14655 1157
14660 9198
14660 7720
14660 3648
14666 16464
14666 6051
14667 8530
14667 4779
14669 4583
14671 7578
14671 3740
14671 446
14671 10663
14671 12479
14671 8048
14671 18372
14671 14885
14671 4590
14671 16678
14671 15547
14671 17521
14671 3564
14671 8309
14671 18215
14671 15963
14671 2950
14671 14474
14671 10831
14671 7492
14671 1084
14671 11403
14671 7720
14671 17206
14671 7770
14672 7437
14674 7720
14674 12777
14674 15333
14674 6694
14674 1133
14674 11532
14674 4601
14674 14350
14674 14908
14674 17353
14674 3815
14674 8501
14674 16341
14674 16738
14674 11031
14677 15582
14677 9756
14677 8694
14677 10736
14677 16372
14677 4442
14677 1396
14677 14467
14677 8384
14680 6734
14684 15213
14687 10826
14687 5866
14692 13775
14692 10075
14692 10189
14692 10788
14692 8691
14692 14407
14692 107
14692 3313
14692 7827
14692 5612
14692 7768
14692 12377
14692 4917
14692 2997
14692 15470
14692 13006
14692 13300
14692 2093
14692 1915
14692 9419
14692 8799
14692 4085
14692 17288
14692 16393
14692 5057
14693 4949
14693 5383
14693 7594
14693 13040
14693 11768
14693 1085
14693 14858
14693 17231
14693 11114
14693 8318
14698 15565
14698 10018
14699 15051
14699 5884
14704 17937
14708 3992
14708 12710
14710 11958
14712 10317
14713 8527
14717 16457
14717 2620
14724 1481
14726 17361
14726 3920
14726 1888
14726 7827
14726 15855
14726 4457
14726 4167
14726 1234
14726 4201
14726 7773
14726 15920
14726 4949
14726 11599
14726 2997
14726 1263
14726 3364
14726 1458
14726 10934
14726 15243
14726 3495
14726 6261
14726 2713
14726 15435
14727 9600
14727 6503
14727 16951
14727 5836
14727 17149
14727 8053
14727 9179
14727 142
14727 7017
14727 18159
14727 5669
14727 17700
14727 14164
14727 9730
14727 11334
14727 3648
14727 470
14727 13561
14727 13838
14729 1885
14729 6926
14729 17521
14729 877
14729 6213
14729 2423
14729 9868
14729 16387
14729 11837
14729 8556
14729 5240
14729 7720
14729 4865
14729 13256
14729 14834
14729 6053
14741 17534
14741 9614
14746 5500
14746 11418
14746 12919
14746 1272
14746 14028
14746 4932
14746 9811
14746 8882
14746 15080
14746 8366
14746 10497
14746 3059
14746 8787
14746 10512
14746 15349
14746 10092
14746 6338
14746 11798
14746 1888
14746 14260
14746 3987
14746 12331
14746 6888
14746 14719
14746 13518
14746 17506
14746 3001
14749 17673
14749 14024
14749 14729
14749 861
14749 4601
14749 1145
14749 1126
14749 16249
14749 1674
14749 16595
14749 10722
14749 4886
14749 5458
14749 15150
14749 9443
14749 18215
14749 8627
14749 5647
14749 14382
14749 8675
14749 9473
14749 15086
14749 4106
14749 6799
14749 1311
14749 18242
14749 3165
14749 6024
14749 8556
14749 16907
14749 10085
14749 12956
14749 8796
14749 18079
14749 5765
14749 5240
14749 3752
14749 4606
14749 18448
14749 5422
14749 1885
14749 8839
14749 16348
14749 6208
14749 716
14749 12937
14749 8343
14749 2740
14749 1371
14749 11674
14749 9198
14749 1627
14749 3455
14749 8936
14749 15602
14749 18062
14753 13540
14759 10089
14759 8406
14759 11774
14759 6213
14759 5128
14759 11856
14759 14467
14759 12479
14760 8547
14760 13088
14768 8616
14769 1575
14769 10260
14769 9444
14771 12937
14772 2549
14773 9392
14773 571
14776 6974
14776 2006
14779 331
14779 16701
14781 4814
14781 13805
14785 7493
14786 4601
14786 9511
14786 15992
14786 3281
14786 692
14786 3731
14786 1490
14786 15333
14786 6482
14786 12959
14786 10379
14786 14392
14786 10554
14786 7715
14786 9489
14786 6580
14786 9198
14786 13388
14786 15576
14786 16637
14786 7708
14786 7271
14786 14164
14786 14935
14786 99
14786 18215
14786 15978
14786 1351
14786 11674
14786 1735
14786 6649
14786 3422
14786 2034
14786 15356
14786 3120
14786 3176
14786 181
14786 706
14786 13664
14786 3870
14786 6460
14786 3307
14786 1934
14786 4696
14786 14556
14786 8470
14786 13794
14786 17096
14786 10371
14786 5220
14786 15546
14786 14145
14786 27
14786 11073
14786 16233
14786 4590
14786 14364
14786 17338
14786 11864
14786 9826
14786 5770
14786 17744
14786 2506
14786 13632
14786 10476
14786 12602
14786 755
14788 4212
14788 8052
14788 9826
14788 11473
14788 12339
14788 18192
14788 9996
14788 13632
14788 13445
14788 15333
14788 16348
14788 18198
14790 17092
14793 494
14793 11327
14804 7871
14807 4085
14807 17468
14807 3364
14807 11805
14807 4856
14807 10854
14807 8882
14807 3329
14807 17226
14807 17184
14807 4518
14807 12036
14807 6140
14807 796
14807 790
14807 13062
14808 912
14808 9523
14808 5266
14808 1934
14808 11294
14813 1263
14813 10512
14813 5678
14813 518
14813 15059
14813 16496
14813 4345
14813 10133
14813 3059
14813 16277
14813 1672
14813 5057
14813 1888
14813 13340
14813 10331
14813 4167
14813 3313
14813 6144
14813 6270
14813 9163
14813 5886
14813 7773
14813 8752
14813 17543
14813 14537
14813 12586
14813 14161
14813 7542
14813 2728
14813 5832
14813 2110
14813 17937
14813 12706
14813 15302
14813 9223
14813 132
14813 7431
14813 6141
14813 9572
14813 413
14813 17043
14813 11600
14816 13995
14818 6841
14818 6115
14818 14537
14818 16257
14818 5711
14819 18041
14821 8123
14823 9293
14830 395
14833 2749
14836 10389
14837 8208
14837 8606
14838 11106
14848 12053
14848 5104
14850 15992
14850 14740
14850 1430
14850 14381
14853 5278
14853 12685
14853 15007
14853 10740
14853 2978
14853 18160
14853 1147
14853 12744
14853 13645
14853 6226
14853 3469
14853 14888
14853 1930
14853 15680
14853 2510
14853 7239
14853 12973
14853 4989
14856 6024
14856 445
14856 1787
14856 17687
14856 14880
14856 15264
14856 4889
14856 4665
14856 6094
14858 16260
14858 8164
14858 10999
14864 11415
14864 700
14866 13256
14869 5460
14871 860
14871 18215
14872 18244
14872 12533
14872 1393
14872 9601
14874 8556
14877 15365
14877 15123
14877 15975
14878 2658
14880 3731
14880 7519
14880 16281
14880 8719
14880 16909
14880 13512
14883 5496
14883 18451
14883 16462
14883 17169
14883 15517
14883 1444
14884 10114
14884 14908
14884 8504
14884 6208
14884 15713
14884 962
14884 18440
14884 16397
14885 4056
14885 9085
14885 15333
14885 11224
14885 1885
14887 331
14887 776
14889 979
14889 17273
14889 321
14890 14005
14890 9839
14890 6197
14891 4601
14895 12097
14895 7938
14900 3076
14900 7422
14900 5629
14900 8099
14900 9566
14900 6580
14900 18304
14900 4146
14900 1126
14903 17738
14904 7280
14904 17043
14905 12104
14905 18340
14905 5197
14905 5371
14905 8556
14908 13986
14908 3731
14908 3677
14908 14834
14908 3412
14908 2435
14910 18333
14910 12867
14910 5689
14910 16193
14910 15590
14910 3487
14910 16701
14910 4630
14910 124
14910 5627
14910 8429
14910 8327
14910 4151
14910 6360
14910 11303
14910 18451
14910 4526
14913 4688
14913 11833
14914 1763
14914 16415
14914 9750
14917 12566
14920 6499
14920 6920
14920 18136
14920 1503
14920 9422
14920 12602
14920 6514
14920 755
14920 13468
14920 7826
14920 9935
14920 14137
14920 9868
14920 11170
14923 5010
14924 4628
14924 17683
14924 8010
14924 7321
14924 14334
14924 9198
14924 10078
14924 3637
14924 16539
14924 12339
14924 15973
14925 5803
14925 9599
14928 2728
14934 13631
14937 8435
14937 1070
14939 8710
14939 3520
14939 16397
14939 8886
14939 8949
14939 3719
14939 5776
14940 6811
14944 15834
14944 4464
14944 13130
14944 9678
14944 8792
14944 598
14944 2967
14944 9289
14944 7770
14944 11078
14944 13390
14944 17936
14944 6325
14944 13628
14944 9624
14944 13001
14944 13662
14944 17915
14944 1698
14944 16861
14944 10937
14944 3771
14944 17947
14944 15004
14944 1535
14944 10168
14944 1934
14944 14380
14944 1005
14944 3048
14944 3112
14944 3688
14944 11532
14944 8751
14944 14060
14944 897
14944 8530
14944 6558
14944 9826
14944 13775
14944 1616
14944 575
14944 12921
14953 9310
14954 11341
14959 9789
14960 3944
14962 11548
14962 2811
14962 3313
14962 7449
14962 2188
14962 17592
14962 14536
14964 13299
14964 13312
14965 861
14965 6605
14966 14626
14966 9280
14966 14931
14966 18348
14966 11924
14966 8339
14966 867
14966 13389
14966 14013
14966 1290
14966 7827
14966 16333
14966 6236
14966 12129
14966 265
14966 14025
14966 6158
14966 5471
14968 3165
14971 16216
14972 9190
14973 16260
14973 17310
14974 13363
14974 10488
14977 8010
14981 8199
14981 16281
14984 1124
14984 867
14984 4930
14984 3615
14984 11833
14984 3364
14984 9690
14984 11741
14984 8164
14984 4154
14984 14333
14984 16578
14984 7827
14984 9942
14984 9933
14984 7394
14984 6848
14984 13166
14984 14680
14984 8863
14984 17278
14984 17226
14984 15316
14984 16555
14984 17909
14984 6317
14984 6554
14984 4709
14984 15159
14984 1785
14984 11346
14984 8087
14984 15896
14984 13884
14984 2190
14984 2288
14984 17506
14984 823
14984 11312
14984 17468
14984 15781
14984 12146
14984 18326
14984 6734
14984 8322
14984 5425
14984 1888
14984 16359
14984 4949
14984 9662
14984 982
14984 7431
14984 11805
14984 9419
14984 7362
14984 6049
14984 6964
14984 16143
14984 9670
14984 14415
14984 6676
14984 2188
14984 11571
14984 5954
14984 3329
14984 16576
14984 10545
14984 9163
14984 498
14984 1563
14984 6165
14984 6338
14984 2402
14984 5525
14984 6591
14984 4672
14984 13516
14984 7388
14984 7148
14984 14807
14984 955
14984 11814
14984 10643
14984 4018
14984 2609
14984 578
14984 5832
14984 1913
14984 2997
14984 13402
14984 10497
14984 13368
14984 15867
14984 16501
14984 701
14984 17373
14984 9417
14984 18018
14984 7033
14984 6597
14984 12669
14984 11993
14984 8037
14984 8796
14984 2814
14984 13163
14984 9804
14984 16648
14984 3588
14984 9603
14984 12347
14984 5400
14984 124
14984 11371
14984 18416
14984 9999
14984 13650
14988 318
14989 18100
14989 4187
14991 3390
14991 5276
14991 16576
14991 13006
14991 4085
14991 3384
14991 679
14992 2980
14992 12998
14992 125
14998 3773
15002 4085
15006 9523
15010 6196
15010 10389
15010 5010
15010 17738
15010 9392
15010 6240
15010 15714
15010 14338
15011 13880
15011 7005
15011 8936
15011 835
15011 9865
15011 10670
15011 10340
15011 395
15011 5153
15011 2187
15011 3171
15011 17141
15011 5010
15011 13999
15011 1735
15011 8710
15011 4168
15011 9209
15011 2384
15011 5888
15011 2657
15011 8796
15011 4215
15011 9696
15011 18306
15011 11852
15011 14898
15011 7611
15011 14504
15011 6641
15011 3176
15011 13340
15011 9691
15011 13607
15011 17666
15011 8683
15011 4139
15011 8435
15011 15017
15011 10078
15011 17586
15011 17317
15011 2478
15011 1070
15011 2916
15011 10429
15011 7349
15011 18327
15011 7052
15011 2468
15011 12339
15011 5770
15011 9868
15011 5953
15011 9100
15011 2533
15011 11826
15011 5424
15011 4156
15011 2059
15011 14729
15011 17502
15011 7118
15011 15879
15011 13546
15011 7786
15011 12223
15011 5776
15011 3410
15011 17395
15011 571
15011 16392
15011 6213
15011 2634
15011 6466
15011 18215
15011 3666
15011 10663
15011 8556
15011 16348
15011 4465
15011 3663
15011 18025
15011 4092
15011 4179
15011 1885
15011 2783
15011 15838
15011 7588
15011 5239
15011 14145
15011 11510
15011 12777
15011 6687
15011 17914
15011 121
15011 7133
15011 6775
15011 13794
15011 12566
15011 4056
15011 784
15011 4601
15011 11761
15011 367
15011 16126
15011 1790
15011 17179
15011 11228
15011 16475
15011 10496
15011 7770
15011 12571
15011 11170
15011 8798
15011 16387
15011 18062
15011 122
15011 738
15011 7880
15011 234
15011 5046
15011 4382
15011 15162
15011 17947
15011 1126
15011 12533
15011 15991
15011 11097
15011 18434
15011 2483
15011 668
15011 3325
15011 5838
15011 1393
15011 12201
15011 8013
15011 16423
15011 18210
15011 12660
15011 14118
15011 9198
15011 12302
15011 358
15011 12119
15011 14759
15011 15389
15011 12051
15012 4468
15012 15728
15012 9198
15014 1694
15015 8660
15020 17937
15020 11805
15021 13277
15021 16930
15021 15896
15021 149
15021 3313
15021 16701
15021 12292
15021 10343
15021 13542
15021 17306
15021 16975
15021 1263
15021 12306
15021 6049
15021 16153
15021 7636
15021 3059
15021 934
15021 16123
15022 10669
15022 2987
15023 4949
15023 16393
15023 12261
15023 3220
15023 16123
15023 779
15023 6512
15023 11553
15023 2835
15023 8253
15029 7720
15035 9571
15037 17465
15039 4154
15039 95
15040 397
15040 12852
15040 9355
15040 1023
15042 9234
15044 10767
15044 11447
15046 8241
15047 6841
15047 8102
15048 492
15048 4180
15051 13006
15051 6270
15051 9605
15053 11774
15053 2319
15053 15714
15053 3599
15053 11902
15053 7747
15053 7406
15053 2468
15053 4869
15053 10580
15053 18306
15053 17080
15053 12930
15053 10016
15053 12231
15053 17958
15053 1228
15053 15749
15054 15756
15054 5631
15054 4383
15054 12729
15054 7747
15054 14566
15054 12977
15054 18327
15054 15333
15054 1393
15054 16723
15054 5153
15054 17395
15057 6049
15057 7293
15057 2558
15057 11733
15057 7541
15058 3935
15061 2663
15061 3820
15061 1917
15061 2315
15064 9010
15064 9172
15064 17928
15064 12506
15064 11912
15064 10122
15064 9198
15064 4738
15064 4760
15064 5873
15064 14350
15064 10670
15064 10663
15064 5866
15064 13456
15064 5129
15064 13986
15064 121
15064 15880
15064 5629
15064 3982
15064 3520
15064 99
15064 962
15064 9388
15064 13162
15064 4939
15065 12937
15065 3056
15065 2181
15068 13643
15068 5895
15068 2496
15068 10189
15068 8555
15072 12973
15072 13643
15074 16088
15074 8276
15075 15054
15075 12865
15075 11107
15075 10311
15075 4481
15075 17141
15075 10490
15075 11837
15078 8819
15078 7703
15078 9828
15078 11805
15078 15867
15078 3059
15078 9789
15078 3742
15078 10092
15078 2741
15078 11112
15078 15243
15078 3341
15078 331
15078 15059
15078 14537
15078 5425
15078 11312
15078 13138
15078 11833
15078 2048
15078 7773
15078 5672
15078 14863
15078 17092
15078 10651
15078 17572
15078 8190
15078 4949
15078 6261
15078 9148
15078 16393
15078 8300
15078 6423
15078 17941
15078 2496
15078 14807
15078 18391
15078 6315
15078 13402
15078 5245
15078 305
15078 13300
15078 7009
15078 934
15078 12254
15078 867
15078 3071
15078 11773
15078 3728
15078 11408
15078 2098
15078 10835
15078 7431
15078 1696
15078 8322
15078 5550
15078 14222
15079 4677
15079 4846
15080 701
15080 10512
15080 7827
15080 12331
15083 2934
15083 9868
15083 13887
15083 11340
15083 6240
15083 9198
15083 9263
15083 13014
15084 6799
15084 17673
15084 12274
15087 6024
15087 9281
15089 10612
15093 5400
15093 1622
15093 2789
15093 6720
15093 2997
15093 4085
15093 11805
15093 16576
15094 4356
15094 17883
15094 16670
15094 12624
15094 1994
15094 701
15095 5974
15095 17521
15103 6127
15103 2646
15105 6187
15108 5461
15108 3136
15108 10942
15108 8527
15108 11678
15108 9511
15108 4665
15108 11423
15108 16599
15108 8004
15108 884
15111 15588
15111 9811
15111 13108
15114 12257
15116 8649
15116 6338
15116 12348
15116 8758
15116 16555
15119 11532
15122 1487
15122 12241
15122 3440
15122 7770
15125 3313
15125 8918
15125 13979
15125 4546
15125 492
15125 17184
15128 16902
15131 526
15131 8405
15137 4429
15137 3289
15137 6948
15137 4949
15137 3073
15140 10129
15141 14358
15142 6798
15142 9839
15142 5232
15142 3194
15142 4880
15142 1361
15145 13995
15145 8793
15145 2348
15145 6520
15149 5995
15149 6415
15149 15749
15149 9935
15149 4885
15149 16861
15149 17855
15149 14340
15149 13364
15149 571
15149 16281
15149 8055
15149 653
15149 15966
15149 536
15149 1393
15149 76
15149 10182
15149 16474
15149 4908
15149 3092
15149 8907
15149 5702
15149 3146
15149 11309
15149 6198
15149 14561
15149 1462
15149 17860
15149 4583
15149 11713
15149 10663
15149 6834
15149 3350
15149 4665
15149 9561
15150 7442
15150 17960
15150 15318
15150 17775
15150 8406
15150 13805
15153 15399
15153 1011
15158 5425
15159 5781
15159 790
15159 1263
15159 16153
15159 9668
15159 6049
15159 16618
15159 8819
15159 11702
15159 12997
15159 8164
15161 7621
15161 15932
15161 8298
15162 1825
15162 14504
15162 16678
15162 18215
15162 14475
15162 8435
15162 11097
15162 8010
15162 3033
15162 10264
15162 1857
15162 15939
15162 17319
15162 12631
15162 7406
15162 2034
15162 4390
15162 10337
15162 13159
15165 15345
15165 18351
15165 6208
15165 16834
15165 9017
15165 18215
15165 7133
15165 6558
15165 10200
15165 16493
15167 16555
15167 107
15170 1327
15170 11755
15170 15582
15170 18329
15170 2587
15170 14786
15170 8447
15170 13406
15170 17160
15170 755
15170 9750
15170 7786
15171 12951
15174 2005
15174 4949
15174 14602
15174 17637
15174 7607
15176 16951
15176 17673
15178 6082
15180 8320
15180 13192
15180 8936
15182 13775
15183 9132
15183 1478
15183 5447
15183 8387
15183 2947
15183 6632
15183 9789
15183 11179
15183 9115
15183 5318
15183 2037
15184 4672
15184 8469
15184 5832
15184 5829
15192 10797
15192 6964
15192 7431
15192 9942
15192 17184
15192 15542
15192 15040
15192 3059
15192 13006
15192 8429
15192 13308
15192 11833
15192 6026
15192 16290
15192 1735
15192 3742
15192 8526
15192 357
15192 16386
15192 10545
15192 7542
15192 10295
15194 6213
15194 5348
15194 9935
15195 10655
15196 9407
15196 11651
15198 12724
15198 12586
15198 13643
15201 16642
15210 13283
15210 18073
15210 1070
15210 5717
15210 13887
15210 7406
15210 4056
15211 3117
15211 13901
15211 16266
15211 10078
15211 17521
15211 9868
15211 3120
15211 17042
15212 11167
15215 5776
15217 1812
15220 2705
15220 14043
15224 15510
15224 5343
15224 3619
15224 5525
15224 15377
15224 3365
15224 7621
15224 15161
15224 4411
15224 8398
15224 15139
15224 13343
15227 13930
15228 3110
15228 2329
15228 5532
15228 1851
15229 9158
15231 17141
15231 5604
15231 1985
15231 11721
15231 5161
15232 18215
15232 12862
15232 494
15232 4456
15232 1183
15232 18062
15232 4406
15232 7910
15232 13429
15232 8435
15232 18064
15238 16334
15238 14888
15239 5770
15239 13901
15239 13445
15239 15801
15239 16948
15239 10078
15239 18322
15239 8548
15239 1679
15239 15500
15239 13014
15239 3734
15239 16904
15239 4056
15239 3520
15239 653
15239 14879
15239 17767
15239 11532
15239 7770
15239 15714
15239 16787
15239 14678
15239 7358
15239 494
15239 277
15241 125
15241 7720
15243 10612
15243 3073
15243 7554
15243 357
15243 11833
15243 18179
15245 5776
15245 12241
15245 2034
15245 16387
15245 17395
15245 17960
15245 10631
15245 13794
15245 13278
15245 3520
15245 2522
15245 4141
15245 6801
15245 14978
15245 2701
15245 15805
15245 15375
15245 12163
15245 5509
15245 4056
15245 2745
15245 14885
15245 14558
15245 12948
15245 14358
15245 13014
15245 12201
15245 5010
15245 514
15245 2468
15245 13291
15245 6688
15245 13989
15245 3815
15245 7133
15245 7406
15245 10862
15245 5129
15245 13661
15245 7720
15245 6651
15245 10670
15245 13964
15245 10078
15245 12710
15245 3688
15245 3176
15245 9883
15245 17744
15245 14334
15245 14553
15245 15333
15250 18093
15250 17553
15252 5157
15252 4344
15252 2166
15252 8795
15253 15286
15253 765
15253 10611
15253 9874
15253 2087
15253 369
15253 5300
15253 7203
15253 16068
15253 3186
15253 4719
15253 10639
15253 16271
15253 12034
15253 10757
15253 3766
15253 1569
15253 3678
15253 13849
15253 13231
15253 17698
15253 6417
15253 2747
15253 7589
15253 8250
15253 4949
15253 7397
15253 11898
15253 17184
15253 9942
15253 15599
15253 6756
15253 8435
15253 11082
15257 7692
15259 17271
15259 4676
15259 9429
15259 3677
15260 5683
15260 2887
15265 3628
15266 5010
15266 1145
15266 5009
15266 8936
15269 4933
15269 14960
15269 10412
15269 12472
15269 3883
15269 13312
15269 6054
15274 13897
15274 17521
15280 17581
15280 14537
15282 262
15283 9052
15283 18177
15283 5440
15283 1848
15283 636
15292 4272
15297 27
15298 3529
15302 13557
15302 5884
15302 13006
15307 7708
15307 6580
15307 13833
15307 11532
15309 17673
15309 5770
15309 15660
15309 3194
15309 10338
15309 3176
15309 10826
15309 9700
15309 18336
15309 5277
15309 10582
15309 1954
15314 8164
15314 10943
15314 11408
15314 13602
15314 15780
15314 12331
15314 7806
15314 14932
15314 9374
15314 5160
15314 5081
15314 1181
15314 12919
15314 1420
15314 10512
15314 1888
15314 14631
15314 5084
15314 15316
15314 13069
15314 3223
15314 18391
15314 9765
15314 16835
15314 5029
15314 11805
15314 16488
15315 10110
15321 13652
15327 403
15329 7954
15329 14537
15329 12687
15329 12808
15329 7327
15329 11805
15329 12658
15330 15333
15330 5153
15333 14358
15334 701
15334 2190
15334 11798
15334 17390
15334 6747
15334 18463
15339 14569
15341 18179
15341 5425
15341 563
15341 7425
15341 18017
15341 4167
15341 12624
15341 12011
15341 11346
15341 16576
15341 1820
15345 1735
15345 8603
15345 13326
15355 13643
15359 3242
15365 4576
15365 9150
15365 3668
15367 16539
15368 5343
15368 6136
15368 12115
15368 10854
15368 10827
15368 443
15368 17748
15377 843
15377 11312
15377 4949
15377 329
15377 435
15377 3987
15377 5829
15377 4476
15377 14537
15377 8235
15377 8208
15377 3059
15377 465
15377 14837
15377 16123
15377 11833
15377 1728
15377 5029
15377 8632
15377 13718
15377 12973
15377 11251
15377 2054
15377 1263
15377 5091
15377 5694
15377 5501
15377 15658
15377 5635
15377 13775
15377 16161
15377 11798
15377 18095
15377 11477
15377 15830
15377 10944
15377 13486
15377 15078
15377 12346
15377 2280
15377 14025
15377 2106
15377 9942
15377 16555
15377 10875
15377 7784
15377 2811
15377 12146
15377 13796
15377 9633
15377 5831
15377 14991
15377 12167
15377 9223
15377 16393
15377 13006
15377 8123
15377 8882
15377 4513
15377 11665
15377 1815
15377 13425
15378 16599
15381 4818
15381 3769
15387 7620
15387 5947
15391 4117
15391 1694
15392 1483
15392 15950
15394 12105
15394 6905
15405 2476
15413 10875
15415 16260
15415 1888
15424 2020
15430 4972
15430 4601
15430 15054
15430 1146
15430 2353
15430 12937
15438 11232
15441 4250
15441 12844
15441 11606
15444 14465
15446 7621
15447 7871
15449 15843
15449 13548
15452 3033
15452 15216
15452 18079
15452 9511
15452 17563
15452 16493
15452 1050
15452 2461
15452 10729
15452 18100
15452 8527
15452 16292
15452 8796
15455 5844
15455 15646
15455 8819
15461 3731
15464 7388
15466 9683
15466 7614
15466 5141
15466 1116
15477 5217
15478 7139
15478 1694
15478 10737
15478 6356
15478 8739
15478 3397
15485 2188
15487 17521
15488 7274
15496 14537
15496 6270
15496 16207
15496 3658
15496 3716
15496 2188
15496 11756
15496 12737
15496 11447
15496 8530
15496 12919
15496 15696
15496 4924
15496 6888
15496 16561
15496 8123
15496 18026
15496 14038
15496 12907
15496 13308
15496 6473
15496 4709
15496 16158
15496 3059
15496 14406
15496 16555
15496 17339
15496 4314
15500 7770
15500 6163
15500 4644
15500 142
15500 17687
15500 12937
15500 14750
15500 4481
15500 12946
15500 5010
15500 14126
15500 6920
15500 15835
15500 12162
15502 8406
15502 8439
15502 2067
15505 2506
15505 17454
15505 7096
15505 5460
15505 9750
15505 4309
15505 3731
15507 6473
15512 6996
15513 6133
15516 15633
15518 4505
15518 2052
15518 4552
15518 11086
15523 11277
15527 14786
15527 12102
15530 7969
15533 953
15538 7406
15543 10473
15543 1263
15543 5027
15543 4934
15544 9419
15546 13545
15547 3993
15553 8263
15553 6049
15554 6606
15554 5631
15560 4949
15565 14467
15565 7720
15565 12729
15565 16233
15565 17521
15565 14759
15565 6208
15565 17599
15565 17960
15565 17738
15565 4168
15565 7129
15565 15865
15567 1137
15567 16014
15567 4949
15569 1338
15570 17021
15570 12865
15570 8719
15570 9392
15570 168
15570 10165
15570 12538
15570 6558
15570 12937
15570 8096
15570 7271
15570 5422
15570 3554
15570 2367
15570 5100
15570 12108
15570 3307
15570 6940
15570 6325
15570 12051
15570 2986
15570 3648
15570 13211
15570 5866
15570 5669
15570 8804
15570 12220
15570 13887
15570 18334
15570 9179
15570 8581
15570 885
15570 4601
15570 16578
15570 14885
15570 6208
15570 17521
15570 16281
15570 12514
15570 15505
15570 14141
15570 4056
15571 9016
15571 17278
15574 14118
15574 10141
15582 10389
15584 15366
15584 10567
15584 16295
15584 2506
15584 7127
15584 15714
15584 4396
15584 6002
15584 13901
15584 14759
15584 12339
15584 11451
15584 1977
15584 12710
15584 13262
15584 14137
15584 9353
15584 240
15584 2987
15584 861
15584 17738
15584 9432
15584 13340
15584 11674
15584 3120
15584 10936
15584 13512
15584 10077
15584 16874
15584 14872
15584 7225
15584 9868
15584 17634
15584 6775
15584 3520
15584 12181
15584 17218
15584 8297
15584 7417
15584 3564
15584 8548
15584 12220
15584 8651
15584 4302
15584 6865
15584 4984
15584 1812
15584 6208
15584 13594
15584 8556
15584 9085
15584 7146
15584 9274
15584 16070
15584 15488
15592 10873
15592 11805
15592 4717
15592 15484
15592 9854
15592 3364
15592 15181
15592 2492
15592 13792
15592 412
15592 6520
15592 18387
15592 15542
15592 15300
15592 15548
15592 15376
15592 16515
15592 5525
15592 9713
15592 8013
15592 11101
15592 18017
15592 11168
15592 17278
15592 10609
15592 9527
15592 6717
15592 9334
15592 15080
15592 16265
15592 9841
15592 8077
15592 14926
15592 3366
15592 17290
15592 16694
15592 10759
15592 13857
15592 11748
15592 18226
15592 6929
15592 17620
15592 10887
15592 11548
15592 6363
15592 8201
15592 1129
15592 6751
15592 9988
15592 11536
15592 1365
15592 7943
15592 18404
15592 11989
15592 8033
15592 1079
15592 10690
15592 15520
15592 8018
15592 3781
15592 5112
15592 8645
15592 4696
15592 13854
15592 3897
15592 5354
15592 5
15592 15184
15592 7349
15595 8013
15595 7464
15597 9811
15598 16800
15608 3842
15612 13805
15613 15236
15613 16967
15613 1183
15613 13731
15614 15939
15614 8796
15614 6383
15614 6710
15615 8710
15615 13989
15615 67
15615 15714
15615 3740
15615 1786
15615 716
15615 15992
15615 7770
15615 4056
15615 17037
15615 12813
15615 3056
15615 16226
15615 10200
15615 15054
15615 657
15615 17209
15615 11274
15615 2448
15615 15745
15615 7222
15615 11995
15615 15771
15615 7519
15615 9065
15615 3990
15615 4062
15615 14729
15615 3603
15615 4523
15615 6792
15615 5239
15615 14758
15615 12631
15615 16836
15615 2922
15615 11860
15615 1133
15615 6641
15615 9198
15615 10882
15622 2611
15625 13102
15625 10571
15631 14939
15631 12249
15631 13527
15631 12339
15631 3176
15631 1499
15631 3950
15631 15749
15631 10389
15631 3887
15631 12533
15631 6988
15631 12937
15631 9810
15631 11327
15631 9675
15636 11463
15644 12773
15645 4387
15646 4777
15646 11924
15647 1838
15648 5635
15648 6597
15651 5803
15653 15434
15654 7327
15655 12089
15655 5490
15655 12377
15655 5133
15655 8322
15655 7445
15655 7620
15655 17339
15655 2125
15655 1888
15655 6821
15655 638
15658 9942
15658 2188
15658 8990
15663 15105
15663 16986
15663 16385
15663 13119
15663 12544
15663 15850
15663 3509
15663 5125
15663 488
15663 13207
15663 17293
15663 8711
15663 11016
15663 17733
15663 5150
15663 7647
15663 13075
15664 12261
15664 10875
15664 14222
15664 18348
15664 938
15664 533
15664 14269
15664 17713
15664 8421
15664 4415
15664 11408
15664 5790
15664 9419
15664 6788
15664 7449
15667 4345
15667 4949
15667 5526
15667 2589
15667 8691
15667 2052
15667 13759
15667 10769
15667 4695
15667 2364
15670 4757
15672 6616
15675 18242
15675 2587
15675 4697
15675 8317
15677 9090
15683 2367
15684 12513
15684 13509
15684 15966
15685 5803
15691 9126
15691 7789
15691 9075
15691 4543
15692 4407
15692 10655
15692 18213
15692 11457
15693 6562
15693 2053
15695 15696
15695 9585
15696 1643
15696 11865
15696 10893
15696 12066
15696 5081
15697 4553
15700 6297
15708 1423
15710 9836
15710 14426
15710 14744
15710 7097
15710 9811
15710 5898
15710 1251
15710 15233
15710 6194
15710 69
15710 11541
15710 11447
15710 12459
15710 15696
15710 6701
15711 18447
15713 1141
15716 3980
15716 13402
15716 11812
15716 5
15719 3242
15719 2402
15722 3535
15722 1819
15722 18416
15722 11794
15722 1298
15723 9935
15725 17673
15727 14052
15727 962
15727 7287
15727 10826
15727 15366
15727 8670
15727 12206
15727 5013
15727 10609
15727 5776
15727 15566
15727 17666
15727 4769
15727 11486
15727 566
15727 9179
15727 9002
15727 2038
15727 15906
15727 13340
15727 15901
15727 10296
15727 5673
15727 4848
15727 3648
15727 14729
15727 16093
15727 10315
15727 11210
15727 2147
15727 15834
15727 9777
15727 8586
15727 3117
15727 16678
15727 66
15727 8607
15727 15126
15727 10554
15727 2720
15727 9753
15727 15632
15727 9766
15727 16939
15727 2146
15727 3521
15727 10184
15727 16991
15727 9008
15727 5461
15727 4543
15727 4601
15727 12939
15727 3756
15727 14032
15727 5009
15727 2187
15727 10378
15727 13730
15727 2040
15727 6235
15727 3982
15727 31
15727 10928
15727 15618
15727 17659
15727 7140
15727 8739
15727 4242
15727 11141
15727 5509
15727 17111
15727 7670
15727 8411
15727 14130
15727 1474
15727 3904
15727 2664
15727 10892
15727 3564
15727 8381
15727 8622
15727 12478
15727 9279
15727 7790
15727 10384
15727 3675
15727 12216
15727 4037
15727 7525
15727 17779
15727 14024
15727 11249
15727 10521
15727 15678
15727 4184
15727 940
15727 2861
15727 1082
15727 4992
15727 17446
15727 12051
15727 4385
15727 16631
15727 18
15727 4396
15727 14206
15727 10113
15727 18164
15727 5329
15727 6186
15729 3904
15731 12043
15735 14358
15738 13643
15742 17744
15742 4141
15743 7114
15743 7578
15743 6213
15743 754
15743 17736
15748 17984
15748 2563
15748 14237
15748 18097
15749 4869
15749 3173
15749 13333
15749 14561
15749 239
15749 6942
15749 5641
15749 5797
15749 1685
15749 17794
15749 16861
15749 2242
15749 13814
15749 12231
15749 3325
15749 13014
15749 1979
15749 14145
15749 7038
15749 3033
15749 15631
15749 10273
15749 11846
15749 18448
15749 7656
15749 593
15749 12612
15749 2483
15749 11156
15749 11628
15749 17834
15749 4860
15749 11097
15749 14717
15749 17699
15757 17425
15758 10104
15758 1577
15767 14105
15767 11555
15769 10854
15769 3017
15769 5400
15769 701
15772 18086
15772 4905
15774 5312
15778 2740
15778 14392
15778 834
15778 17127
15778 2140
15778 16918
15778 3117
15778 10483
15778 8578
15778 17114
15778 701
15779 701
15779 2997
15779 9952
15779 13788
15780 8689
15781 5425
15781 4167
15781 6888
15781 18175
15781 17184
15781 3605
15781 17889
15781 1577
15781 11447
15781 14680
15781 15020
15781 14537
15781 4146
15781 5783
15781 15416
15781 12011
15781 124
15781 11865
15781 12875
15781 8818
15781 1179
15781 12586
15781 7187
15781 8190
15781 498
15781 10769
15781 8102
15781 11805
15781 701
15784 14358
15784 6022
15784 4583
15784 4172
15784 15975
15784 3176
15784 18215
15784 12514
15796 18296
15796 16618
15796 2188
15796 12687
15796 4949
15796 11833
15796 10595
15796 11915
15799 1490
15809 15185
15814 13363
15814 7792
15818 14893
15823 6085
15823 14130
15838 1780
15838 4268
15838 11381
15840 15865
15842 9310
15853 4949
15855 1458
15857 16132
15857 16185
15857 2844
15859 11697
15861 12504
15866 5567
15868 239
15868 18215
15868 16563
15868 6894
15868 14613
15873 9811
15873 8123
15873 3987
15873 3886
15873 2129
15873 7067
15873 11923
15873 17620
15873 465
15873 9627
15873 11871
15873 6368
15873 8691
15873 13009
15873 14823
15873 10612
15880 18198
15880 9100
15880 7650
15880 3520
15880 9017
15881 9999
15881 10670
15881 15537
15881 13662
15881 10068
15881 16071
15881 5365
15881 9659
15881 4141
15881 8796
15881 7578
15882 1694
15882 1141
15887 18079
15888 7165
15890 8999
15890 10092
15890 15091
15891 13256
15892 10078
15895 13300
15896 9821
15896 3059
15896 16393
15899 4825
15899 247
15899 4927
15899 15711
15899 17168
15899 6173
15899 15273
15899 16165
15899 12183
15899 13714
15899 5803
15899 8408
15899 15173
15899 17768
15899 16321
15899 5678
15899 12934
15899 11229
15899 8982
15899 13183
15899 5279
15899 1523
15899 15073
15899 5003
15899 11535
15899 10991
15899 17539
15899 10963
15899 5824
15899 798
15899 4612
15899 2258
15899 4704
15899 12389
15899 12026
15904 14576
15904 9523
15904 18212
15904 6208
15904 9868
15904 8556
15904 3520
15904 13767
15907 7909
15907 513
15907 1702
15908 8406
15908 15739
15908 13456
15908 1472
15908 6022
15908 12549
15908 14566
15908 11403
15908 273
15908 16585
15908 2605
15908 1854
15913 17108
15913 13834
15913 11374
15913 11418
15914 17514
15914 12669
15914 13062
15914 1737
15914 2972
15914 1263
15914 3059
15916 13427
15916 7456
15916 1670
15916 5160
15916 14659
15916 1819
15916 7805
15916 16393
15916 17450
15916 18061
15916 4167
15916 15080
15916 10063
15917 8040
15918 18297
15921 16828
15921 17777
15923 11212
15925 8102
15925 4734
15930 1978
15935 14556
15938 8346
15939 3169
15939 4193
15939 1602
15943 10346
15943 8989
15943 3736
15943 11805
15943 2002
15944 615
15944 15220
15946 2048
15952 7984
15952 13506
15956 6473
15956 6095
15956 11865
15956 17339
15956 6788
15956 4018
15956 10643
15956 11346
15956 6049
15956 14715
15956 15721
15956 16848
15958 10078
15958 12201
15958 13847
15958 4738
15958 15372
15958 3665
15958 13095
15958 12636
15958 2826
15958 5046
15958 7351
15958 8556
15958 7271
15958 5631
15958 2185
15960 6815
15962 10802
15966 15162
15966 16723
15966 10862
15967 13847
15967 5018
15967 17673
15967 6093
15970 6047
15970 14807
15970 4672
15970 16463
15970 16369
15970 4949
15970 4721
15970 2989
15970 14958
15970 15369
15970 8205
15970 6049
15970 5872
15970 12982
15970 16576
15970 9416
15970 785
15970 3153
15970 11805
15970 14587
15970 15888
15970 15060
15970 6060
15970 7953
15970 2976
15970 12455
15970 8799
15970 7563
15970 5335
15970 8600
15970 4526
15970 6811
15970 1654
15970 3242
15970 3890
15970 3489
15970 6686
15970 7926
15970 8530
15970 4235
15970 10229
15970 14814
15970 4439
15970 5462
15970 13163
15970 13643
15970 8168
15970 14664
15970 5064
15970 8642
15970 11623
15970 8736
15970 14775
15970 3059
15970 11494
15970 5115
15970 11984
15970 16067
15973 6940
15973 17666
15973 1769
15973 17806
15973 716
15973 14829
15973 16563
15976 5100
15979 1141
15979 939
15979 17521
15979 7430
15979 13156
15981 18337
15981 17789
15983 14565
15984 15178
15985 9942
15985 16150
15985 2188
15985 13367
15988 5453
15988 12189
15988 18416
15988 11804
15989 17862
15989 7621
15989 679
15989 9789
15989 14263
15989 2980
15989 10782
15991 3422
15991 4939
15991 10671
15992 7939
15992 4336
15992 17096
15992 17687
15992 4479
15992 2381
15992 10200
15992 6940
15992 11097
15992 17521
15992 4481
15992 4133
15992 7406
15995 6028
15999 13684
16009 13947
16012 16446
16012 8556
16012 10406
16012 579
16014 17937
16014 18391
16014 11743
16014 8819
16014 3223
16014 18451
16014 2399
16014 11805
16014 15068
16014 15855
16014 4949
16014 10854
16014 13067
16014 15182
16014 17506
16014 10833
16017 1781
16017 1084
16018 2775
16020 4975
16020 4806
16021 13617
16021 15891
16021 14478
16024 9691
16025 15963
16025 5301
16025 15633
16025 10040
16025 479
16025 13566
16025 8009
16025 4758
16025 470
16025 14908
16025 8527
16025 2887
16025 12176
16025 15260
16025 1735
16025 13014
16025 4860
16025 8958
16025 91
16025 14786
16025 1262
16025 11903
16025 1730
16025 2425
16025 2996
16025 5683
16025 5736
16025 13556
16025 8893
16025 15713
16025 446
16025 4387
16025 11744
16025 3052
16025 12162
16025 7348
16025 11153
16025 13843
16025 3165
16025 1211
16025 7678
16025 15939
16025 7436
16025 4583
16025 13512
16025 17673
16025 14924
16025 8894
16026 8971
16027 16258
16036 4344
16037 17400
16044 17861
16044 10262
16044 12330
16044 17415
16047 4819
16048 5631
16054 99
16055 13775
16056 14566
16056 5930
16056 17834
16056 4544
16056 11803
16056 18443
16056 1046
16056 12223
16062 9942
16062 13796
16062 1459
16062 12973
16062 11805
16062 823
16063 15036
16063 17328
16063 262
16063 6788
16063 3364
16063 6570
16063 9419
16063 5063
16063 11548
16063 5176
16063 6261
16063 18184
16063 5081
16063 14818
16063 6676
16065 17521
16075 14735
16075 17472
16075 6201
16075 95
16075 13786
16075 18229
16075 17162
16075 17128
16075 10583
16075 797
16075 4200
16075 8579
16075 12973
16075 4317
16075 9367
16075 18423
16075 17272
16075 13216
16075 10170
16075 11646
16075 16574
16075 12332
16075 17049
16075 3627
16075 8968
16075 17750
16075 2543
16075 6935
16075 8194
16075 9520
16075 17321
16075 1967
16075 8027
16075 6627
16075 11065
16075 7600
16075 4931
16075 6770
16075 17873
16075 18467
16080 12671
16082 13418
16084 16932
16084 10182
16084 6865
16084 17114
16085 18447
16086 8556
16086 1628
16086 11978
16086 5153
16086 12844
16090 2743
16099 13794
16099 16309
16099 13574
16099 1644
16099 10581
16099 2701
16100 9017
16100 5187
16100 17188
16100 395
16100 13760
16100 12944
16100 3704
16101 203
16102 12331
16103 1829
16104 5629
16104 9198
16104 14786
16104 15942
16104 3204
16104 13637
16104 4696
16104 15389
16104 4207
16104 1442
16104 7599
16104 12447
16104 6240
16104 12339
16104 10329
16104 5020
16104 13087
16104 14856
16107 4016
16110 8819
16112 18179
16113 2501
16113 13014
16113 1092
16113 7770
16117 9637
16117 14935
16117 4344
16117 13649
16117 14264
16117 1989
16123 1888
16123 8691
16123 12306
16123 7542
16123 5057
16123 16701
16123 11805
16123 9206
16123 15719
16123 1254
16123 15130
16123 12331
16124 3215
16124 18243
16124 9192
16124 11442
16124 16499
16124 11505
16124 1403
16124 14039
16124 5357
16124 5172
16124 4986
16124 3091
16124 13708
16124 15364
16124 7245
16126 15966
16129 7252
16129 6945
16132 4611
16132 2959
16133 7929
16137 14751
16137 16794
16137 9893
16142 8832
16142 8199
16142 12108
16142 414
16142 11437
16142 13366
16143 5058
16143 14858
16143 16260
16143 15243
16143 11865
16143 15077
16143 10835
16143 14801
16143 4701
16143 4502
16143 3886
16143 6315
16143 15363
16143 1129
16143 3728
16143 12331
16143 7456
16143 4949
16143 10944
16143 11833
16143 17468
16143 5081
16143 9942
16143 294
16143 6156
16143 7542
16143 4970
16143 11626
16143 9282
16143 8311
16143 18239
16143 17937
16143 1915
16143 13415
16143 12011
16143 16636
16143 5214
16143 7827
16143 3364
16143 3059
16143 2188
16143 11805
16143 14991
16143 13015
16143 10893
16143 14376
16143 1219
16143 9269
16143 15187
16143 13006
16143 3656
16143 14415
16143 790
16143 16463
16143 8843
16143 13775
16143 15829
16143 9158
16143 9419
16143 8685
16143 737
16143 3009
16143 15470
16143 6140
16143 14631
16143 11686
16143 10547
16143 11408
16145 149
16146 15818
16146 9589
16149 8739
16167 962
16167 16375
16167 15369
16167 3192
16167 936
16167 5081
16167 6360
16167 11312
16167 17790
16167 9757
16167 14339
16167 256
16167 7431
16167 3630
16167 6979
16167 13277
16167 1389
16167 8530
16167 18416
16167 14591
16167 14823
16167 5832
16168 10663
16168 223
16168 2034
16168 16907
16168 2587
16168 17738
16168 9873
16168 5240
16168 26
16168 15660
16168 1070
16168 12108
16168 1287
16168 9523
16168 17040
16168 5153
16168 3307
16168 9017
16168 7720
16168 2468
16168 11837
16168 17273
16168 13830
16168 5976
16168 7571
16168 14556
16168 10592
16168 13014
16168 3176
16168 3815
16168 8936
16168 2089
16168 3731
16168 16606
16168 18242
16168 13794
16168 12286
16168 16723
16168 2522
16168 15966
16168 885
16168 8091
16168 11309
16168 11755
16168 6641
16168 17521
16168 17744
16168 2104
16168 12660
16168 14880
16168 17666
16168 14396
16168 3076
16168 12284
16168 15356
16168 10670
16168 9198
16168 17947
16169 4408
16177 8463
16177 6408
16177 2034
16183 11159
16183 1915
16184 9942
16186 12157
16188 18243
16188 18337
16188 3301
16188 11738
16188 2408
16188 10079
16188 8329
16188 17187
16188 16356
16188 7087
16188 11322
16188 5308
16188 4542
16188 1363
16188 17305
16188 6650
16188 17150
16188 8037
16188 3662
16188 3286
16188 12541
16188 2636
16188 12852
16190 16825
16190 12051
16190 16826
16193 6881
16198 3944
16199 3337
16199 15205
16202 18181
16202 6888
16202 2594
16202 1263
16202 9942
16202 4430
16202 16618
16202 8691
16202 13006
16202 8235
16202 10735
16202 3059
16202 15184
16202 9880
16202 2728
16202 4672
16202 17184
16202 10944
16202 8327
16202 10643
16202 13905
16202 936
16202 124
16202 6270
16202 17374
16202 11833
16202 3912
16202 11865
16202 7456
16202 5829
16202 7806
16202 10357
16202 1388
16202 14665
16202 6049
16202 1671
16202 5176
16202 7431
16202 14681
16202 13643
16202 5400
16202 7239
16202 14415
16202 3534
16202 5346
16202 4949
16202 530
16202 17467
16202 4562
16202 9106
16202 15896
16202 16248
16202 13775
16202 7827
16202 655
16202 1373
16202 13300
16202 7150
16202 18467
16202 12497
16202 15567
16203 15713
16203 4284
16203 4428
16203 16337
16203 4336
16204 7839
16204 11804
16206 10751
16213 1631
16215 6811
16216 12566
16216 2248
16216 2970
16216 398
16216 15372
16216 9127
16216 8725
16216 6887
16216 15966
16216 18073
16216 14469
16216 17647
16216 5416
16216 12196
16216 962
16216 18100
16216 10580
16216 9017
16216 13505
16216 1141
16216 6024
16216 701
16216 2041
16216 14120
16218 12566
16218 76
16218 13790
16220 14788
16222 13187
16222 6228
16222 6294
16222 7076
16222 4508
16229 17917
16232 9310
16233 17936
16233 1885
16233 5461
16233 121
16233 11674
16233 10722
16233 1126
16233 17114
16233 11296
16233 4860
16233 8719
16233 6558
16233 12220
16233 9198
16233 6231
16233 8613
16233 14698
16233 1490
16233 8936
16233 15565
16233 4583
16233 14749
16233 6240
16233 5010
16233 6694
16233 3731
16233 1153
16233 11554
16233 18215
16233 15967
16233 10656
16233 861
16233 2522
16233 8678
16233 5945
16233 12602
16233 1787
16233 4638
16233 7770
16233 3281
16233 12622
16233 4690
16233 12660
16233 14786
16233 4141
16233 9209
16233 14759
16233 9691
16233 13993
16233 1371
16233 181
16233 17141
16233 11249
16233 1527
16233 5866
16233 12339
16233 10663
16233 5240
16233 2701
16233 5422
16233 14555
16233 11465
16233 10670
16233 470
16233 12090
16233 16348
16233 18244
16233 13014
16233 17275
16233 16070
16233 14885
16233 17673
16233 18100
16233 634
16233 5402
16233 9017
16233 7708
16233 10862
16233 15202
16233 7859
16233 1141
16233 7320
16233 13601
16233 8073
16234 8796
16234 13719
16234 17865
16236 2187
16236 11517
16236 11532
16236 1990
16236 4544
16236 3176
16236 899
16236 9843
16236 8029
16236 15150
16236 1810
16236 7888
16236 4984
16236 17738
16236 6517
16236 861
16236 9038
16236 1923
16236 15315
16236 4769
16236 6801
16236 12069
16236 14137
16236 10663
16236 1679
16236 18464
16236 8570
16238 9824
16239 7655
16248 3903
16252 2741
16252 1263
16252 2799
16252 6788
16252 8555
16252 6049
16252 8255
16252 2811
16252 18391
16252 2997
16252 5925
16252 17173
16252 2874
16252 4167
16252 14299
16252 6810
16252 13233
16252 106
16252 1219
16252 12374
16252 13643
16252 14360
16252 6270
16252 3313
16252 16555
16252 6111
16252 17339
16252 15769
16252 5139
16253 16853
16253 6402
16253 4072
16253 8037
16253 15353
16253 16395
16253 5696
16253 7541
16253 370
16253 8691
16253 701
16254 239
16259 7873
16259 14857
16259 7783
16259 11408
16259 15948
16259 10873
16259 6338
16259 380
16259 4705
16259 5964
16259 3059
16259 10667
16259 17899
16259 14242
16259 11421
16259 15844
16259 4158
16259 7104
16259 702
16259 4961
16259 16604
16259 18391
16259 15813
16259 16174
16259 7298
16259 14123
16259 3207
16260 8691
16260 9811
16260 7620
16260 18391
16260 14692
16260 10178
16260 4949
16260 16248
16260 9603
16260 5678
16260 3073
16260 9282
16260 15914
16260 11410
16260 4085
16260 15816
16260 7839
16260 11833
16260 16576
16260 13722
16260 11246
16260 11418
16260 4345
16260 16555
16260 5075
16261 18151
16261 3692
16261 9952
16261 11312
16261 7990
16261 14603
16261 11536
16261 11805
16261 14823
16261 947
16261 1263
16261 13516
16261 8322
16261 15567
16261 3737
16261 16555
16261 8691
16261 8469
16261 10595
16261 15920
16261 4924
16261 10601
16261 13952
16261 15579
16261 12044
16261 14860
16261 8819
16261 9304
16261 11685
16261 1737
16261 14680
16261 15316
16261 4969
16261 16497
16261 12642
16261 4154
16261 15948
16261 14222
16261 9804
16261 4639
16261 9419
16261 6037
16261 3987
16261 18055
16261 6095
16261 10331
16261 8386
16261 6140
16261 5029
16261 3452
16261 7327
16261 14444
16261 997
16261 16282
16261 11964
16261 13300
16261 17339
16261 8190
16261 5260
16261 18376
16261 7827
16261 9893
16261 9603
16261 6359
16261 6137
16261 9690
16261 12306
16261 12651
16261 18416
16261 15059
16261 16247
16261 16509
16261 12388
16261 2738
16261 6765
16261 10944
16261 2714
16261 2052
16261 11281
16261 5425
16261 2188
16261 3736
16261 18467
16261 8459
16261 3844
16261 9607
16261 7541
16261 16668
16261 905
16261 6007
16261 13796
16261 10854
16262 9893
16262 2345
16266 5701
16266 8388
16266 11837
16266 8904
16266 6817
16266 15867
16266 7578
16266 12051
16266 14663
16266 14556
16266 10437
16266 7306
16266 3667
16266 15585
16266 11713
16266 15756
16266 12668
16266 5873
16266 11327
16266 2903
16266 8861
16266 17579
16266 14504
16266 1550
16266 4601
16268 17791
16268 2246
16268 11418
16268 14415
16268 9539
16280 6272
16281 494
16281 15674
16281 10483
16281 13011
16281 9152
16281 16345
16281 14595
16281 16579
16281 2085
16281 7588
16285 6788
16287 9743
16287 8625
16288 4305
16288 11457
16291 9392
16292 9742
16293 6539
16293 4686
16293 17018
16293 976
16293 11614
16293 6266
16293 13401
16293 10721
16293 7523
16293 17484
16293 13099
16293 2270
16293 2285
16296 17969
16296 4860
16296 17114
16296 446
16296 13661
16298 16731
16298 15499
16303 8739
16303 14569
16304 9502
16304 1499
16305 3493
16305 18062
16305 10627
16311 15073
16315 1141
16320 15316
16320 107
16320 12043
16320 8217
16320 3543
16327 703
16327 7762
16327 8643
16327 12672
16331 18294
16339 11712
16339 4713
16340 446
16340 5461
16340 11423
16340 3136
16345 5629
16345 15771
16345 2945
16345 11802
16345 15333
16346 7748
16346 6448
16346 5040
16346 5874
16346 14698
16347 5638
16347 2569
16348 3176
16348 13014
16348 13505
16348 12176
16348 17521
16351 12586
16351 16463
16353 11039
16359 14863
16359 793
16359 14654
16359 15116
16359 14006
16359 3724
16359 7233
16359 704
16359 3059
16359 6765
16359 11741
16359 4085
16359 15390
16359 9811
16359 10361
16359 16393
16359 16260
16359 15719
16359 16870
16359 5176
16361 12176
16362 15489
16371 2243
16371 9193
16371 11085
16372 962
16373 15315
16373 13814
16373 11465
16373 6325
16373 4869
16373 6466
16373 8345
16373 16387
16373 18215
16373 4652
16373 17744
16373 13031
16373 10078
16373 2620
16373 3815
16373 15749
16373 5865
16373 9179
16374 6873
16374 1763
16375 6815
16377 15073
16380 8796
16380 3992
16381 10276
16381 10788
16382 7827
16382 5557
16382 10433
16382 16014
16383 8023
16383 14537
16383 2125
16383 15159
16383 1219
16383 5264
16383 8499
16383 11865
16383 5377
16383 590
16383 9419
16386 3316
16387 10476
16389 9691
16397 5927
16397 7406
16397 12314
16397 12937
16397 18385
16397 15030
16397 12768
16397 2468
16397 5631
16397 11488
16397 15345
16397 6022
16397 15213
16397 11076
16397 7036
16397 11617
16397 6703
16397 11678
16397 12220
16397 3176
16397 5210
16397 12176
16397 8447
16397 15753
16397 6208
16397 7714
16397 6799
16397 7578
16397 3731
16397 14503
16397 3478
16397 13794
16397 6558
16397 8309
16397 5629
16397 17527
16397 4977
16397 16911
16397 7127
16397 1885
16397 12339
16397 8861
16397 4056
16397 2375
16397 11235
16397 10078
16397 4661
16397 4860
16397 5717
16397 8988
16397 9944
16397 16409
16397 5776
16397 3621
16397 5912
16397 1070
16397 7635
16397 1934
16397 5623
16397 18322
16397 13340
16397 423
16397 4057
16397 17736
16397 8790
16397 17172
16397 8796
16397 12157
16397 4738
16397 4907
16397 5010
16397 671
16397 17141
16397 3564
16397 12108
16397 11294
16397 13031
16397 13014
16397 9378
16397 10663
16397 18369
16397 321
16397 9868
16397 3751
16397 18419
16397 13256
16397 9310
16397 15978
16397 8446
16397 17651
16397 16216
16397 10670
16397 16578
16397 4644
16397 8440
16397 5667
16397 12762
16397 4137
16397 12087
16397 18351
16397 10379
16397 7747
16397 8663
16397 14145
16397 6801
16397 11215
16397 14074
16397 15333
16397 8765
16397 17405
16397 12201
16397 12602
16397 9453
16397 1861
16397 8719
16397 9893
16397 3677
16397 13689
16397 17236
16397 2916
16397 11253
16397 12931
16397 10200
16397 5015
16397 14111
16397 14478
16397 16387
16397 2326
16397 9198
16397 15966
16397 8435
16397 16370
16397 17936
16397 4481
16397 1494
16397 14786
16397 14169
16397 861
16397 8710
16397 12051
16397 277
16397 3307
16397 395
16397 3120
16397 13661
16397 10942
16397 4696
16397 9487
16397 9899
16397 9897
16397 3033
16397 8538
16397 11515
16397 1266
16397 4214
16397 11236
16397 4172
16397 1327
16397 13989
16397 9166
16397 10496
16397 5448
16397 6874
16397 2074
16397 3410
16397 10668
16397 14759
16397 1371
16397 13074
16397 16545
16397 12566
16397 10550
16397 12281
16397 17674
16397 12553
16397 4387
16397 7284
16397 14885
16397 12844
16397 5825
16397 10680
16397 18215
16397 876
16397 17834
16397 16909
16397 17610
16397 234
16397 9392
16397 11170
16397 2153
16397 1631
16397 15366
16397 3117
16397 12241
16397 2351
16397 17973
16397 5167
16397 10089
16397 18216
16397 14064
16397 15477
16397 4323
16397 17824
16397 13159
16397 11116
16397 7501
16397 4335
16397 12804
16397 10952
16397 9753
16397 2367
16397 2928
16397 623
16397 15162
16397 14467
16397 8364
16397 15771
16397 15963
16397 7704
16397 17687
16397 5980
16397 16281
16401 2980
16402 6788
16403 10612
16404 486
16411 11568
16415 4102
16415 6325
16415 3592
16419 11536
16419 7164
16419 619
16419 8882
16421 14169
16421 13148
16421 4275
16421 12051
16421 16360
16421 2587
16421 14108
16421 17855
16421 267
16421 10554
16421 11247
16421 11775
16421 13114
16421 5020
16421 13794
16421 10250
16421 3078
16421 3904
16421 12680
16421 1145
16421 6641
16421 8556
16421 6024
16421 10337
16421 14786
16421 4865
16421 17738
16421 493
16421 11886
16421 3903
16421 15939
16421 3682
16429 4806
16429 4696
16429 5153
16429 5669
16429 6580
16429 17628
16429 12351
16432 4769
16435 15793
16436 10944
16438 7939
16439 18215
16439 4939
16439 9392
16439 14885
16439 15966
16439 6649
16439 12590
16439 16493
16439 4056
16439 13978
16439 1631
16439 8796
16441 5048
16450 15578
16451 14279
16451 11674
16451 15039
16451 10924
16451 8993
16451 4810
16451 13997
16451 6852
16451 51
16451 5136
16452 15265
16454 390
16455 12121
16459 12108
16459 17149
16459 13794
16459 7777
16459 9100
16459 18215
16459 10200
16459 12220
16459 7650
16459 10491
16459 6651
16459 6022
16463 10515
16466 16281
16466 15054
16472 14700
16472 13011
16472 11055
16472 9198
16472 1885
16472 9893
16473 85
16475 940
16476 8985
16476 9988
16476 7359
16476 15703
16476 16673
16476 13566
16476 9357
16476 11861
16476 4781
16476 4913
16480 16342
16483 3731
16483 9868
16483 13159
16483 12259
16483 15075
16483 5825
16483 4583
16483 7603
16483 88
16484 14553
16486 11180
16492 944
16503 14680
16505 8912
16506 18416
16506 4345
16508 7608
16508 3495
16509 2188
16511 8054
16511 16701
16512 6049
16513 6315
16515 15896
16515 14028
16516 5955
16516 15660
16516 18322
16516 13512
16516 14786
16516 8438
16516 3455
16516 8569
16516 13090
16517 3337
16518 4591
16518 4949
16518 13999
16518 15541
16518 4770
16518 11541
16518 5139
16518 4524
16518 11710
16518 7768
16518 11798
16518 15719
16518 6049
16518 3728
16518 9821
16518 13646
16518 6679
16518 9942
16519 5541
16519 264
16519 342
16520 15739
16529 1245
16530 17260
16530 9158
16530 14263
16530 7362
16530 12124
16530 2391
16530 9821
16530 8499
16530 7799
16530 891
16530 6428
16530 12819
16530 18046
16530 823
16530 11548
16530 8338
16530 2135
16530 2052
16530 16193
16530 10990
16530 3134
16530 15989
16530 16620
16530 16667
16530 11312
16530 4170
16530 11907
16530 3018
16530 14659
16530 16576
16530 11635
16530 18391
16533 446
16537 13439
16537 8112
16537 3836
16537 18087
16537 14392
16537 1810
16538 3137
16538 10736
16538 15246
16538 1934
16538 15803
16538 2476
16538 16678
16538 10402
16538 13644
16538 11543
16538 2154
16540 6641
16541 2870
16541 4174
16541 15696
16547 8370
16547 257
16547 6859
16547 735
16547 6976
16547 252
16547 1148
16547 8796
16547 3337
16547 18106
16547 17198
16547 10995
16547 8406
16547 15928
16547 14576
16547 2587
16547 18256
16547 14870
16547 2707
16547 3637
16547 3950
16547 10184
16547 1832
16547 9392
16547 13993
16547 408
16547 10389
16547 9322
16547 12599
16547 11177
16547 2096
16547 12533
16547 2389
16547 5946
16547 4193
16547 10471
16547 5820
16547 17075
16547 18328
16547 12061
16548 16159
16549 6104
16549 12331
16552 5461
16552 2570
16552 3648
16552 3889
16552 11638
16552 14130
16555 9419
16560 11739
16566 17999
16566 9804
16566 1757
16566 15036
16566 13306
16566 1028
16566 6218
16566 9858
16566 6287
16568 4622
16568 1663
16573 8710
16573 15771
16573 15966
16573 3117
16573 4769
16573 7444
16573 4247
16573 5647
16573 12710
16573 17521
16573 17534
16573 17395
16573 18191
16573 14467
16573 6940
16573 13868
16573 8612
16573 9392
16573 7837
16573 9310
16573 5797
16573 5199
16573 8554
16573 18114
16573 13452
16573 7720
16573 12729
16573 6580
16573 11678
16573 14005
16573 14108
16573 10184
16573 1393
16576 11833
16576 8684
16576 15914
16576 12331
16576 16448
16576 16323
16576 10612
16578 6208
16578 12051
16578 1777
16578 7519
16578 16022
16578 1790
16578 9198
16578 11215
16578 11841
16578 12564
16578 8447
16578 9392
16578 1996
16578 500
16578 6940
16578 4806
16578 15810
16578 3165
16578 7287
16578 7626
16579 2183
16579 14350
16579 13880
16579 3272
16579 1885
16579 9198
16579 310
16579 4396
16579 12977
16579 9736
16579 9017
16579 15315
16579 10200
16583 14145
16584 12033
16586 6801
16586 8199
16586 5935
16586 2657
16589 4390
16589 14118
16591 327
16593 5539
16594 8770
16595 1393
16595 13794
16595 13632
16595 6670
16595 3422
16595 6549
16595 6208
16595 6940
16595 4665
16595 14914
16595 5502
16595 18215
16595 3891
16595 18449
16595 3307
16595 7028
16595 15366
16595 4481
16595 3579
16595 3455
16595 6517
16595 18306
16595 5667
16595 18109
16595 5776
16595 16558
16595 4644
16595 8527
16595 4601
16595 5010
16595 13014
16595 15054
16595 17736
16595 3642
16595 142
16595 12946
16595 17854
16595 16825
16595 1631
16595 2449
16595 17673
16595 11011
16595 4014
16595 2506
16595 7635
16595 15966
16595 9127
16595 17744
16595 15963
16595 15791
16608 10498
16615 12642
16621 6289
16622 3584
16628 13402
16628 7431
16628 1888
16628 15719
16628 11805
16628 331
16628 10178
16628 4949
16628 7456
16628 17291
16629 17114
16634 7287
16634 15966
16634 5312
16635 6294
16637 12051
16651 4440
16653 11739
16654 18416
16663 2470
16663 14867
16663 514
16663 10097
16663 8447
16663 15264
16663 3950
16663 446
16663 18244
16668 17043
16670 3240
16670 12586
16670 2160
16673 3680
16674 1420
16678 14419
16678 14026
16678 5988
16678 1456
16678 11827
16678 10826
16678 3455
16678 18300
16678 3520
16678 13566
16678 9742
16678 13950
16678 2476
16678 17123
16678 17206
16678 5776
16678 1525
16679 3731
16682 7635
16682 11674
16682 9147
16682 14556
16682 17215
16682 14786
16682 9776
16682 6240
16682 4682
16682 4665
16682 13794
16682 14467
16682 6616
16682 11713
16682 5776
16685 8182
16687 14032
16687 9741
16687 17521
16687 16671
16687 7460
16687 13053
16687 11837
16687 446
16687 3171
16687 5528
16688 4189
16688 1135
16688 15985
16688 7085
16692 11802
16697 15606
16700 16940
16700 5990
16700 12810
16700 17304
16700 9827
16700 16399
16700 14892
16700 16665
16700 7929
16700 5760
16700 8217
16702 7711
16704 16393
16704 1272
16704 7806
16704 8123
16704 3630
16704 2188
16704 9942
16704 16123
16704 11798
16709 1283
16710 15492
16711 15989
16711 14263
16713 6494
16713 16968
16716 7827
16717 900
16717 4696
16718 1185
16718 3731
16718 15880
16718 1204
16718 293
16718 17424
16718 16731
16718 7272
16718 7170
16718 15978
16718 14077
16718 2587
16718 7747
16719 2188
16722 13671
16722 502
16724 3296
16724 470
16724 7055
16725 13985
16728 10816
16728 7578
16728 468
16728 8996
16728 17279
16728 15162
16728 1511
16728 18099
16728 2827
16728 4147
16728 18300
16728 2146
16728 8010
16728 16281
16731 7720
16732 1269
16735 12847
16737 11833
16737 8268
16737 13389
16741 3071
16743 6473
16748 148
16750 3931
16750 10227
16750 9113
16750 183
16750 7488
16750 2162
16750 10589
16750 18137
16750 7070
16750 9140
16750 11446
16750 15563
16750 16043
16750 11700
16750 5203
16750 16616
16750 15377
16750 6841
16750 2643
16750 4063
16750 271
16750 2298
16750 14801
16750 12191
16750 1046
16750 7839
16750 10295
16750 1019
16750 5384
16750 10458
16750 13558
16750 411
16750 12074
16756 15377
16756 14006
16756 18326
16756 13367
16756 10643
16756 14591
16756 13198
16756 8499
16756 15722
16756 8843
16756 2391
16756 9942
16756 15243
16756 8190
16756 15914
16756 10595
16756 16393
16756 4949
16756 3736
16756 12210
16756 15567
16756 938
16756 13613
16756 9828
16756 11865
16756 6810
16756 7839
16756 1179
16756 13389
16756 9952
16758 7406
16758 8796
16775 1735
16776 18372
16776 7271
16778 11805
16779 9122
16779 13375
16779 17809
16779 18403
16787 9559
16794 12944
16794 17127
16794 9893
16794 4573
16799 14392
16801 3267
16805 6460
16812 2775
16814 14024
16817 701
16817 1179
16817 7150
16817 13300
16817 9419
16817 2190
16817 18103
16817 6788
16817 11805
16817 10797
16817 7456
16817 13006
16817 16821
16817 3304
16817 11804
16817 14537
16817 13542
16817 3242
16817 11814
16817 8028
16817 5525
16817 15655
16818 9303
16818 13897
16818 2183
16818 1971
16818 16241
16818 16834
16818 14436
16818 6178
16818 8796
16818 16890
16818 12249
16818 1742
16818 3419
16818 5951
16818 9530
16818 2219
16818 11911
16818 7501
16821 5755
16821 8555
16821 13643
16821 7431
16821 3886
16821 1263
16821 11542
16821 16576
16821 5413
16821 3242
16821 18026
16821 17027
16821 6447
16821 16359
16821 10497
16821 18165
16821 13775
16821 5525
16821 1331
16823 12965
16823 11568
16825 9899
16826 4696
16828 4411
16831 7827
16832 2980
16833 5456
16834 946
16839 11678
16839 12752
16840 10184
16843 6360
16846 11645
16846 1737
16851 6072
16853 4328
16853 4869
16853 6143
16854 5669
16854 4336
16854 1141
16854 15864
16858 15440
16859 1141
16861 3734
16861 17149
16861 6383
16861 7123
16861 7786
16861 12533
16861 6827
16861 4953
16861 16558
16861 8556
16861 9392
16865 15642
16867 17958
16867 12533
16867 11007
16867 9561
16868 6297
16868 17211
16868 9691
16872 699
16872 11224
16872 6846
16872 10374
16872 3117
16872 14688
16872 9198
16872 17103
16872 15753
16872 18327
16872 2587
16872 8912
16872 11327
16872 10067
16872 8729
16872 9523
16872 11755
16872 15908
16872 1594
16872 5517
16874 5667
16875 502
16881 3904
16881 7005
16886 7939
16886 15992
16886 8816
16890 1151
16892 12533
16893 9634
16899 7433
16901 12613
16901 262
16903 8013
16903 16387
16903 63
16903 9198
16903 16348
16903 8718
16903 7136
16903 18215
16907 7349
16907 13601
16908 17069
16908 7720
16908 308
16908 17908
16908 4773
16909 8812
16910 15185
16914 15137
16914 492
16917 4268
16918 18108
16921 1913
16921 3423
16921 7456
16924 15150
16924 8181
16924 6294
16927 1703
16927 12858
16928 3607
16934 4018
16935 13794
16941 9893
16946 9942
16946 15333
16946 17136
16949 2759
16953 18256
16953 16050
16953 8382
16956 12162
16957 11346
16957 5258
16957 10788
16957 1827
16957 11408
16961 18215
16961 7578
16961 5057
16961 27
16962 10953
16962 3179
16962 18285
16962 6311
16962 3431
16962 11040
16962 12072
16962 4097
16962 5531
16962 7706
16962 2833
16962 13648
16962 2880
16962 18007
16963 4987
16964 14164
16964 14885
16964 17914
16964 4384
16964 17924
16964 6728
16964 2468
16964 1407
16966 12481
16966 15619
16966 12142
16966 5007
16966 6050
16966 16396
16966 6360
16966 525
16973 8413
16973 15448
16973 18215
16973 16136
16973 16098
16973 6887
16973 14145
16974 9868
16977 12201
16977 16474
16977 2367
16977 10713
16977 12523
16979 17175
16979 8546
16979 7662
16979 13496
16979 15987
16982 10944
16985 11837
16985 17337
16990 10854
16993 4307
16993 12461
16993 7712
16993 12475
16993 2081
16994 17283
17001 4121
17001 7519
17001 14060
17001 13445
17009 10612
17013 552
17013 877
17015 5533
17016 7971
17021 13652
17021 5461
17021 4601
17021 14885
17021 11837
17021 12575
17021 11652
17021 12201
17021 3688
17021 7045
17021 6894
17021 1490
17021 16474
17021 12108
17021 11403
17021 2468
17026 15916
17026 13915
17026 6788
17026 15257
17029 5367
17029 9616
17029 5296
17029 15109
17029 10854
17029 13727
17029 10688
17029 11905
17029 9972
17029 3436
17029 3519
17029 9907
17029 7317
17029 1313
17029 12745
17029 8433
17035 8843
17035 13015
17035 3886
17035 9811
17035 12860
17035 9747
17035 13389
17035 14801
17035 4949
17035 3073
17035 11427
17035 11865
17035 16463
17035 5601
17035 11833
17035 2471
17035 405
17035 10643
17035 16618
17035 9942
17035 4744
17035 13999
17035 13006
17035 13296
17035 778
17035 13308
17035 10612
17035 14493
17035 9158
17035 1888
17037 14566
17037 5631
17039 10554
17043 9206
17043 11312
17044 11865
17044 6710
17045 7519
17045 3886
17045 10833
17045 17506
17045 16158
17045 3059
17045 15316
17045 3018
17045 4167
17045 3313
17045 5082
17045 17941
17045 9113
17045 16509
17045 12778
17045 13006
17045 7949
17045 2516
17045 9419
17045 3630
17045 8124
17045 13775
17045 7456
17045 3242
17045 6964
17045 4729
17045 7827
17045 15416
17045 5057
17045 9942
17045 16405
17045 11833
17045 11897
17045 8819
17045 11548
17045 778
17045 4949
17045 5754
17045 5931
17045 6434
17045 16057
17045 17260
17045 4969
17047 11426
17047 16123
17047 12698
17047 11686
17051 13794
17051 9279
17054 17141
17054 1169
17054 6208
17054 5010
17054 10862
17054 9310
17054 18369
17054 4690
17054 12749
17054 13445
17054 14729
17054 4977
17054 2591
17054 4583
17054 5537
17054 12606
17054 3176
17054 1371
17054 13468
17054 18215
17054 14350
17054 1092
17054 1934
17054 9152
17054 10127
17054 15333
17054 14419
17054 15966
17054 8323
17054 14885
17054 6240
17054 17960
17054 1527
17057 17521
17057 13346
17059 2190
17059 11491
17059 8322
17059 9499
17059 16544
17059 10151
17059 14038
17059 6037
17062 4771
17062 3211
17062 6641
17062 4390
17062 16805
17062 2455
17062 13854
17062 9511
17062 2467
17062 4665
17062 8527
17062 15633
17062 16563
17062 14396
17062 6231
17062 13455
17062 1838
17062 7578
17062 1985
17062 12660
17062 15939
17062 3132
17062 2916
17062 3176
17062 5461
17062 446
17062 3337
17062 16292
17062 18328
17062 1185
17062 940
17062 4601
17062 15075
17062 11659
17062 12777
17062 3010
17062 14819
17062 4566
17062 9100
17062 14132
17062 8767
17063 3731
17063 7492
17064 17937
17064 6158
17070 4346
17070 9310
17070 4387
17070 1589
17070 76
17071 6837
17071 8796
17071 4738
17071 121
17071 11761
17071 17149
17071 9017
17072 6815
17075 13950
17075 3235
17075 15756
17075 3323
17075 11055
17075 15966
17075 10842
17075 5866
17075 8556
17075 5873
17075 5387
17075 13943
17075 14334
17075 10195
17075 6118
17075 6558
17075 10020
17075 13031
17084 14419
17084 6208
17088 3544
17088 4601
17088 5422
17088 2326
17088 9198
17088 7929
17088 6325
17088 18268
17088 12977
17088 17037
17089 9927
17090 14475
17090 5461
17092 16260
17092 1020
17092 15078
17092 10893
17092 6339
17092 5029
17092 17818
17092 14025
17101 15073
17103 3176
17109 9153
17109 2245
17114 16539
17114 11329
17114 11215
17114 3078
17114 18073
17114 1126
17114 7720
17114 3165
17114 13340
17114 12660
17115 16019
17115 14358
17115 14750
17115 9883
17115 3932
17115 16655
17115 3234
17115 14024
17115 13014
17115 10826
17115 5776
17117 9155
17117 13180
17119 17937
17121 15977
17121 13661
17127 3000
17127 9893
17127 6788
17129 12044
17129 10854
17129 13852
17129 12776
17129 8758
17135 11597
17144 14814
17144 12132
17144 7618
17144 15479
17146 3534
17147 2183
17148 6049
17148 13593
17149 5461
17151 12043
17151 10515
17151 1748
17151 10827
17151 12328
17151 17339
17151 10765
17151 1214
17154 4620
17154 6241
17160 2902
17165 8037
17167 16689
17167 395
17168 16729
17168 4998
17168 8021
17171 8670
17171 2319
17171 7680
17171 10606
17171 12631
17171 4547
17171 3474
17173 1040
17173 218
17173 982
17183 11626
17183 13775
17185 10287
17185 9035
17185 1456
17185 10787
17185 15366
17185 17521
17185 4769
17185 14036
17185 5461
17185 11895
17185 4285
17185 16702
17185 5138
17185 11727
17185 8898
17185 1920
17185 1727
17185 15445
17185 8709
17185 9868
17185 11138
17189 1158
17189 16618
17192 4319
17194 8208
17195 10777
17195 9794
17197 11515
17197 4620
17197 3307
17197 15366
17197 2153
17197 282
17197 2154
17197 7786
17197 5797
17197 861
17197 4211
17197 17149
17197 7686
17197 10758
17197 7680
17197 5140
17197 17738
17197 15264
17197 13014
17197 17445
17197 6325
17197 9166
17197 13794
17197 16387
17197 18244
17197 17521
17200 13847
17205 2594
17205 8208
17205 5176
17205 17390
17205 16150
17205 8054
17205 2402
17205 6676
17207 8685
17214 10389
17216 17994
17219 542
17219 7869
17219 10033
17219 6904
17222 6777
17226 17506
17229 5920
17230 15617
17230 9151
17230 7011
17231 3630
17231 13658
17231 15711
17231 10271
17231 13775
17231 6031
17235 10686
17235 18401
17236 16348
17236 8988
17236 4419
17236 8675
17236 13682
17236 3176
17236 3458
17236 6294
17236 5873
17236 11488
17236 1592
17236 4918
17236 3755
17236 17695
17236 10613
17236 10264
17236 3982
17236 16539
17236 1781
17236 13077
17236 8362
17236 2376
17236 14749
17236 17521
17236 14145
17236 1838
17236 5647
17236 3165
17236 6240
17236 14566
17239 17573
17239 4335
17239 1145
17239 10222
17239 4840
17239 15333
17239 15366
17239 2188
17239 4625
17240 5525
17242 12662
17249 10984
17249 16383
17249 11833
17249 15915
17251 4818
17252 2950
17254 15784
17254 6214
17256 2636
17256 15338
17256 8316
17258 8040
17258 15713
17258 18215
17258 13671
17258 9310
17258 13271
17258 6097
17258 552
17258 12831
17258 3455
17258 15452
17258 13060
17258 502
17258 2757
17260 7839
17260 9821
17260 4082
17260 18416
17260 8164
17260 5754
17262 13658
17264 16143
17264 14631
17269 1975
17271 514
17271 12533
17273 13853
17273 9868
17273 5830
17275 9691
17278 11805
17278 12331
17278 17184
17278 1254
17278 3551
17278 6676
17278 9506
17278 12846
17278 11246
17278 15719
17279 8013
17279 6325
17279 3056
17279 67
17279 16609
17279 2827
17279 2801
17279 29
17279 2034
17279 14358
17280 16493
17280 8912
17282 9868
17285 4769
17289 16236
17295 18141
17299 10750
17299 11764
17299 10184
17299 1879
17299 6874
17299 17217
17299 7940
17299 10200
17299 3317
17299 17464
17299 4207
17299 4715
17299 11337
17299 10490
17303 15713
17303 14350
17310 16756
17310 8311
17310 8469
17315 7481
17326 10663
17327 15665
17329 18122
17330 10854
17330 13643
17330 7900
17330 1888
17334 1268
17337 7349
17337 2148
17337 8018
17337 4140
17337 16038
17337 9085
17337 3755
17337 17908
17337 239
17337 11156
17337 6801
17337 15029
17337 10250
17337 6846
17337 11713
17337 4601
17337 1278
17337 8476
17337 17521
17337 14005
17337 9198
17337 1787
17338 14517
17338 1126
17338 770
17338 3148
17338 3337
17338 18215
17338 5100
17338 11237
17338 3731
17338 7871
17338 12602
17338 3666
17338 15315
17338 2712
17338 2034
17338 17030
17338 2154
17338 6208
17340 5768
17340 14429
17341 17390
17342 17986
17342 14085
17342 1415
17342 5803
17342 9084
17342 6535
17342 18467
17342 14925
17342 6679
17342 17168
17342 15785
17346 5824
17346 13058
17346 2076
17346 13344
17346 10314
17346 682
17346 14511
17350 17149
17352 8710
17352 5118
17352 3404
17352 8547
17352 8556
17352 12602
17352 4336
17352 12241
17352 3282
17352 17652
17352 18327
17352 8893
17352 2906
17352 4860
17352 9753
17352 17445
17352 4441
17352 4682
17352 10747
17352 14969
17352 5422
17352 10948
17354 2439
17354 4336
17354 1735
17360 15966
17361 6788
17361 599
17361 15721
17361 7410
17361 16975
17361 12305
17361 4345
17361 15667
17361 5868
17361 11805
17361 9811
17361 4101
17361 3364
17361 6447
17361 15192
17361 12043
17361 10310
17361 16752
17361 17468
17362 15036
17362 8230
17362 3549
17362 2430
17362 8693
17362 8038
17362 9760
17362 4400
17362 16876
17362 5587
17368 12129
17369 95
17376 15703
17376 4037
17376 11405
17376 5469
17377 10294
17380 12977
17380 1070
17380 13169
17380 2243
17380 4747
17390 1146
17390 11833
17393 13451
17393 15365
17395 4571
17395 13887
17395 6208
17395 11170
17395 18215
17395 6651
17395 15565
17395 11774
17395 3731
17395 14729
17395 12382
17395 14993
17395 9261
17395 7127
17395 17521
17395 13159
17395 18075
17395 14759
17395 13643
17395 11617
17395 1888
17395 10670
17395 8796
17401 3422
17401 16578
17401 5215
17401 8796
17401 10452
17404 15899
17409 1219
17409 3073
17409 8843
17411 18385
17413 12282
17413 16175
17414 1490
17417 18179
17421 6415
17421 8406
17421 12533
17421 1384
17421 16809
17421 12339
17421 16861
17421 5438
17421 8556
17422 18081
17422 17913
17425 4716
17425 7056
17425 13423
17425 7242
17425 2320
17425 16828
17425 11604
17426 8530
17428 3313
17432 299
17435 16578
17438 5010
17438 27
17440 14378
17440 4764
17440 2804
17441 6813
17441 1491
17441 14336
17441 12683
17441 701
17445 7027
17445 4468
17445 10483
17445 13309
17445 7271
17445 17395
17445 14467
17445 6307
17445 18281
17445 18215
17445 7711
17445 9568
17445 14885
17445 7124
17445 12861
17445 3120
17445 15674
17445 5469
17445 15440
17445 8874
17445 10200
17445 4990
17445 11880
17445 15389
17445 11488
17445 18063
17445 18329
17445 16223
17445 14556
17445 12865
17445 5509
17445 16397
17445 6219
17445 18458
17445 12053
17445 12162
17445 16976
17445 5239
17445 16348
17445 12108
17445 12937
17445 13417
17445 8770
17445 10842
17445 1382
17445 17924
17445 10184
17445 434
17445 6024
17445 12710
17445 16504
17445 6705
17445 4460
17445 7658
17445 6605
17445 17149
17445 16578
17445 6518
17445 3666
17445 6905
17445 16378
17445 15585
17448 10355
17453 9511
17453 17775
17456 6031
17456 15306
17456 10468
17457 2193
17457 15966
17457 14350
17457 13193
17457 12181
17459 12772
17459 13601
17459 12533
17459 9100
17459 12937
17470 5408
17473 9934
17473 284
17474 13643
17478 6360
17483 10497
17485 4690
17486 5365
17487 18135
17487 15944
17491 11660
17491 15213
17491 11488
17491 14569
17491 6297
17491 17206
17494 2997
17494 8525
17494 2188
17494 17986
17494 701
17503 17395
17503 12937
17503 239
17503 5866
17503 13014
17503 14343
17503 18114
17503 14005
17503 10554
17503 8796
17503 6294
17503 4905
17503 2921
17503 6558
17506 15326
17506 124
17506 17199
17506 7931
17510 5609
17512 10292
17515 18446
17515 12330
17515 772
17515 7520
17515 7372
17515 11867
17515 5365
17515 4854
17515 11912
17515 694
17515 12423
17515 13348
17515 7161
17515 3347
17515 2367
17517 12574
17521 15963
17521 12865
17523 18387
17523 3302
17523 16150
17523 8123
17523 13825
17523 15314
17523 2263
17523 5158
17523 4949
17523 7935
17523 7239
17523 7279
17523 8037
17523 14586
17524 4977
17524 6558
17530 16834
17530 13402
17533 10971
17535 3751
17535 6024
17538 2312
17541 7967
17542 1109
17542 5461
17542 4806
17545 8912
17549 14815
17549 4393
17549 4510
17549 36
17549 8128
17551 17855
17551 6589
17551 5010
17551 17521
17554 15073
17555 15671
17555 9113
17556 13696
17558 11211
17558 6821
17559 15948
17560 5460
17560 16599
17560 18134
17560 13411
17560 1656
17562 14052
17564 776
17572 11376
17573 9295
17574 8710
17577 18057
17578 703
17578 6437
17580 9310
17580 6179
17580 11526
17580 8576
17580 17333
17580 9017
17580 12108
17580 13989
17580 13794
17580 6294
17593 8645
17596 2758
17596 11039
17596 6530
17596 9369
17596 9136
17596 3944
17596 9481
17596 14873
17597 8882
17597 5057
17597 13542
17601 5461
17601 4769
17601 6179
17601 8293
17601 5020
17601 17598
17601 12865
17601 5776
17601 3117
17601 17364
17601 12910
17601 541
17601 6053
17601 4620
17601 6493
17601 1112
17601 12051
17601 4869
17601 12329
17601 11488
17601 7422
17601 6974
17601 414
17601 7656
17601 3784
17601 4535
17601 5322
17601 9550
17601 17947
17601 1597
17601 16489
17601 9081
17601 2420
17601 4184
17601 11987
17601 8630
17601 10103
17601 10554
17609 9824
17611 8595
17611 17766
17611 7201
17611 10477
17611 12830
17615 7746
17615 16915
17615 15713
17615 8548
17624 17747
17628 7720
17631 2301
17631 668
17631 7711
17631 10403
17631 12549
17632 3196
17633 2187
17635 4562
17636 17266
17636 4637
17636 41
17636 16720
17636 11263
17636 1006
17636 15586
17636 17182
17636 17897
17636 749
17636 11873
17637 14897
17637 867
17637 8190
17637 15747
17637 8429
17637 16496
17637 4949
17637 6049
17637 16359
17637 11833
17637 9342
17637 17506
17637 13643
17637 9893
17637 13963
17637 701
17637 1263
17641 3641
17641 10834
17641 15564
17641 4141
17641 3064
17641 1490
17641 15713
17641 15495
17641 16443
17641 4654
17641 7342
17641 9962
17641 2034
17641 6755
17641 6558
17641 10334
17641 14890
17641 4291
17641 8767
17641 15866
17641 4880
17641 2166
17641 446
17641 12583
17641 121
17641 2739
17641 8790
17641 13794
17643 5566
17643 6720
17643 1463
17643 13516
17643 14631
17643 4175
17643 13725
17646 14455
17648 14467
17648 566
17651 6378
17651 1787
17651 5461
17651 18215
17651 4738
17651 17628
17651 12351
17651 3440
17651 14220
17651 17325
17651 17673
17651 8719
17651 8694
17651 15978
17651 6297
17651 5153
17651 6093
17651 15534
17651 16429
17651 14485
17651 14082
17651 12176
17651 7747
17651 9198
17651 17395
17651 5416
17651 15880
17652 16913
17652 11755
17653 15538
17653 17405
17653 5240
17653 6443
17653 668
17653 13656
17653 2468
17653 17744
17653 18192
17654 13300
17656 12249
17658 1467
17658 1582
17660 12298
17660 13814
17660 15975
17665 11112
17665 9789
17665 5256
17665 16756
17665 980
17665 18416
17665 3716
17665 218
17665 12442
17665 8190
17665 10833
17665 1915
17665 11447
17665 16555
17665 1156
17665 5501
17665 16654
17665 14692
17667 2781
17667 2243
17668 15078
17668 6570
17669 4865
17671 1371
17671 9198
17671 340
17671 12268
17673 5153
17673 12176
17673 7720
17673 14786
17673 4806
17673 17521
17673 1126
17673 6297
17673 12660
17673 9691
17673 10591
17673 601
17673 16991
17673 16742
17673 12172
17673 7030
17673 152
17673 1694
17673 4211
17673 7770
17673 18159
17673 13014
17673 9392
17673 3176
17673 14356
17673 6517
17673 11837
17673 13978
17673 12777
17673 12937
17673 6940
17673 16136
17673 8796
17673 3076
17673 9346
17673 10918
17673 15713
17673 17824
17673 17424
17673 372
17673 5416
17673 6641
17673 9198
17673 8614
17673 4644
17673 7000
17673 16502
17673 17594
17673 1084
17673 15075
17673 10085
17673 9826
17674 1393
17674 10402
17674 14600
17674 6846
17674 14249
17674 15054
17674 1746
17674 3521
17674 17521
17676 5635
17676 4467
17676 16607
17677 3083
17681 16337
17682 3551
17682 5057
17685 3059
17685 4097
17685 6360
17685 3087
17685 9800
17687 18448
17687 6859
17691 13487
17693 13402
17701 7939
17701 9038
17701 14817
17701 11170
17703 13662
17703 12797
17705 6213
17705 13388
17705 4676
17709 6049
17709 6788
17709 8691
17709 8510
17710 14145
17710 125
17710 514
17710 1235
17710 12711
17710 9392
17715 10196
17716 5636
17725 16738
17725 15064
17725 9489
17726 17141
17729 3296
17729 14218
17738 2243
17738 9843
17738 16281
17738 11296
17738 10078
17738 5119
17738 9432
17746 7071
17746 1349
17746 13775
17746 14801
17746 9942
17746 10643
17746 6402
17746 3742
17746 9419
17746 13308
17749 13300
17749 5948
17749 15312
17749 4970
17749 9697
17749 13560
17749 7684
17749 13055
17749 1149
17749 6087
17749 10535
17749 14424
17749 12296
17752 7946
17753 243
17757 7979
17757 16413
17757 4949
17759 3734
17761 8951
17763 3115
17763 790
17765 5461
17765 4141
17771 7839
17773 7519
17773 4486
17773 372
17773 12339
17773 17125
17773 13470
17773 13943
17773 5461
17773 11215
17773 2903
17775 4676
17775 11170
17778 11408
17778 7282
17778 4639
17778 3635
17778 13643
17778 864
17778 11696
17778 6437
17778 8579
17778 6647
17778 10854
17779 2034
17779 277
17779 0
17779 12533
17779 12339
17779 3631
17780 2506
17780 10524
17780 1070
17781 12777
17781 9377
17781 13092
17785 15500
17786 16603
17786 6325
17788 10854
17789 10893
17789 14309
17793 8996
17793 2801
17793 11261
17793 6325
17793 12858
17793 4583
17798 2537
17798 15896
17798 6033
17798 294
17798 14461
17798 8573
17798 5926
17798 17498
17798 8924
17798 6205
17798 15420
17798 11079
17798 15046
17798 14737
17798 2873
17798 3003
17798 18219
17798 12218
17798 6983
17798 16221
17798 4836
17798 7345
17798 13907
17798 16189
17798 638
17798 16693
17798 4818
17798 852
17798 14603
17798 7461
17798 6016
17798 3155
17798 3140
17798 4281
17798 1458
17798 14281
17798 15924
17798 1808
17798 3430
17798 12508
17798 3077
17798 15480
17798 16625
17798 17977
17798 8155
17798 16933
17798 11798
17798 1176
17798 13219
17798 8429
17798 5366
17798 16828
17798 9494
17798 16980
17798 16365
17798 8691
17798 2052
17798 5661
17798 8595
17798 820
17798 4949
17798 11364
17798 9888
17798 15737
17798 1105
17798 6737
17798 4671
17798 2255
17798 6907
17798 2188
17798 17304
17798 9725
17798 126
17798 3826
17798 15934
17798 17637
17798 11095
17798 10755
17798 6825
17798 18155
17798 18059
17798 16194
17798 18346
17798 10047
17798 7327
17798 5057
17798 18391
17798 6225
17798 14643
17798 11310
17798 5831
17798 12276
17798 17321
17798 17143
17798 5842
17798 6366
17798 16083
17798 10447
17798 10944
17798 444
17798 11689
17798 2802
17798 12605
17798 2028
17798 18200
17798 13039
17798 9975
17798 16201
17798 5443
17798 918
17798 11318
17798 15609
17798 6886
17798 17500
17798 3443
17798 15450
17798 11409
17798 1097
17798 17991
17798 12881
17798 2399
17798 3655
17798 18387
17798 3135
17798 1321
17798 4063
17798 10561
17798 9944
17798 5267
17798 949
17798 6608
17798 12114
17798 3313
17801 3732
17807 7166
17807 7224
17807 5214
17807 2130
17810 5016
17810 11408
17810 10512
17810 7556
17817 14969
17819 13344
17819 17108
17819 7841
17819 18414
17819 8015
17819 12103
17819 7600
17819 5832
17819 12254
17819 18352
17819 18390
17819 8429
17819 10525
17819 3616
17819 14063
17819 1529
17821 8123
17823 9588
17823 6280
17823 6478
17823 4814
17827 16578
17827 17960
17827 15713
17830 262
17830 247
17830 13775
17830 8190
17830 17310
17830 7633
17830 15078
17830 2188
17830 11833
17831 6848
17833 18114
17834 5153
17834 9147
17834 3295
17835 8889
17837 4865
17837 10078
17837 16387
17837 1787
17837 5873
17837 12461
17837 2779
17837 5240
17837 9908
17837 1371
17837 12631
17837 2286
17837 8613
17837 17936
17837 4665
17837 4583
17837 7994
17837 15333
17837 2692
17837 6573
17837 13445
17837 13901
17837 9456
17837 16539
17837 8556
17837 5010
17837 9487
17837 17521
17837 16578
17837 17206
17837 3176
17837 7635
17837 7406
17837 12660
17837 6163
17837 15440
17837 4601
17837 15366
17837 12533
17837 9826
17837 14865
17837 4738
17837 9750
17837 13031
17837 8796
17837 6893
17837 12176
17837 5717
17837 2468
17841 8422
17841 17278
17841 18368
17841 10619
17841 18411
17841 18460
17841 701
17842 17538
17844 13300
17846 668
17847 7986
17848 3701
17850 7208
17850 11741
17850 12377
17850 11865
17850 7515
17850 15948
17850 17529
17850 11548
17850 9942
17852 18088
17852 17818
17852 758
17852 1541
17852 9282
17852 6437
17852 8841
17852 5634
17855 9502
17855 1070
17855 17958
17855 14169
17855 12533
17855 14872
17855 131
17856 5797
17856 6687
17856 8447
17856 6940
17856 8710
17856 7005
17856 13278
17856 10671
17856 8804
17856 12777
17856 2916
17856 11465
17856 8796
17856 10483
17856 2815
17856 9424
17856 4254
17856 14144
17856 1631
17856 12067
17856 15365
17856 8013
17856 7456
17860 9777
17860 6079
17860 14084
17860 8726
17860 12051
17860 1121
17860 11010
17860 18215
17862 15277
17862 10782
17862 9789
17862 11180
17862 13906
17862 8346
17862 16701
17862 12965
17862 1928
17867 1769
17875 14692
17878 10200
17878 3708
17878 4250
17878 16407
17878 12631
17878 17945
17878 16926
17881 11753
17881 16861
17881 18300
17883 12306
17883 15080
17883 5230
17885 10020
17885 8447
17885 17958
17885 8832
17885 13456
17885 17220
17885 3337
17885 1550
17885 9027
17885 3667
17887 11082
17889 18181
17890 7349
17890 3120
17893 3388
17894 1340
17894 7720
17894 14729
17894 18306
17894 12220
17894 17521
17894 5643
17894 14885
17894 13689
17894 6503
17894 11515
17894 9751
17894 8010
17894 7939
17894 18215
17894 13159
17894 8719
17894 13794
17894 1735
17894 5416
17894 1885
17894 4460
17894 8798
17894 15210
17894 4441
17894 5461
17894 17673
17894 13090
17894 11342
17894 8195
17894 7271
17894 3650
17894 18100
17894 6925
17894 14750
17894 7746
17894 1203
17894 8796
17894 8435
17894 16849
17894 17734
17894 12223
17894 4869
17894 2601
17894 3564
17894 14539
17894 7456
17896 4977
17896 13450
17898 5461
17906 374
17907 17768
17908 16429
17908 18242
17908 4696
17908 17141
17908 5153
17908 17521
17908 8839
17908 3176
17908 16858
17908 6297
17908 9883
17908 13014
17908 15565
17908 4860
17912 11456
17914 11170
17914 12533
17914 10722
17916 18215
17917 12249
17917 80
17917 10497
17917 11702
17918 9198
17921 5679
17922 14658
17922 7913
17922 8602
17922 12397
17922 9367
17928 17744
17928 7578
17930 6874
17931 7650
17931 6203
17932 5377
17932 6473
17935 10248
17935 3337
17935 16372
17935 10333
17935 16774
17935 4690
17935 15966
17936 18215
17936 1084
17936 18191
17936 4956
17936 2193
17936 2950
17936 18256
17936 5776
17936 17156
17936 13880
17936 11554
17936 16281
17936 4544
17936 17687
17936 6641
17936 1787
17936 12134
17936 4622
17936 12051
17936 10329
17936 18192
17936 4062
17936 17895
17936 8117
17936 8528
17936 10729
17936 4124
17936 2327
17936 7588
17936 13782
17936 10722
17937 13146
17937 9942
17937 11865
17938 4390
17938 514
17941 12210
17941 18391
17942 12122
17942 3670
17942 16134
17942 14059
17942 12621
17942 15154
17942 7841
17942 3280
17944 2326
17946 5214
17946 12808
17946 1968
17949 3071
17949 4573
17949 13740
17950 18448
17950 6814
17950 5240
17950 4387
17951 7621
17951 9511
17951 17093
17951 6973
17951 1126
17951 247
17951 17023
17951 16354
17951 11839
17951 5599
17951 8882
17951 6515
17951 16701
17951 18403
17954 6240
17954 2864
17954 12952
17954 17520
17954 14671
17954 14306
17954 8796
17954 15150
17954 13011
17954 4878
17954 11232
17954 5502
17954 427
17954 18114
17954 10729
17954 4590
17954 9548
17954 13901
17954 7729
17954 7406
17954 7225
17954 17895
17954 4056
17954 1393
17954 6196
17954 1773
17954 4696
17954 12931
17954 5085
17954 7585
17954 7770
17954 4644
17954 5667
17958 1499
17958 2864
17958 9502
17958 10479
17958 15992
17958 14556
17958 12533
17958 13830
17964 14610
17964 7145
17964 9633
17965 2362
17967 13698
17967 5568
17967 14851
17967 229
17967 13196
17967 10797
17967 7583
17967 10331
17967 3692
17967 18131
17967 10854
17967 7500
17967 11481
17967 9282
17968 1299
17968 9866
17968 17153
17974 15790
17975 2633
17981 9135
17981 12868
17985 18190
17985 14345
17985 5631
17988 668
17989 2468
17990 12586
17993 1089
17994 12676
17994 4815
17996 14969
17996 14436
17998 17673
17998 13887
17998 8796
17998 6297
18000 6549
18000 7881
18000 4601
18000 9198
18000 16348
18000 17337
18000 4939
18000 4336
18000 9310
18000 15966
18000 197
18000 6325
18000 511
18000 2657
18000 5416
18001 3648
18001 4141
18001 5416
18001 8530
18001 8518
18001 8710
18001 14885
18001 1885
18001 13887
18001 18309
18001 12051
18001 10972
18001 14419
18001 6580
18007 1303
18008 9942
18008 12316
18008 17180
18008 18238
18010 6162
18010 4951
18010 668
18012 11889
18013 11643
18013 1246
18013 3079
18013 4136
18013 5461
18013 13164
18013 2154
18013 10554
18013 17141
18013 7690
18013 8162
18013 15146
18013 13501
18013 18407
18013 3666
18013 5327
18013 8694
18018 18324
18020 17613
18020 6841
18021 13014
18021 8658
18021 1148
18021 14005
18021 11674
18021 5153
18021 15032
18021 13468
18021 2883
18021 3120
18021 6580
18021 1473
18021 10942
18021 9807
18021 16579
18021 6670
18021 571
18027 8896
18027 997
18027 17746
18027 3777
18029 5897
18030 1796
18030 5760
18031 4408
18032 10606
18032 5351
18036 3100
18038 12624
18040 15883
18040 12570
18040 2468
18042 10655
18042 11728
18043 14028
18045 9419
18045 4391
18045 9979
18045 17720
18045 14994
18045 2328
18045 13427
18045 16647
18045 4922
18045 15650
18045 2051
18045 3248
18045 11030
18045 5029
18045 1087
18047 4345
18049 5408
18050 2587
18050 15963
18050 15333
18050 7030
18050 4211
18051 11900
18058 14146
18058 2494
18059 8926
18061 9293
18061 14823
18061 7501
18061 3630
18061 4167
18061 12577
18061 2399
18061 18387
18061 3787
18061 7233
18061 2857
18061 15600
18061 16624
18061 8190
18061 10063
18061 6315
18061 11805
18061 1263
18064 15837
18064 2675
18064 5461
18064 5389
18064 16050
18064 17812
18064 17429
18064 16702
18064 616
18064 9568
18064 18245
18064 9742
18064 3648
18064 18306
18064 10020
18064 5797
18064 15371
18064 11532
18064 668
18064 3993
18064 13077
18064 15075
18064 11526
18064 15966
18064 14142
18064 139
18064 12051
18064 2187
18064 10582
18064 6887
18064 1126
18064 11334
18064 14556
18064 10776
18064 4959
18064 273
18064 3076
18064 18215
18064 15084
18064 17706
18064 16890
18065 737
18067 18018
18067 16701
18067 8322
18067 8164
18083 13014
18083 11294
18083 5461
18083 6053
18091 17510
18091 7459
18091 1355
18091 15276
18091 6049
18093 10291
18099 2448
18099 13052
18099 3648
18099 18281
18099 14880
18099 4994
18099 15966
18099 14679
18099 12464
18099 18300
18099 16498
18099 9234
18099 14566
18099 8678
18099 17149
18099 16768
18099 1550
18099 1222
18099 10739
18099 8658
18099 15162
18099 3909
18099 6963
18099 3165
18099 10663
18099 7005
18099 8556
18099 5193
18099 18126
18099 13381
18099 16236
18099 17829
18099 11434
18099 192
18099 13417
18099 8835
18099 17048
18099 8996
18099 10405
18099 18374
18099 5087
18099 11031
18099 5239
18099 4141
18099 14168
18099 8096
18099 1885
18099 14613
18099 2614
18099 8735
18099 17096
18099 8964
18099 8873
18099 8710
18099 7135
18099 16034
18099 15967
18099 10078
18099 240
18099 4241
18099 446
18099 12220
18099 912
18099 11138
18099 8675
18099 5629
18099 4197
18099 10962
18099 2813
18099 10647
18099 16961
18099 2740
18099 11837
18099 3885
18099 16230
18099 2196
18099 10216
18099 9868
18099 16614
18099 8018
18099 7407
18099 4481
18099 18306
18099 13682
18099 9179
18099 18242
18099 924
18099 8570
18099 1698
18099 15714
18099 3351
18099 13993
18099 5460
18099 6325
18099 5866
18099 1686
18099 3126
18099 5329
18099 7746
18099 3521
18099 12162
18099 8079
18099 2468
18099 12602
18099 3865
18099 11109
18099 9038
18099 931
18099 12047
18099 1371
18099 9243
18099 12749
18099 6952
18099 7656
18099 13794
18099 4535
18099 7015
18099 4869
18099 5851
18099 9523
18099 470
18099 4320
18099 15992
18099 12440
18099 14005
18099 1735
18099 13340
18099 10418
18099 5717
18099 11982
18099 17236
18099 14636
18099 16563
18099 1070
18099 10114
18099 2886
18099 16663
18099 4645
18099 14729
18099 12108
18099 13225
18099 15805
18099 1585
18099 4860
18099 1092
18099 5825
18099 7887
18099 3176
18099 12566
18099 7179
18099 7770
18099 3747
18099 8718
18099 27
18099 1790
18099 9674
18099 212
18099 18327
18099 3677
18099 5010
18099 3146
18099 14479
18099 3564
18099 12461
18099 14911
18099 4583
18099 14137
18099 3687
18099 17521
18099 11317
18099 2458
18099 8009
18099 4984
18099 18215
18099 6163
18099 6240
18099 14467
18099 4757
18099 10716
18099 8435
18099 12977
18099 9266
18099 7711
18099 12269
18099 4714
18099 11674
18099 11165
18099 5776
18099 11864
18099 17575
18099 4944
18099 1694
18099 11012
18099 1535
18099 7146
18099 13283
18099 4738
18099 6093
18099 14811
18099 3734
18099 20
18099 17738
18099 9100
18099 13014
18099 4017
18099 9166
18099 3056
18099 12575
18099 17353
18099 3307
18099 2903
18099 7519
18099 1934
18099 16281
18099 13431
18099 9241
18099 15871
18099 6134
18099 17320
18099 11339
18099 2219
18099 6799
18099 15122
18099 16070
18099 2449
18099 8796
18099 9911
18099 18230
18099 6223
18099 2826
18099 1431
18099 8528
18099 571
18099 12176
18099 12511
18099 10623
18099 14819
18099 13607
18099 3603
18099 885
18099 4451
18099 4387
18099 2762
18099 13211
18099 18347
18099 16649
18099 6493
18099 11678
18099 15641
18099 9776
18099 15389
18099 3815
18099 17141
18099 8719
18099 8548
18099 9198
18099 1351
18099 9310
18099 500
18099 3925
18099 7127
18099 12956
18099 6546
18099 15749
18099 15733
18099 16527
18099 5669
18099 4851
18099 13847
18099 6303
18099 13475
18099 17358
18099 3327
18099 10617
18099 5631
18099 10865
18099 8013
18099 14298
18099 933
18099 17537
18099 14859
18099 14060
18099 9534
18099 4644
18099 13141
18099 12339
18099 3117
18099 16938
18099 4335
18099 277
18099 9017
18099 662
18099 1141
18099 6940
18099 14145
18099 4168
18099 4139
18099 9475
18099 634
18099 18100
18099 4465
18099 15674
18099 9511
18099 5538
18099 16141
18099 5469
18099 6966
18099 9651
18099 8702
18099 395
18099 11170
18099 11590
18099 13572
18099 12134
18099 2089
18099 13175
18099 11296
18099 7133
18099 2701
18099 9279
18099 5046
18099 1252
18099 2648
18099 16387
18099 6905
18099 9346
18099 18019
18099 10242
18099 15500
18099 6593
18099 12858
18099 1335
18099 7635
18099 7479
18099 13689
18099 12105
18099 17687
18099 16397
18099 12637
18099 10538
18099 16853
18099 3033
18099 5797
18099 18329
18099 8755
18099 8936
18099 2506
18099 11578
18099 9843
18099 3422
18099 5186
18099 16303
18099 15064
18099 8297
18099 7578
18099 9059
18099 7922
18099 784
18099 11449
18099 3120
18099 1327
18106 2864
18107 4472
18108 16918
18108 12732
18110 16008
18110 1735
18110 17155
18110 5313
18110 12108
18110 13855
18110 668
18110 11518
18110 2809
18110 6571
18110 17521
18110 9279
18110 7770
18110 17454
18110 18250
18110 13851
18110 9469
18110 6654
18110 18132
18110 6735
18110 15633
18110 13501
18110 12180
18110 8009
18110 8463
18110 16427
18110 9513
18110 12937
18110 7016
18110 18327
18110 11678
18112 7827
18112 1304
18112 11805
18112 11741
18114 5153
18114 4601
18114 6213
18114 1393
18114 6240
18114 5362
18114 4481
18114 13847
18114 12440
18114 4747
18114 1763
18114 7746
18114 16578
18114 6294
18114 15150
18114 17141
18114 10670
18114 13901
18114 2587
18114 4977
18114 8702
18114 12937
18114 6262
18114 8812
18114 11304
18114 10496
18114 1700
18114 2921
18114 10200
18114 18329
18114 12133
18114 6443
18114 67
18114 6153
18114 1769
18114 12944
18114 17445
18114 12948
18114 8735
18114 6383
18114 10050
18114 1420
18114 7406
18114 7213
18114 6418
18114 18281
18114 4071
18114 9026
18114 5071
18114 2438
18114 8362
18114 16804
18114 4544
18114 12552
18114 6853
18114 18327
18114 12339
18114 10077
18114 12768
18114 3648
18114 14350
18114 4644
18114 6651
18114 18215
18114 15505
18114 10402
18114 3148
18114 13340
18114 13014
18114 17914
18114 6694
18114 13095
18114 18448
18114 13943
18114 514
18114 14475
18114 11850
18114 18371
18114 5631
18114 5010
18114 13880
18114 12977
18114 8796
18115 459
18115 3953
18115 7176
18119 5531
18122 5832
18122 3018
18122 12043
18128 7150
18129 17445
18133 4116
18137 13468
18137 12110
18137 15173
18139 16578
18139 11987
18139 7603
18139 18215
18139 12948
18139 14598
18139 15749
18139 4481
18139 716
18139 13880
18139 14382
18139 4865
18139 5020
18139 15150
18139 3992
18139 14729
18139 17627
18139 834
18139 15315
18139 14595
18139 2468
18139 1269
18139 494
18139 15714
18139 2540
18139 2187
18139 5010
18139 15362
18139 4335
18139 9179
18139 11917
18139 10379
18139 17936
18139 11097
18139 2506
18139 12858
18139 10670
18139 3982
18139 6325
18139 3165
18139 13995
18139 16721
18139 14561
18139 11309
18139 12148
18139 17521
18139 4682
18139 5537
18139 10078
18139 14907
18139 18179
18139 8323
18139 18062
18139 17738
18139 13847
18139 15614
18139 15389
18139 2037
18139 1825
18139 3734
18139 13782
18139 1971
18139 1838
18139 27
18139 4869
18139 15190
18139 940
18139 14306
18139 6928
18139 12108
18139 12201
18139 14978
18139 11019
18139 8318
18139 4918
18139 2436
18139 14144
18139 12910
18139 2034
18139 4247
18139 17206
18139 6213
18139 12051
18140 16757
18146 7343
18149 5246
18149 10503
18149 8710
18149 13256
18149 668
18149 12196
18149 11805
18149 7994
18149 1393
18149 10261
18149 7358
18149 13468
18149 16999
18149 6940
18149 17111
18149 8667
18149 6392
18149 9198
18149 15067
18149 3520
18149 5416
18149 14551
18150 12321
18150 17801
18150 5010
18151 15455
18151 11447
18151 4146
18151 16014
18151 2188
18151 3742
18151 7902
18151 17345
18151 4949
18151 11805
18151 3736
18154 15073
18163 16114
18163 8951
18163 14089
18163 4012
18163 11861
18163 18451
18168 2383
18168 16241
18168 13098
18168 17831
18168 4699
18168 11017
18168 2390
18169 6049
18173 4091
18173 18316
18173 9691
18173 13053
18173 7055
18173 145
18180 7413
18187 8073
18187 18192
18188 3798
18188 2205
18188 16344
18192 15264
18192 1694
18192 11678
18192 9511
18196 16348
18198 4104
18198 15264
18198 16822
18198 3648
18198 2888
18198 1505
18198 2034
18198 8004
18198 12329
18198 13794
18198 17521
18198 9372
18198 10405
18198 7977
18198 17861
18198 14108
18198 7578
18198 3521
18198 6920
18198 1351
18198 1325
18198 5836
18198 16834
18198 9873
18198 16348
18198 634
18198 13014
18198 8062
18198 9198
18198 6940
18198 2476
18198 4396
18201 13344
18214 15173
18214 15182
18215 9307
18215 3521
18215 3281
18215 10050
18218 3944
18224 15143
18224 16393
18231 8060
18236 3078
18240 14220
18240 6093
18240 16408
18240 6295
18244 5046
18244 4172
18244 11097
18244 15333
18244 395
18244 12341
18244 4601
18244 10077
18244 13014
18244 885
18244 5348
18244 12479
18244 2476
18244 1371
18244 5837
18244 5733
18244 18073
18244 3834
18244 16578
18244 3602
18245 14793
18245 470
18246 11048
18247 8523
18247 8509
18248 6644
18251 11803
18253 4390
18256 257
18257 2383
18257 2864
18257 9483
18257 18191
18258 15372
18261 398
18261 15270
18262 8556
18264 13897
18264 11344
18264 9636
18265 3242
18266 16806
18266 10184
18266 16233
18266 4535
18271 5387
18271 15225
18271 1625
18271 5291
18271 476
18271 11803
18271 7469
18271 15993
18271 4824
18271 4583
18271 7745
18271 18033
18271 5215
18271 11216
18272 10309
18274 6087
18279 27
18279 5589
18279 5971
18279 13014
18279 18198
18279 17794
18279 8096
18279 6801
18279 11097
18280 3055
18280 9919
18280 8068
18280 5768
18280 4345
18280 13026
18280 10612
18280 8164
18280 1915
18280 15696
18280 14025
18280 7327
18280 10797
18280 17092
18284 5512
18284 3681
18284 8123
18286 7620
18286 10417
18286 6520
18286 1263
18286 13006
18286 3051
18287 4949
18287 3059
18287 11865
18287 2308
18287 8208
18289 6788
18289 10854
18289 9952
18289 11865
18289 10178
18289 17390
18289 16821
18289 12692
18289 15855
18289 8483
18289 790
18289 10612
18289 5057
18289 6473
18289 8217
18289 14606
18289 8037
18289 12331
18289 16618
18289 5829
18289 13402
18289 16393
18289 1011
18289 4167
18289 12776
18289 7684
18289 14444
18289 16934
18289 701
18289 6888
18289 305
18289 6423
18289 3813
18289 4949
18289 12044
18289 3313
18289 2306
18289 2909
18289 12392
18289 5213
18289 9419
18289 331
18289 8819
18289 18111
18289 16576
18289 17184
18289 3055
18289 3015
18289 2997
18289 7154
18289 5425
18289 16359
18289 15719
18289 1819
18289 14415
18289 18391
18289 10601
18289 3522
18289 17330
18289 15571
18289 15116
18289 6026
18289 15059
18289 6049
18289 5403
18289 3341
18291 15051
18297 4774
18297 4573
18297 6766
18297 6137
18297 16408
18297 15271
18297 16936
18298 13023
18298 15073
18304 4300
18306 16539
18306 18215
18306 10078
18306 1735
18306 5692
18306 531
18306 11674
18306 885
18306 13077
18306 14750
18310 9257
18314 12937
18314 2034
18317 14220
18318 17445
18319 13053
18319 16021
18319 18215
18319 15674
18319 15732
18319 4608
18321 4949
18329 16281
18329 2929
18329 11817
18329 17736
18329 7241
18329 12244
18329 4665
18329 6675
18329 13445
18330 14146
18334 9198
18334 10582
18335 5979
18342 11239
18343 9582
18344 571
18347 17278
18354 6940
18356 10790
18362 3313
18364 8008
18366 321
18367 3703
18367 17283
18367 17960
18367 17527
18367 2649
18367 4172
18369 7171
18369 12447
18370 446
18370 1664
18370 18082
18370 12399
18370 10598
18371 2562
18375 11180
18375 12072
18382 4419
18382 2329
18382 8556
18382 9234
18382 11974
18382 1378
18382 4056
18382 2652
18382 15682
18382 15539
18382 2497
18382 12937
18382 11917
18382 4583
18382 6651
18382 15333
18382 5010
18382 12051
18382 10085
18382 10200
18382 14750
18382 12220
18382 5217
18382 4939
18384 2169
18384 13504
18384 17423
18384 6066
18386 13643
18390 15990
18390 16795
18390 17404
18390 14643
18390 7600
18390 6745
18390 17340
18390 17205
18390 12103
18390 5944
18390 13476
18390 5056
18390 15748
18390 9599
18390 10880
18390 34
18390 7827
18390 6881
18390 10991
18390 13102
18390 3059
18390 14063
18390 6676
18390 8773
18390 5889
18390 13387
18390 9256
18390 14767
18390 11156
18390 8429
18390 1026
18390 13862
18395 18215
18395 6153
18396 11120
18397 9310
18397 11837
18397 4622
18397 14306
18397 5083
18397 1070
18397 10842
18397 6514
18397 1735
18397 7789
18397 11170
18397 8907
18397 14118
18397 18251
18397 14419
18397 11565
18397 16872
18397 5461
18397 10348
18397 12202
18397 16502
18397 9900
18397 7274
18397 6890
18398 15713
18398 6900
18406 14146
18409 8001
18409 3191
18409 1971
18409 6468
18411 8208
18412 4407
18412 4374
18416 17184
18416 3009
18416 17043
18416 10854
18416 2402
18416 4744
18416 17494
18416 3737
18416 5678
18416 16014
18416 11805
18416 11548
18416 10534
18416 10595
18416 11833
18416 13006
18416 8691
18416 2980
18416 5453
18416 590
18416 725
18416 17466
18416 16260
18416 10797
18416 5058
18416 6049
18416 5091
18416 15948
18416 1263
18416 2201
18416 15779
18416 15722
18416 6037
18416 3341
18416 7917
18416 1887
18416 11804
18416 11770
18416 7327
18416 8427
18416 4403
18416 7239
18416 13775
18416 9032
18416 15526
18416 7621
18416 10039
18416 4146
18416 7499
18416 997
18416 13242
18416 12295
18416 14360
18416 2732
18416 14444
18416 8649
18416 15316
18416 18131
18417 10779
18422 6049
18424 8096
18426 3120
18426 9893
18426 3734
18426 5631
18426 7058
18426 6443
18426 15246
18426 7472
18427 5253
18428 5343
18430 13279
18430 8659
18433 10704
18433 11865
18436 4709
18436 4949
18445 4676
18445 5277
18445 9843
18445 14077
18445 14786
18448 14756
18448 6510
18448 18215
18452 8311
18456 5500
18456 18348
18456 12586
18456 4949
18456 6026
18457 59
18459 17149
18460 2285
18460 15633
18462 3504
18462 6224
18462 7714
18462 4495
18462 2864
18462 18448
18462 15966
18462 5010
18462 5416
18462 17936
18462 2932
18462 15246
18462 11278
18462 69
18462 12602
18462 10329
18462 18033
18462 10340
18462 7429
18462 4638
18462 18369
18462 4481
18462 7650
18462 10068
18462 14556
18462 18382
18462 15028
18462 1535
18462 14786
18462 14392
18462 4105
18462 8013
18462 5629
18462 5005
18462 18372
18462 12729
18464 16747
18464 18066
18464 234
18467 13233
18467 10827
18467 698
18467 15506
18467 18416
18468 6049
18468 17506
18468 1491
18468 10189
18468 10854
18468 17092
18468 4964
18468 6360
18468 15243
18468 1398
18468 8339
